品种代码	品种名称	盈利数	总次数	胜率(%)	手续费(元)	净利润(元)	收益率(%)	年化收益率(%)	相对收益率α/β(%)	最大回撤(元)	最大回撤比(%)
------	综合统计	2110	2685	78.58	2386115.12	401656308.43	7.69	0.46	4.32/-15.57	162589.19	16.26
300163	先锋新材	1	1	100.00	1867.67	3558352.58	355.84	22.63	311.47/332.57	0.00	0.00
002494	华斯股份	3	4	75.00	10372.24	3136550.60	313.66	19.70	228.34/290.39	289377.25	7.65
300185	通裕重工	3	5	60.00	10096.26	3088975.78	308.90	19.83	148.60/285.63	114964.25	3.86
603366	日出东方	1	1	100.00	1710.08	3033224.67	303.32	21.10	286.38/280.06	0.00	0.00
300171	东富龙	2	2	100.00	4266.75	2733148.22	273.31	17.44	199.06/250.05	0.00	0.00
002682	龙洲股份	2	3	66.00	7371.37	2599986.85	260.00	18.16	206.22/236.74	222567.75	5.82
002096	易普力	3	3	100.00	4446.88	2082227.74	208.22	12.43	90.40/184.96	0.00	0.00
002406	远东传动	3	3	100.00	4971.77	2037325.98	203.73	12.44	97.18/180.47	0.00	0.00
002026	山东威达	4	4	100.00	5943.08	1918797.17	191.88	11.46	92.38/168.62	0.00	0.00
600827	百联股份	2	2	100.00	2253.53	1858295.09	185.83	11.09	141.19/162.57	0.00	0.00
300220	金运激光	2	2	100.00	2257.13	1719203.11	171.92	11.19	125.59/148.66	0.00	0.00
601777	千里科技	2	2	100.00	3153.92	1668846.95	166.88	10.52	101.77/143.62	0.00	0.00
300355	蒙草生态	1	1	100.00	1300.62	1668750.26	166.88	11.90	148.68/143.61	0.00	0.00
000716	黑芝麻	2	2	100.00	2624.97	1619996.46	162.00	9.67	92.01/138.74	0.00	0.00
002277	友阿股份	2	2	100.00	2124.21	1559840.53	155.98	9.31	128.69/132.72	0.00	0.00
002350	北京科锐	3	3	100.00	4239.33	1552953.93	155.30	9.32	52.01/132.03	0.00	0.00
000421	南京公用	2	2	100.00	2399.67	1552701.14	155.27	9.27	88.71/132.01	0.00	0.00
002125	湘潭电化	1	1	100.00	1260.05	1533590.32	153.36	9.16	108.83/130.10	0.00	0.00
300174	元力股份	2	2	100.00	2990.94	1526626.72	152.66	9.74	123.13/129.40	0.00	0.00
002140	东华科技	3	4	75.00	5022.55	1497041.20	149.70	8.94	106.90/126.44	70047.75	3.92
000037	深南电A	1	1	100.00	1241.09	1470403.91	147.04	8.78	130.38/123.78	0.00	0.00
300404	博济医药	2	3	66.00	4936.10	1466850.61	146.69	12.81	132.19/123.42	211026.75	8.73
601890	亚星锚链	2	2	100.00	2374.27	1463457.54	146.35	9.28	88.57/123.08	0.00	0.00
002820	桂发祥	3	3	100.00	3096.65	1457133.07	145.71	14.75	89.43/122.45	0.00	0.00
002670	国盛证券	1	1	100.00	1219.30	1397781.45	139.78	9.66	138.80/116.52	0.00	0.00
002208	合肥城建	1	1	100.00	1215.11	1383831.14	138.38	8.26	111.67/115.12	0.00	0.00
000795	英洛华	2	2	100.00	2219.05	1374250.48	137.43	8.20	102.42/114.16	0.00	0.00
300127	银河磁体	3	3	100.00	3058.27	1373354.10	137.34	8.60	107.58/114.07	0.00	0.00
300405	科隆股份	3	3	100.00	3473.10	1372271.81	137.23	11.51	103.03/113.96	0.00	0.00
002480	新筑股份	2	2	100.00	2889.29	1303129.92	130.31	8.13	83.88/107.05	0.00	0.00
300536	农尚环境	1	2	50.00	1950.65	1298760.85	129.88	12.94	123.08/106.61	48471.31	4.85
002403	爱仕达	2	3	66.00	2805.37	1295357.61	129.54	7.90	112.77/106.27	6309.94	0.63
600719	大连热电	2	2	100.00	2499.31	1264896.81	126.49	7.55	93.34/103.23	0.00	0.00
002099	海翔药业	2	2	100.00	2899.84	1260785.49	126.08	7.53	93.33/102.82	0.00	0.00
300234	开尔新材	2	2	100.00	2564.00	1244330.00	124.43	8.14	74.19/101.17	0.00	0.00
600726	华电能源	1	1	100.00	1164.47	1215068.91	121.51	7.25	112.35/98.24	0.00	0.00
300189	神农种业	2	2	100.00	2326.46	1211734.70	121.17	7.79	65.06/97.91	0.00	0.00
300340	科恒股份	2	2	100.00	2812.36	1209096.17	120.91	8.52	65.42/97.65	0.00	0.00
000731	四川美丰	3	3	100.00	3948.19	1172993.90	117.30	7.00	54.53/94.04	0.00	0.00
600117	西宁特钢	1	1	100.00	1148.05	1160375.20	116.04	6.93	82.01/92.77	0.00	0.00
300042	朗科科技	1	2	50.00	1931.77	1143898.20	114.39	6.83	129.24/91.13	13966.19	1.40
300600	国瑞科技	3	3	100.00	4135.08	1143782.03	114.38	11.81	77.18/91.12	0.00	0.00
002398	垒知集团	2	2	100.00	2288.66	1142325.44	114.23	6.96	41.95/90.97	0.00	0.00
603598	引力传媒	1	1	100.00	1136.93	1123295.57	112.33	9.89	110.71/89.07	0.00	0.00
002671	龙泉股份	4	4	100.00	4797.76	1111519.61	111.15	7.70	19.62/87.89	0.00	0.00
300121	阳谷华泰	1	1	100.00	1132.71	1109243.17	110.92	6.91	78.59/87.66	0.00	0.00
002322	理工能科	1	1	100.00	1132.03	1106969.34	110.70	6.61	90.19/87.43	0.00	0.00
002265	建设工业	3	3	100.00	3754.91	1094342.20	109.43	6.53	47.82/86.17	0.00	0.00
600206	有研新材	1	1	100.00	1128.04	1093664.84	109.37	6.53	94.25/86.10	0.00	0.00
000868	安凯客车	1	1	100.00	1120.86	1069766.26	106.98	6.39	69.71/83.71	0.00	0.00
300579	数字认证	1	1	100.00	1110.06	1033768.88	103.38	10.57	85.04/80.11	0.00	0.00
000524	岭南控股	2	2	100.00	1973.50	1008241.93	100.82	6.02	83.50/77.56	0.00	0.00
600072	中船科技	1	1	100.00	1100.26	1001095.31	100.11	5.98	81.96/76.85	0.00	0.00
002151	北斗星通	2	2	100.00	2606.06	999285.47	99.93	5.97	85.63/76.67	0.00	0.00
002067	景兴纸业	2	3	66.00	3604.94	997857.55	99.79	5.96	41.86/76.52	6065.00	0.39
300669	沪宁股份	3	3	100.00	3008.27	980920.10	98.09	10.59	49.96/74.83	0.00	0.00
300278	华昌达	1	1	100.00	1091.79	972861.59	97.29	6.57	83.80/74.02	0.00	0.00
000672	上峰材料	1	1	100.00	1089.99	966877.82	96.69	7.19	78.54/73.43	0.00	0.00
300110	华仁药业	2	2	100.00	2442.48	959554.65	95.96	5.96	74.84/72.69	0.00	0.00
300002	神州泰岳	2	2	100.00	2236.94	959052.65	95.91	5.73	75.70/72.64	0.00	0.00
000563	陕国投Ａ	1	1	100.00	1085.11	950629.64	95.06	5.68	82.83/71.80	0.00	0.00
002377	国创高新	2	2	100.00	2082.26	946326.99	94.63	5.72	42.50/71.37	0.00	0.00
002133	广宇集团	2	3	66.00	4085.77	945703.81	94.57	5.65	38.56/71.31	48559.75	2.43
300527	中船应急	1	1	100.00	1078.38	928202.05	92.82	9.13	74.67/69.56	0.00	0.00
603656	泰禾智能	1	1	100.00	1074.38	914871.62	91.49	9.59	73.24/68.22	0.00	0.00
000972	中基健康	2	2	100.00	2346.26	910717.27	91.07	5.44	37.84/67.81	0.00	0.00
600279	重庆港	2	3	66.00	3371.09	895776.69	89.58	5.35	54.94/66.31	49261.63	3.36
002677	浙江美大	1	2	50.00	2612.38	895712.19	89.57	6.24	74.93/66.31	34369.38	1.78
300137	先河环保	3	3	100.00	3386.91	891803.71	89.18	5.60	54.65/65.92	0.00	0.00
300694	蠡湖股份	1	3	33.00	3447.30	888931.91	88.89	11.16	97.95/65.63	112287.00	5.61
002162	悦心健康	3	3	100.00	3918.69	887840.46	88.78	5.30	49.47/65.52	0.00	0.00
002892	科力尔	1	2	50.00	2573.71	884440.61	88.44	9.69	67.56/65.18	1508.00	0.08
000573	粤宏远Ａ	3	3	100.00	3441.84	878292.21	87.83	5.24	43.50/64.57	0.00	0.00
600860	京城股份	2	2	100.00	2399.70	873666.45	87.37	5.22	58.24/64.10	0.00	0.00
002246	北化股份	2	2	100.00	2182.00	864171.09	86.42	5.16	29.12/63.15	0.00	0.00
002849	威星智能	2	2	100.00	1910.77	863305.35	86.33	8.97	63.95/63.07	0.00	0.00
300402	宝色股份	3	3	100.00	3315.39	859873.78	85.99	7.18	59.13/62.72	0.00	0.00
300427	红相股份	2	2	100.00	2029.92	852969.05	85.30	7.34	61.73/62.03	0.00	0.00
603101	汇嘉时代	1	1	100.00	1053.67	845833.58	84.58	8.12	72.37/61.32	0.00	0.00
002307	北新路桥	2	4	50.00	4232.24	841374.04	84.14	5.02	45.03/60.87	18966.81	1.90
000599	青岛双星	2	2	100.00	2374.91	834505.28	83.45	4.98	45.80/60.19	0.00	0.00
002765	蓝黛科技	2	3	66.00	2653.02	833724.11	83.37	7.37	68.79/60.11	44847.75	4.48
688181	八亿时空	1	1	100.00	1049.78	832916.34	83.29	12.36	77.54/60.03	0.00	0.00
601116	三江购物	2	2	100.00	2192.17	827150.70	82.72	5.30	28.30/59.45	0.00	0.00
002734	利民股份	3	3	100.00	3674.99	826394.24	82.64	7.07	50.70/59.38	0.00	0.00
600488	津药药业	3	3	100.00	3608.53	822757.57	82.28	4.91	16.16/59.01	0.00	0.00
600506	统一股份	2	2	100.00	2214.39	803316.02	80.33	4.80	27.86/57.07	0.00	0.00
300539	横河精密	2	3	66.00	2825.99	802663.66	80.27	7.95	61.58/57.00	68474.19	6.85
300421	力星股份	2	2	100.00	2282.48	797904.21	79.79	6.86	60.34/56.53	0.00	0.00
000756	新华制药	1	1	100.00	1037.83	793081.92	79.31	4.73	50.56/56.05	0.00	0.00
300255	常山药业	1	1	100.00	1036.47	788521.72	78.85	5.21	64.50/55.59	0.00	0.00
300201	海伦哲	2	3	66.00	2705.43	786955.91	78.70	5.08	74.90/55.43	11349.69	1.08
600969	郴电国际	2	3	66.00	3559.41	773224.82	77.32	4.62	26.78/54.06	7070.75	0.40
601789	宁波建工	2	2	100.00	2117.91	773046.87	77.30	5.11	46.10/54.04	0.00	0.00
002314	南山控股	1	2	50.00	2455.66	768369.68	76.84	4.59	50.86/53.57	13536.88	0.76
000605	渤海股份	1	1	100.00	1029.84	766441.47	76.64	4.58	71.04/53.38	0.00	0.00
600178	东安动力	1	1	100.00	1028.90	763294.73	76.33	4.56	76.95/53.07	0.00	0.00
600300	维维股份	3	5	60.00	5547.36	760861.09	76.09	4.54	15.05/52.82	48741.00	4.87
300006	莱美药业	1	2	50.00	1794.53	757986.95	75.80	4.53	68.07/52.54	40767.63	4.08
000420	吉林化纤	2	2	100.00	2069.19	756992.66	75.70	4.52	20.03/52.44	0.00	0.00
002165	红 宝 丽	2	2	100.00	2027.39	754100.64	75.41	4.50	25.36/52.15	0.00	0.00
000962	东方钽业	3	3	100.00	3057.70	750628.63	75.06	4.48	16.27/51.80	0.00	0.00
300040	九洲集团	2	2	100.00	2367.14	745708.33	74.57	4.45	48.16/51.31	0.00	0.00
600764	中国海防	2	2	100.00	2062.40	740541.35	74.05	4.42	48.46/50.79	0.00	0.00
002853	皮阿诺	2	2	100.00	1919.36	737815.44	73.78	7.71	40.48/50.52	0.00	0.00
300135	宝利国际	2	4	50.00	3420.77	735780.54	73.58	4.62	70.25/50.32	61975.13	6.20
300621	维业股份	2	2	100.00	1882.44	730909.82	73.09	7.65	42.37/49.83	0.00	0.00
000973	佛塑科技	1	2	50.00	1802.88	729952.00	73.00	4.36	70.75/49.73	19811.81	1.98
300305	裕兴股份	1	1	100.00	1018.72	729383.97	72.94	5.02	44.42/49.68	0.00	0.00
300598	诚迈科技	1	1	100.00	1016.31	721370.12	72.14	7.44	54.10/48.87	0.00	0.00
000557	西部创业	2	2	100.00	2047.20	721169.89	72.12	4.31	39.86/48.85	0.00	0.00
002107	沃华医药	2	2	100.00	2108.94	716213.37	71.62	4.28	28.76/48.36	0.00	0.00
002278	神开股份	4	4	100.00	4239.18	716005.59	71.60	4.27	5.07/48.34	0.00	0.00
002842	翔鹭钨业	4	4	100.00	4228.81	714963.43	71.50	7.37	27.25/48.23	0.00	0.00
000929	兰州黄河	2	2	100.00	2035.19	707893.71	70.79	4.23	36.62/47.53	0.00	0.00
002487	大金重工	1	1	100.00	1009.49	698636.95	69.86	4.37	43.20/46.60	0.00	0.00
603116	红蜻蜓	1	1	100.00	1009.33	698107.73	69.81	6.20	52.94/46.55	0.00	0.00
600868	梅雁吉祥	2	2	100.00	2082.95	692065.58	69.21	4.13	32.00/45.94	0.00	0.00
300190	维尔利	2	2	100.00	2087.95	681746.73	68.17	4.38	49.28/44.91	0.00	0.00
002253	川大智胜	2	2	100.00	1805.70	673684.69	67.37	4.02	59.30/44.11	0.00	0.00
002197	证通电子	2	2	100.00	2053.77	673170.38	67.32	4.02	47.99/44.05	0.00	0.00
600602	云赛智联	1	2	50.00	1746.95	667415.04	66.74	3.98	59.59/43.48	66273.81	6.63
000993	闽东电力	2	3	66.00	3516.66	651151.21	65.12	3.89	50.27/41.85	1260.75	0.08
300154	瑞凌股份	2	3	66.00	2965.94	645849.57	64.58	4.10	13.99/41.32	51382.75	4.08
300240	飞力达	2	3	66.00	3568.92	645308.97	64.53	4.23	51.20/41.27	46050.38	2.82
300314	戴维医疗	1	1	100.00	990.22	634416.34	63.44	4.40	28.07/40.18	0.00	0.00
000156	华数传媒	2	2	100.00	2139.11	626164.19	62.62	4.48	22.73/39.35	0.00	0.00
300062	中能电气	3	3	100.00	3220.18	625516.50	62.55	3.78	6.56/39.29	0.00	0.00
002164	宁波东力	1	1	100.00	986.89	623333.11	62.33	3.72	63.08/39.07	0.00	0.00
600834	XD申通地	2	2	100.00	2149.74	623159.63	62.32	3.72	13.48/39.05	0.00	0.00
300267	尔康制药	3	4	75.00	4112.24	617875.90	61.79	4.11	12.32/38.52	4463.25	0.33
000589	贵州轮胎	2	2	100.00	2136.81	617081.43	61.71	3.68	18.09/38.45	0.00	0.00
300888	稳健医疗	1	1	100.00	984.02	613769.91	61.38	10.16	50.52/38.11	0.00	0.00
002802	洪汇新材	3	3	100.00	2737.95	612732.02	61.27	5.97	45.83/38.01	0.00	0.00
300692	中赋科技	2	2	100.00	1976.19	610683.10	61.07	6.70	34.63/37.81	0.00	0.00
301032	新柴股份	1	1	100.00	981.83	606465.29	60.65	11.67	44.10/37.38	0.00	0.00
000030	富奥股份	2	2	100.00	2198.52	603193.33	60.32	3.60	40.70/37.06	0.00	0.00
300004	南风股份	1	1	100.00	980.20	601041.92	60.10	3.59	39.72/36.84	0.00	0.00
600722	金牛化工	2	2	100.00	2064.59	600991.46	60.10	3.59	21.43/36.84	0.00	0.00
300581	晨曦航空	2	2	100.00	1908.56	599549.60	59.95	6.12	29.52/36.69	0.00	0.00
002809	红墙股份	2	2	100.00	2032.88	597068.30	59.71	5.90	19.56/36.44	0.00	0.00
000788	北大医药	2	2	100.00	2158.39	595271.40	59.53	3.55	32.95/36.26	0.00	0.00
300103	达刚控股	2	2	100.00	2154.05	590715.68	59.07	3.66	41.27/35.81	0.00	0.00
002878	元隆雅图	1	1	100.00	974.57	582259.49	58.23	6.24	59.29/34.96	0.00	0.00
300656	民德电子	2	2	100.00	1840.99	581971.53	58.20	6.21	35.75/34.93	0.00	0.00
688195	腾景科技	1	1	100.00	974.47	581965.21	58.20	10.54	53.95/34.93	0.00	0.00
002054	德美化工	2	3	66.00	3196.16	569938.86	56.99	3.40	14.50/33.73	47341.75	3.35
600854	春兰股份	2	2	100.00	2062.41	566917.42	56.69	3.38	11.64/33.43	0.00	0.00
002065	东华软件	1	1	100.00	969.88	566646.12	56.66	3.38	47.56/33.40	0.00	0.00
300611	美力科技	3	3	100.00	2897.14	566395.49	56.64	5.89	29.63/33.38	0.00	0.00
300303	聚飞光电	2	2	100.00	2159.31	562867.48	56.29	3.87	37.64/33.02	0.00	0.00
300246	宝莱特	3	3	100.00	3172.29	556871.64	55.69	3.66	29.85/32.42	0.00	0.00
600980	北矿科技	3	3	100.00	2908.11	549356.11	54.94	3.28	21.92/31.67	0.00	0.00
000518	四环生物	1	1	100.00	963.77	546273.29	54.63	3.26	47.48/31.36	0.00	0.00
300681	英搏尔	2	3	66.00	2536.18	541765.90	54.18	5.89	52.74/30.91	48236.63	4.79
603416	信捷电气	2	2	100.00	2010.73	537095.80	53.71	5.49	22.34/30.45	0.00	0.00
002787	华源控股	1	1	100.00	960.71	536083.72	53.61	4.98	38.44/30.35	0.00	0.00
600531	豫光金铅	1	1	100.00	960.61	535747.45	53.57	3.20	48.54/30.31	0.00	0.00
600798	宁波海运	3	3	100.00	3089.50	530596.32	53.06	3.17	28.05/29.80	0.00	0.00
300599	雄塑科技	1	1	100.00	957.95	526888.36	52.69	5.44	34.05/29.43	0.00	0.00
002851	麦格米特	1	1	100.00	957.50	525402.68	52.54	5.49	31.76/29.28	0.00	0.00
600664	哈药股份	1	1	100.00	957.33	524820.42	52.48	3.13	32.73/29.22	0.00	0.00
300261	雅本化学	1	1	100.00	957.24	524513.45	52.45	3.48	32.06/29.19	0.00	0.00
000856	冀东装备	1	2	50.00	2221.08	524345.79	52.43	3.13	29.73/29.17	55834.38	3.53
300399	天利科技	2	2	100.00	2060.07	518303.40	51.83	4.33	42.03/28.57	0.00	0.00
002296	辉煌科技	2	2	100.00	1982.19	518096.15	51.81	3.09	17.64/28.55	0.00	0.00
002295	精艺股份	2	2	100.00	1808.40	517125.82	51.71	3.09	32.56/28.45	0.00	0.00
300640	德艺文创	2	2	100.00	1982.08	516774.26	51.68	5.46	17.48/28.41	0.00	0.00
600425	青松建化	1	2	50.00	1732.36	515530.98	51.55	3.08	45.62/28.29	27542.19	2.75
301068	大地海洋	1	1	100.00	953.98	513660.02	51.37	10.25	44.33/28.10	0.00	0.00
300876	蒙泰高新	1	2	50.00	1729.79	512703.70	51.27	8.39	42.79/28.01	29681.38	2.97
688077	大地熊	1	1	100.00	953.31	511454.87	51.15	8.25	44.61/27.88	0.00	0.00
600375	汉马科技	1	1	100.00	952.92	510125.95	51.01	3.05	43.74/27.75	0.00	0.00
300195	长荣股份	2	2	100.00	1891.35	505870.93	50.59	3.26	21.79/27.32	0.00	0.00
000739	普洛药业	1	1	100.00	951.40	505055.41	50.51	3.02	12.30/27.24	0.00	0.00
002201	九鼎新材	2	2	100.00	2021.44	502901.16	50.29	3.00	36.76/27.03	0.00	0.00
600613	神奇制药	2	2	100.00	1856.95	502465.57	50.25	3.00	27.55/26.98	0.00	0.00
603655	朗博科技	1	1	100.00	950.07	500621.75	50.06	5.71	34.05/26.80	0.00	0.00
000905	厦门港务	2	2	100.00	2006.43	500070.51	50.01	2.99	22.23/26.74	0.00	0.00
000021	深科技	1	1	100.00	949.81	499752.25	49.98	2.98	30.33/26.71	0.00	0.00
002391	长青股份	2	2	100.00	2058.37	498455.64	49.85	3.03	11.68/26.58	0.00	0.00
300229	拓尔思	2	2	100.00	1940.66	497605.40	49.76	3.25	33.26/26.50	0.00	0.00
002559	亚威股份	2	2	100.00	1869.69	494508.37	49.45	3.17	32.29/26.19	0.00	0.00
000407	胜利股份	2	2	100.00	1891.10	493580.14	49.36	2.95	19.72/26.10	0.00	0.00
300683	海特生物	3	3	100.00	2820.88	493499.83	49.35	5.39	22.70/26.09	0.00	0.00
300675	建科院	2	3	66.00	2895.43	491596.46	49.16	5.34	27.84/25.90	20533.88	1.67
600496	精工钢构	2	2	100.00	1899.03	489708.72	48.97	2.92	15.78/25.71	0.00	0.00
002363	隆基机械	3	3	100.00	2845.78	486582.12	48.66	2.93	6.14/25.40	0.00	0.00
000950	重药控股	2	2	100.00	1973.75	486219.70	48.62	2.90	27.85/25.36	0.00	0.00
002046	国机精工	2	2	100.00	2028.27	483940.98	48.39	2.89	23.50/25.13	0.00	0.00
000554	泰山石油	2	2	100.00	1969.07	481770.64	48.18	2.88	17.94/24.91	0.00	0.00
002553	南方精工	1	1	100.00	944.11	480754.64	48.08	3.08	37.99/24.81	0.00	0.00
600075	新疆天业	2	2	100.00	1990.39	479927.33	47.99	2.87	24.81/24.73	0.00	0.00
300218	安利股份	3	4	75.00	4141.90	476048.98	47.60	3.09	17.81/24.34	15250.00	1.02
601689	拓普集团	1	1	100.00	942.60	475709.72	47.57	4.12	35.30/24.31	0.00	0.00
002144	宏达高科	2	3	66.00	2787.17	475016.93	47.50	2.84	14.81/24.24	8662.25	0.75
002805	丰元股份	1	1	100.00	942.17	474294.58	47.43	4.63	39.49/24.17	0.00	0.00
002516	旷达科技	2	2	100.00	1846.88	473388.92	47.34	2.99	27.10/24.08	0.00	0.00
300065	海兰信	1	1	100.00	941.25	471241.18	47.12	2.85	47.98/23.86	0.00	0.00
300461	田中精机	2	2	100.00	1801.18	470252.14	47.03	4.13	49.82/23.76	0.00	0.00
600712	南宁百货	1	1	100.00	940.80	469723.23	46.97	2.80	35.66/23.71	0.00	0.00
002478	常宝股份	1	3	33.00	3401.38	467403.38	46.74	2.91	22.04/23.48	134893.38	8.42
300440	运达科技	2	2	100.00	1934.45	467293.10	46.73	4.08	27.31/23.47	0.00	0.00
300291	百纳千成	2	2	100.00	1924.14	464585.63	46.46	3.17	19.27/23.20	0.00	0.00
300252	金信诺	3	4	75.00	3397.37	458662.45	45.87	3.03	58.72/22.60	41056.63	4.11
600865	百大集团	2	2	100.00	1773.32	457960.55	45.80	2.73	44.55/22.53	0.00	0.00
600257	大湖股份	3	3	100.00	2775.52	457351.80	45.74	2.73	14.25/22.47	0.00	0.00
300034	钢研高纳	1	1	100.00	937.08	457317.02	45.73	2.73	22.12/22.47	0.00	0.00
002159	三特索道	1	2	50.00	2117.46	455447.86	45.54	2.72	47.86/22.28	21040.38	1.43
002651	利君股份	2	2	100.00	1872.97	454100.95	45.41	3.08	27.41/22.15	0.00	0.00
300557	理工光科	2	2	100.00	1882.50	450330.61	45.03	4.54	24.62/21.77	0.00	0.00
000970	中科三环	2	2	100.00	1860.75	447615.24	44.76	2.67	20.12/21.50	0.00	0.00
002863	今飞凯达	1	3	33.00	2886.54	447610.21	44.76	4.73	55.31/21.50	51534.69	5.15
002918	蒙娜丽莎	1	1	100.00	933.76	446272.36	44.63	5.08	27.91/21.36	0.00	0.00
300214	日科化学	1	4	25.00	4560.95	446080.09	44.61	2.90	23.36/21.35	117213.38	7.50
300403	汉宇集团	2	2	100.00	1881.28	446021.44	44.60	3.74	22.36/21.34	0.00	0.00
002900	哈三联	2	2	100.00	1869.79	444773.39	44.48	4.93	14.81/21.21	0.00	0.00
603001	奥康国际	2	2	100.00	1841.43	443997.46	44.40	3.07	21.34/21.14	0.00	0.00
300354	东华测试	1	1	100.00	932.81	443096.82	44.31	3.16	44.70/21.05	0.00	0.00
300535	达威股份	2	2	100.00	1856.79	442780.99	44.28	4.36	30.70/21.02	0.00	0.00
600560	金自天正	2	2	100.00	1889.42	439922.61	43.99	2.63	8.65/20.73	0.00	0.00
301365	矩阵股份	1	1	100.00	931.39	438382.36	43.84	11.36	30.01/20.58	0.00	0.00
002725	跃岭股份	1	1	100.00	930.67	435983.23	43.60	3.44	36.55/20.34	0.00	0.00
002695	煌上煌	2	2	100.00	1903.93	434689.37	43.47	3.09	11.26/20.21	0.00	0.00
301121	紫建电子	1	1	100.00	930.20	434443.64	43.44	10.47	39.19/20.18	0.00	0.00
300380	安硕信息	1	1	100.00	929.83	433198.23	43.32	3.42	33.85/20.06	0.00	0.00
301303	真兰仪表	1	1	100.00	929.80	433074.42	43.31	11.98	28.12/20.04	0.00	0.00
600716	凤凰股份	1	2	50.00	1694.88	431690.16	43.17	2.58	24.15/19.91	42942.56	4.29
600996	贵广网络	1	1	100.00	928.68	429329.35	42.93	4.39	33.29/19.67	0.00	0.00
600628	新世界	1	1	100.00	928.67	429299.39	42.93	2.56	23.79/19.67	0.00	0.00
300572	安车检测	1	1	100.00	928.17	427646.15	42.76	4.35	35.17/19.50	0.00	0.00
002009	天奇股份	2	2	100.00	1992.80	426670.60	42.67	2.55	18.38/19.40	0.00	0.00
002045	国光电器	2	2	100.00	1815.47	420854.78	42.09	2.51	7.51/18.82	0.00	0.00
300203	聚光科技	1	1	100.00	925.94	420229.12	42.02	2.72	32.41/18.76	0.00	0.00
603023	威帝股份	1	1	100.00	925.77	419655.88	41.97	3.70	30.61/18.70	0.00	0.00
300381	溢多利	3	6	50.00	6050.18	418972.76	41.90	3.30	19.48/18.63	63341.63	4.27
603139	康惠股份	2	2	100.00	1776.69	417726.00	41.77	4.42	23.97/18.51	0.00	0.00
300523	辰安科技	1	1	100.00	925.12	417520.88	41.75	4.10	35.21/18.49	0.00	0.00
002204	大连重工	2	2	100.00	1952.64	416141.28	41.61	2.48	22.88/18.35	0.00	0.00
002239	奥特佳	2	2	100.00	1879.76	414926.08	41.49	2.48	15.41/18.23	0.00	0.00
002167	东方锆业	1	1	100.00	923.75	412929.40	41.29	2.47	43.18/18.03	0.00	0.00
600127	金健米业	2	2	100.00	1928.99	412819.26	41.28	2.46	3.45/18.02	0.00	0.00
301322	绿通科技	1	1	100.00	923.58	412390.20	41.24	11.53	22.59/17.98	0.00	0.00
600345	长江通信	1	2	50.00	2104.94	412115.44	41.21	2.46	29.39/17.95	64993.38	4.40
002362	汉王科技	2	2	100.00	1927.95	412058.11	41.21	2.48	22.93/17.94	0.00	0.00
300094	国联水产	2	4	50.00	3316.49	411134.44	41.11	2.53	18.79/17.85	38505.31	3.85
301077	星华新材	1	1	100.00	921.80	406416.73	40.64	8.12	33.60/17.38	0.00	0.00
000590	古汉医药	1	1	100.00	921.72	406159.09	40.62	2.42	36.17/17.35	0.00	0.00
002838	道恩股份	1	1	100.00	921.43	405194.60	40.52	4.16	26.78/17.26	0.00	0.00
002760	凤形股份	1	1	100.00	921.19	404378.78	40.44	3.57	21.79/17.18	0.00	0.00
600693	东百集团	3	3	100.00	2750.32	404218.63	40.42	2.41	3.54/17.16	0.00	0.00
300259	新天科技	1	1	100.00	920.76	402958.64	40.30	2.67	23.73/17.03	0.00	0.00
301220	亚香股份	1	1	100.00	920.66	402603.97	40.26	9.41	34.48/17.00	0.00	0.00
002931	锋龙股份	1	1	100.00	920.08	400683.58	40.07	4.71	36.50/16.81	0.00	0.00
000707	双环科技	2	2	100.00	1980.20	397900.31	39.79	2.38	15.20/16.53	0.00	0.00
002145	钛能化学	1	1	100.00	918.74	396203.76	39.62	2.37	21.60/16.36	0.00	0.00
300368	汇金股份	1	1	100.00	918.49	395379.98	39.54	3.11	31.03/16.28	0.00	0.00
001896	豫能控股	3	4	75.00	3598.60	395131.66	39.51	2.36	16.76/16.25	34580.38	3.46
688073	毕得医药	1	1	100.00	918.16	394345.53	39.43	9.93	30.51/16.17	0.00	0.00
300938	信测标准	1	1	100.00	917.67	392655.98	39.27	6.91	46.90/16.00	0.00	0.00
603636	南威软件	1	1	100.00	917.56	392309.06	39.23	3.34	15.77/15.97	0.00	0.00
002599	盛通股份	1	1	100.00	917.36	391606.42	39.16	2.57	32.61/15.90	0.00	0.00
600251	冠农股份	1	1	100.00	917.25	391274.56	39.13	2.34	12.91/15.86	0.00	0.00
300478	杭州高新	1	1	100.00	916.77	389660.20	38.97	3.44	22.94/15.70	0.00	0.00
603036	如通股份	1	2	50.00	1673.68	387923.04	38.79	3.95	41.72/15.53	53022.19	5.30
300145	南方泵业	3	4	75.00	3450.16	387465.23	38.75	2.45	29.17/15.48	856.38	0.08
300920	润阳科技	1	1	100.00	916.07	387348.11	38.73	6.71	22.67/15.47	0.00	0.00
000812	陕西金叶	2	2	100.00	1761.24	386525.11	38.65	2.31	19.98/15.39	0.00	0.00
300241	瑞丰光电	2	2	100.00	1722.62	385867.77	38.59	2.53	25.40/15.32	0.00	0.00
600793	宜宾纸业	2	2	100.00	1830.04	385197.40	38.52	2.30	30.56/15.26	0.00	0.00
605069	正和生态	1	1	100.00	915.39	385061.89	38.51	7.51	22.48/15.24	0.00	0.00
300564	筑博设计	2	2	100.00	1816.42	384734.23	38.47	5.57	34.88/15.21	0.00	0.00
603159	上海亚虹	1	1	100.00	915.16	384306.62	38.43	3.79	24.90/15.17	0.00	0.00
000065	北方国际	1	2	50.00	2037.65	383726.34	38.37	2.29	34.41/15.11	19877.75	1.42
000619	海螺新材	2	2	100.00	1819.36	381926.03	38.19	2.28	11.22/14.93	0.00	0.00
002988	豪美新材	1	1	100.00	914.31	381458.81	38.15	5.98	22.12/14.88	0.00	0.00
000635	英 力 特	2	2	100.00	1762.87	380297.43	38.03	2.27	29.34/14.77	0.00	0.00
002196	方正电机	2	3	66.00	2774.38	378341.44	37.83	2.26	7.49/14.57	46982.13	3.96
002676	顺威股份	1	1	100.00	912.91	376777.44	37.68	2.62	30.63/14.42	0.00	0.00
002657	中科金财	1	1	100.00	911.98	373712.02	37.37	2.56	28.86/14.11	0.00	0.00
000679	大连友谊	1	1	100.00	911.94	373570.46	37.36	2.23	11.03/14.09	0.00	0.00
300260	新莱应材	1	1	100.00	911.74	372901.22	37.29	2.47	18.90/14.03	0.00	0.00
002749	国光股份	2	2	100.00	1999.93	370391.68	37.04	3.21	21.08/13.78	0.00	0.00
603813	原尚股份	3	3	100.00	2622.21	369171.08	36.92	4.08	14.93/13.65	0.00	0.00
002395	双象股份	1	1	100.00	910.45	368584.93	36.86	2.24	14.14/13.60	0.00	0.00
002029	七 匹 狼	3	3	100.00	2744.38	367956.24	36.80	2.20	5.71/13.53	0.00	0.00
600697	欧亚集团	2	2	100.00	1799.25	367865.69	36.79	2.20	2.18/13.52	0.00	0.00
600738	丽尚国潮	1	1	100.00	910.23	367861.02	36.79	2.20	30.37/13.52	0.00	0.00
002861	瀛通通讯	2	2	100.00	1976.48	367134.94	36.71	3.88	21.80/13.45	0.00	0.00
688323	瑞华泰	1	1	100.00	909.54	365571.99	36.56	6.73	29.51/13.29	0.00	0.00
002119	康强电子	1	1	100.00	909.38	365042.43	36.50	2.18	17.18/13.24	0.00	0.00
300288	朗玛信息	2	3	66.00	2781.05	364747.46	36.47	2.49	10.69/13.21	44076.88	3.70
300371	汇中股份	2	2	100.00	1880.11	363269.95	36.33	2.86	0.93/13.06	0.00	0.00
600217	中再资环	1	1	100.00	908.73	362859.55	36.29	2.18	34.02/13.02	0.00	0.00
002728	特一药业	2	3	66.00	2924.32	362013.10	36.20	2.97	17.46/12.94	84738.38	6.51
603020	爱普股份	2	2	100.00	1831.66	361513.13	36.15	3.14	5.41/12.89	0.00	0.00
600470	六国化工	2	2	100.00	1845.90	361457.81	36.15	2.16	28.40/12.88	0.00	0.00
300639	凯普生物	1	1	100.00	908.07	360667.15	36.07	3.81	21.78/12.80	0.00	0.00
002655	共达电声	1	1	100.00	908.00	360426.78	36.04	2.46	25.16/12.78	0.00	0.00
300293	蓝英装备	2	2	100.00	1899.08	358203.67	35.82	2.46	28.13/12.56	0.00	0.00
688118	普元信息	1	1	100.00	907.14	357602.58	35.76	5.24	36.90/12.50	0.00	0.00
001380	华纬科技	1	1	100.00	906.61	355794.77	35.58	10.52	28.53/12.32	0.00	0.00
600819	耀皮玻璃	1	1	100.00	906.53	355522.35	35.55	2.12	19.65/12.29	0.00	0.00
002843	泰嘉股份	1	2	50.00	2006.61	355138.75	35.51	3.66	26.51/12.25	20383.75	1.48
603079	圣达生物	1	1	100.00	906.27	354666.70	35.47	3.89	31.89/12.20	0.00	0.00
300307	慈星股份	2	2	100.00	1719.09	354151.61	35.42	2.44	35.79/12.15	0.00	0.00
600724	宁波富达	1	1	100.00	906.09	354056.47	35.41	2.11	17.15/12.14	0.00	0.00
001207	联科科技	1	1	100.00	905.68	352714.78	35.27	6.68	28.22/12.01	0.00	0.00
600288	大恒科技	1	1	100.00	905.57	352340.27	35.23	2.10	26.41/11.97	0.00	0.00
002254	泰和新材	2	2	100.00	1972.65	351867.02	35.19	2.10	21.17/11.92	0.00	0.00
600527	江南高纤	1	1	100.00	905.43	351859.07	35.19	2.10	18.62/11.92	0.00	0.00
002169	智光电气	1	1	100.00	905.23	351190.37	35.12	2.10	27.02/11.86	0.00	0.00
002780	三夫户外	1	1	100.00	904.70	349444.58	34.94	3.23	22.35/11.68	0.00	0.00
000560	我爱我家	1	1	100.00	904.09	347405.57	34.74	2.07	23.79/11.48	0.00	0.00
002392	北京利尔	2	2	100.00	1834.51	346323.43	34.63	2.11	13.59/11.37	0.00	0.00
688328	深科达	1	1	100.00	903.47	345358.34	34.54	6.20	27.48/11.27	0.00	0.00
300873	海晨股份	1	1	100.00	903.43	345197.29	34.52	5.65	11.98/11.26	0.00	0.00
002400	省广集团	2	2	100.00	1880.13	344873.11	34.49	2.10	19.12/11.22	0.00	0.00
000530	冰山冷热	1	1	100.00	903.30	344767.67	34.48	2.06	20.94/11.21	0.00	0.00
300554	三超新材	1	1	100.00	903.17	344341.61	34.43	3.64	33.03/11.17	0.00	0.00
301100	风光股份	1	1	100.00	902.88	343369.15	34.34	7.17	27.78/11.07	0.00	0.00
605060	联德股份	1	1	100.00	902.62	342537.85	34.25	6.13	25.13/10.99	0.00	0.00
300168	万达信息	1	1	100.00	902.48	342044.36	34.20	2.18	19.95/10.94	0.00	0.00
002263	大东南	2	2	100.00	1953.21	341628.36	34.16	2.04	21.13/10.90	0.00	0.00
002662	峰璟股份	1	1	100.00	902.01	340475.93	34.05	2.34	28.26/10.78	0.00	0.00
300055	万邦达	2	2	100.00	1743.32	337432.82	33.74	2.03	5.04/10.48	0.00	0.00
300279	和晶科技	1	1	100.00	900.86	336620.89	33.66	2.28	19.41/10.40	0.00	0.00
600877	电科芯片	1	1	100.00	900.59	335728.91	33.57	2.00	29.10/10.31	0.00	0.00
600882	妙可蓝多	1	1	100.00	900.29	334734.02	33.47	2.00	29.00/10.21	0.00	0.00
300455	航天智装	2	2	100.00	1834.24	334527.23	33.45	2.94	28.26/10.19	0.00	0.00
300660	江苏雷利	2	2	100.00	1833.04	334146.27	33.41	3.58	14.09/10.15	0.00	0.00
002062	宏润建设	2	2	100.00	1782.98	333889.08	33.39	1.99	19.64/10.13	0.00	0.00
300481	濮阳惠成	2	2	100.00	1861.44	333667.41	33.37	2.96	15.93/10.10	0.00	0.00
600525	长园集团	1	1	100.00	899.93	333525.64	33.35	1.99	29.73/10.09	0.00	0.00
688669	聚石化学	2	2	100.00	1837.83	333380.73	33.34	5.86	28.32/10.08	0.00	0.00
300132	诺斯贝尔	1	1	100.00	899.82	333157.62	33.32	2.09	16.74/10.05	0.00	0.00
600158	中体产业	1	1	100.00	899.43	331886.97	33.19	1.98	14.79/9.93	0.00	0.00
002232	启明信息	1	1	100.00	899.14	330890.36	33.09	1.98	16.17/9.83	0.00	0.00
002967	广电计量	1	1	100.00	899.04	330599.11	33.06	4.79	17.03/9.80	0.00	0.00
002166	莱茵生物	1	1	100.00	898.54	328902.83	32.89	1.96	28.42/9.63	0.00	0.00
603318	水发燃气	1	1	100.00	898.51	328797.02	32.88	2.87	17.43/9.62	0.00	0.00
603997	继峰股份	1	1	100.00	898.47	328680.47	32.87	2.84	25.21/9.61	0.00	0.00
000850	华茂股份	1	3	33.00	2776.41	328354.07	32.84	1.96	34.51/9.57	41718.00	3.04
600538	国发股份	2	2	100.00	1703.94	328215.46	32.82	1.96	25.14/9.56	0.00	0.00
002042	华孚时尚	1	1	100.00	897.98	327031.59	32.70	1.95	16.79/9.44	0.00	0.00
002881	美格智能	1	1	100.00	897.98	327031.59	32.70	3.52	35.58/9.44	0.00	0.00
300074	华平股份	2	2	100.00	1725.19	326915.45	32.69	1.99	17.13/9.43	0.00	0.00
002366	融发核电	1	1	100.00	897.84	326572.66	32.66	1.97	21.77/9.39	0.00	0.00
000548	湖南投资	1	2	50.00	1659.34	326334.39	32.63	1.95	23.09/9.37	47839.75	4.78
002661	克明食品	2	2	100.00	1890.42	324139.06	32.41	2.23	-14.26/9.15	0.00	0.00
300835	龙磁科技	1	1	100.00	897.04	323925.93	32.39	5.09	25.34/9.13	0.00	0.00
300757	罗博特科	2	2	100.00	1761.74	322828.86	32.28	4.17	39.10/9.02	0.00	0.00
300007	汉威科技	1	1	100.00	896.62	322498.60	32.25	1.93	23.17/8.99	0.00	0.00
002909	集泰股份	1	1	100.00	896.06	320637.72	32.06	3.59	16.87/8.80	0.00	0.00
600982	宁波能源	2	2	100.00	1909.48	320511.99	32.05	1.91	12.13/8.79	0.00	0.00
002221	东华能源	1	2	50.00	1960.17	320186.87	32.02	1.91	5.05/8.76	10393.88	0.78
300179	四方达	2	3	66.00	2713.60	319926.60	31.99	2.05	17.41/8.73	20594.75	1.80
000751	锌业股份	3	3	100.00	2843.66	319848.67	31.98	1.91	20.16/8.72	0.00	0.00
002540	亚太科技	2	2	100.00	1889.40	319784.10	31.98	2.04	18.35/8.72	0.00	0.00
600278	东方创业	1	1	100.00	895.65	319296.97	31.93	1.91	15.42/8.67	0.00	0.00
002469	三维化学	1	1	100.00	895.55	318944.29	31.89	1.98	16.14/8.63	0.00	0.00
000733	振华科技	1	1	100.00	895.40	318435.70	31.84	1.90	19.55/8.58	0.00	0.00
300465	高伟达	1	1	100.00	895.26	317991.27	31.80	2.80	23.28/8.54	0.00	0.00
002858	力盛体育	2	2	100.00	1796.60	317063.78	31.71	3.33	4.68/8.44	0.00	0.00
603123	翠微股份	2	2	100.00	1867.49	316661.61	31.67	2.20	-11.30/8.40	0.00	0.00
600848	上海临港	1	1	100.00	894.74	316257.70	31.63	1.89	21.98/8.36	0.00	0.00
600328	中盐化工	1	1	100.00	894.60	315778.74	31.58	1.89	13.37/8.32	0.00	0.00
000779	甘咨询	1	1	100.00	894.56	315648.04	31.56	1.88	21.18/8.30	0.00	0.00
600671	天目药业	2	2	100.00	1760.77	315074.91	31.51	1.88	27.03/8.24	0.00	0.00
002556	辉隆股份	1	1	100.00	894.29	314736.59	31.47	2.02	16.03/8.21	0.00	0.00
000718	苏宁环球	1	1	100.00	894.16	314300.62	31.43	1.88	14.90/8.17	0.00	0.00
002551	尚荣医疗	3	3	100.00	2646.01	313915.02	31.39	2.01	8.61/8.13	0.00	0.00
000026	飞亚达	2	2	100.00	1813.35	313071.98	31.31	1.87	0.41/8.04	0.00	0.00
002890	弘宇股份	2	2	100.00	1732.66	312836.25	31.28	3.41	14.88/8.02	0.00	0.00
601999	出版传媒	2	2	100.00	1865.95	312609.28	31.26	1.87	6.43/8.00	0.00	0.00
300992	泰福泵业	1	1	100.00	893.25	311288.81	31.13	5.81	24.57/7.87	0.00	0.00
000045	深纺织Ａ	1	1	100.00	893.21	311152.79	31.12	1.86	29.97/7.85	0.00	0.00
002566	益盛药业	2	2	100.00	1835.87	310635.69	31.06	2.00	5.45/7.80	0.00	0.00
301161	唯万密封	1	1	100.00	892.70	309472.52	30.95	7.65	20.74/7.68	0.00	0.00
002200	交投生态	2	2	100.00	1767.72	308463.07	30.85	1.84	22.08/7.58	0.00	0.00
300323	华灿光电	1	1	100.00	892.10	307463.52	30.75	2.14	24.19/7.48	0.00	0.00
002397	梦洁股份	1	1	100.00	892.09	307411.04	30.74	1.87	12.20/7.48	0.00	0.00
000925	众合科技	2	2	100.00	1746.39	305920.25	30.59	1.83	15.87/7.33	0.00	0.00
605580	恒盛能源	1	1	100.00	891.55	305620.26	30.56	5.97	13.49/7.30	0.00	0.00
300283	温州宏丰	2	4	50.00	3349.02	305383.11	30.54	2.07	20.67/7.28	56987.69	5.38
002840	华统股份	1	1	100.00	891.48	305370.87	30.54	3.14	17.95/7.27	0.00	0.00
000969	安泰科技	1	1	100.00	891.13	304231.87	30.42	1.82	12.12/7.16	0.00	0.00
003038	鑫铂股份	1	1	100.00	890.61	302490.42	30.25	5.36	24.86/6.99	0.00	0.00
002718	友邦吊顶	2	2	100.00	1744.79	302448.84	30.24	2.38	17.54/6.98	0.00	0.00
301135	瑞德智能	1	1	100.00	890.47	302046.18	30.20	6.76	21.24/6.94	0.00	0.00
002574	明牌珠宝	2	3	66.00	2674.65	301201.94	30.12	1.95	-0.97/6.86	892.38	0.08
000404	长虹华意	2	3	66.00	2719.34	299966.98	30.00	1.79	12.77/6.73	14290.88	1.24
300005	探路者	1	2	50.00	1674.38	298757.75	29.88	1.78	15.09/6.61	18695.69	1.87
000529	广弘控股	1	1	100.00	889.33	298211.83	29.82	1.78	21.05/6.56	0.00	0.00
603061	金海通	1	1	100.00	889.22	297923.28	29.79	8.31	22.74/6.53	0.00	0.00
600493	凤竹纺织	3	3	100.00	2606.22	296578.74	29.66	1.77	9.26/6.40	0.00	0.00
603217	元利科技	1	2	50.00	1675.47	296441.34	29.64	4.07	17.20/6.38	16451.13	1.65
002412	汉森制药	2	3	66.00	2885.43	296031.20	29.60	1.81	13.99/6.34	127691.50	9.73
605303	园林股份	1	1	100.00	888.61	295836.29	29.58	5.29	16.04/6.32	0.00	0.00
300485	赛升药业	2	2	100.00	1789.50	295562.93	29.56	2.62	6.09/6.29	0.00	0.00
300024	机器人	1	1	100.00	888.52	295514.73	29.55	1.76	18.54/6.29	0.00	0.00
300898	熊猫乳品	1	1	100.00	888.44	295257.50	29.53	4.95	13.55/6.26	0.00	0.00
300078	思创智联	2	2	100.00	1906.56	295108.50	29.51	1.80	28.63/6.25	0.00	0.00
600376	首开股份	1	1	100.00	888.31	294830.41	29.48	1.76	11.08/6.22	0.00	0.00
300703	创源股份	2	2	100.00	1726.24	293697.52	29.37	3.25	4.90/6.11	0.00	0.00
300066	三川智慧	1	2	50.00	1659.64	293500.52	29.35	1.78	15.98/6.09	35147.06	3.51
301211	亨迪药业	1	1	100.00	887.77	293024.89	29.30	6.13	22.75/6.04	0.00	0.00
600067	冠城新材	1	1	100.00	887.69	292750.06	29.28	1.75	10.87/6.01	0.00	0.00
603536	惠发食品	1	1	100.00	887.68	292704.79	29.27	3.15	23.68/6.01	0.00	0.00
300176	鸿特科技	1	1	100.00	887.56	292332.56	29.23	1.87	-2.34/5.97	0.00	0.00
300877	金春股份	1	1	100.00	886.82	289873.96	28.99	4.74	14.73/5.72	0.00	0.00
002688	金河生物	2	2	100.00	1764.67	289568.76	28.96	2.03	13.85/5.69	0.00	0.00
300165	天瑞仪器	1	2	50.00	1623.18	289392.16	28.94	1.84	16.39/5.68	79194.19	7.92
002413	雷科防务	1	1	100.00	886.68	289378.42	28.94	1.77	12.36/5.68	0.00	0.00
002587	奥拓电子	1	1	100.00	886.67	289355.67	28.94	1.89	17.78/5.67	0.00	0.00
300929	华骐环保	1	1	100.00	886.62	289200.41	28.92	5.07	12.89/5.66	0.00	0.00
688395	正弦电气	1	1	100.00	886.53	288907.31	28.89	5.32	17.57/5.63	0.00	0.00
603339	四方科技	1	1	100.00	886.36	288308.80	28.83	2.78	21.22/5.57	0.00	0.00
300235	方直科技	2	2	100.00	1770.33	287272.74	28.73	1.88	15.58/5.46	0.00	0.00
688571	杭华股份	1	1	100.00	885.90	286785.32	28.68	4.94	17.36/5.42	0.00	0.00
000818	航锦科技	1	1	100.00	885.65	285964.85	28.60	1.71	20.06/5.33	0.00	0.00
600343	航天动力	1	1	100.00	885.56	285666.94	28.57	1.71	9.08/5.30	0.00	0.00
600266	城建发展	1	1	100.00	885.53	285543.54	28.55	1.70	10.15/5.29	0.00	0.00
600805	悦达投资	2	2	100.00	1906.01	284361.43	28.44	1.70	16.80/5.17	0.00	0.00
002511	中顺洁柔	1	1	100.00	885.12	284183.10	28.42	1.79	1.96/5.16	0.00	0.00
688247	宣泰医药	1	1	100.00	885.12	284179.32	28.42	6.93	21.86/5.16	0.00	0.00
002380	科远智慧	1	1	100.00	884.93	283564.54	28.36	1.72	19.53/5.09	0.00	0.00
600683	京投发展	1	2	50.00	1938.69	283213.62	28.32	1.69	11.56/5.06	34383.88	2.61
601616	广电电气	1	1	100.00	884.81	283145.47	28.31	1.81	12.28/5.05	0.00	0.00
300777	中简科技	1	1	100.00	884.77	283036.10	28.30	3.83	17.14/5.04	0.00	0.00
600609	金杯汽车	1	3	33.00	3001.51	281793.31	28.18	1.68	21.80/4.92	54279.75	4.06
002378	章源钨业	1	1	100.00	884.36	281659.70	28.17	1.71	20.29/4.90	0.00	0.00
600106	重庆路桥	1	2	50.00	1949.91	281488.71	28.15	1.68	14.81/4.89	50778.13	3.81
600692	亚通股份	1	1	100.00	884.16	281002.31	28.10	1.68	-0.69/4.84	0.00	0.00
603136	天目湖	1	1	100.00	884.10	280780.90	28.08	3.11	12.43/4.82	0.00	0.00
000737	北方铜业	1	1	100.00	884.08	280721.11	28.07	1.68	27.65/4.81	0.00	0.00
002686	亿利达	1	1	100.00	883.91	280151.47	28.02	1.96	2.94/4.75	0.00	0.00
603800	洪田股份	2	2	100.00	1788.85	279944.14	27.99	2.59	17.32/4.73	0.00	0.00
300113	顺网科技	1	1	100.00	883.77	279692.17	27.97	1.74	12.02/4.71	0.00	0.00
000900	现代投资	2	2	100.00	1872.14	278831.13	27.88	1.66	9.23/4.62	0.00	0.00
000514	渝 开 发	1	3	33.00	2702.73	278663.85	27.87	1.66	32.54/4.60	37709.25	3.77
300658	延江股份	1	1	100.00	883.40	278438.13	27.84	2.98	9.37/4.58	0.00	0.00
002428	云南锗业	1	1	100.00	883.33	278240.48	27.82	1.70	16.66/4.56	0.00	0.00
300629	新劲刚	1	1	100.00	883.11	277473.39	27.75	2.91	21.19/4.48	0.00	0.00
300500	启迪设计	3	4	75.00	3647.32	276258.55	27.63	2.59	21.92/4.36	62959.50	5.27
688266	泽璟制药-U	1	1	100.00	882.66	276113.37	27.61	4.13	27.89/4.35	0.00	0.00
300853	申昊科技	1	1	100.00	882.61	275821.49	27.58	4.45	22.67/4.32	0.00	0.00
300984	金沃股份	1	1	100.00	882.46	275345.35	27.53	5.20	13.69/4.27	0.00	0.00
002301	齐心集团	2	2	100.00	1742.90	275023.28	27.50	1.64	8.07/4.24	0.00	0.00
600358	国旅联合	1	1	100.00	882.36	275007.85	27.50	1.64	19.84/4.24	0.00	0.00
002172	澳洋健康	1	1	100.00	882.32	274841.50	27.48	1.64	13.41/4.22	0.00	0.00
300743	天地数码	1	1	100.00	882.22	274516.53	27.45	3.26	20.89/4.19	0.00	0.00
300126	锐奇股份	3	3	100.00	2594.92	274409.91	27.44	1.72	9.25/4.18	0.00	0.00
300317	珈伟新能	1	1	100.00	882.01	273833.96	27.38	1.90	13.54/4.12	0.00	0.00
601996	丰林集团	2	2	100.00	1798.65	273528.01	27.35	1.82	11.67/4.09	0.00	0.00
002427	尤夫股份	1	1	100.00	881.83	273228.57	27.32	1.67	10.75/4.06	0.00	0.00
301356	天振股份	1	1	100.00	881.81	273151.41	27.32	7.04	21.93/4.05	0.00	0.00
603166	福达股份	1	1	100.00	881.54	272272.71	27.23	2.30	20.67/3.96	0.00	0.00
002836	新宏泽	1	1	100.00	881.19	271091.59	27.11	2.78	10.53/3.85	0.00	0.00
300128	锦富技术	1	1	100.00	881.06	270658.63	27.07	1.69	31.02/3.80	0.00	0.00
300150	世纪瑞尔	3	3	100.00	2762.84	269189.34	26.92	1.71	16.48/3.66	0.00	0.00
601113	华鼎股份	1	1	100.00	880.33	268215.39	26.82	1.74	16.30/3.56	0.00	0.00
301317	鑫磊股份	1	1	100.00	880.12	267536.38	26.75	7.23	20.19/3.49	0.00	0.00
002437	誉衡药业	1	1	100.00	879.97	267027.15	26.70	1.64	10.67/3.44	0.00	0.00
300067	安诺其	1	2	50.00	1944.09	266679.14	26.67	1.62	16.36/3.41	63874.38	4.80
000417	合百集团	2	2	100.00	1726.55	266380.47	26.64	1.59	9.02/3.38	0.00	0.00
688609	九联科技	1	1	100.00	879.47	265357.28	26.54	4.80	24.71/3.27	0.00	0.00
300444	双杰电气	2	3	66.00	2751.22	265093.60	26.51	2.32	27.97/3.25	90610.38	7.45
000158	常山北明	1	2	50.00	1675.44	264907.85	26.49	1.58	3.19/3.23	4672.44	0.47
002565	顺灏股份	1	1	100.00	879.26	264670.42	26.47	1.70	19.91/3.20	0.00	0.00
300987	川网传媒	1	1	100.00	879.04	263931.74	26.39	4.89	12.13/3.13	0.00	0.00
002300	太阳电缆	2	2	100.00	1864.69	263831.51	26.38	1.58	22.35/3.12	0.00	0.00
002541	鸿路钢构	1	1	100.00	878.93	263539.14	26.35	1.68	9.82/3.09	0.00	0.00
002575	群兴玩具	2	2	100.00	1793.87	263124.83	26.31	1.70	15.97/3.05	0.00	0.00
000070	特发信息	1	1	100.00	878.79	263096.62	26.31	1.57	19.75/3.05	0.00	0.00
001205	盛航股份	1	1	100.00	878.71	262816.42	26.28	4.88	19.72/3.02	0.00	0.00
301362	民爆光电	1	1	100.00	878.64	262611.33	26.26	8.31	19.70/3.00	0.00	0.00
600168	武汉控股	1	1	100.00	878.51	262147.56	26.21	1.56	13.42/2.95	0.00	0.00
002873	新天药业	2	2	100.00	1729.29	262037.99	26.20	2.79	3.09/2.94	0.00	0.00
603829	洛凯股份	1	1	100.00	878.28	261408.56	26.14	2.92	10.87/2.88	0.00	0.00
000777	中核科技	2	2	100.00	1828.51	261203.05	26.12	1.56	28.46/2.86	0.00	0.00
300476	胜宏科技	1	1	100.00	877.98	260393.57	26.04	2.30	29.31/2.78	0.00	0.00
600467	好当家	1	1	100.00	877.98	260389.21	26.04	1.55	-1.51/2.78	0.00	0.00
603299	苏盐井神	1	1	100.00	877.88	260053.12	26.01	2.42	16.26/2.74	0.00	0.00
300130	新国都	1	1	100.00	877.76	259663.69	25.97	1.63	28.65/2.70	0.00	0.00
300232	洲明科技	1	1	100.00	877.62	259185.49	25.92	1.70	9.97/2.66	0.00	0.00
600429	三元股份	3	3	100.00	2653.79	258557.87	25.86	1.54	-17.49/2.59	0.00	0.00
000039	中集集团	2	2	100.00	1834.16	257298.15	25.73	1.54	11.85/2.47	0.00	0.00
000715	中兴商业	1	1	100.00	876.93	256888.62	25.69	1.53	7.03/2.43	0.00	0.00
300318	博晖创新	3	3	100.00	2807.97	256784.62	25.68	1.79	16.28/2.42	0.00	0.00
300506	名家汇	1	1	100.00	876.60	255785.00	25.58	2.43	17.48/2.32	0.00	0.00
300057	万顺新材	1	3	33.00	2430.90	254899.73	25.49	1.54	22.52/2.23	28582.25	2.86
300206	理邦仪器	3	3	100.00	2644.33	254069.50	25.41	1.64	3.38/2.14	0.00	0.00
000559	万向钱潮	2	3	66.00	2854.73	253582.72	25.36	1.51	26.72/2.10	4025.00	0.32
000519	中兵红箭	1	1	100.00	875.78	253058.11	25.31	1.51	8.58/2.04	0.00	0.00
301396	宏景科技	1	1	100.00	875.63	252571.82	25.26	6.50	20.33/1.99	0.00	0.00
301296	新巨丰	1	1	100.00	875.40	251806.83	25.18	6.17	6.52/1.92	0.00	0.00
002441	众业达	1	1	100.00	875.24	251250.19	25.13	1.55	15.05/1.86	0.00	0.00
300685	艾德生物	1	1	100.00	875.21	251171.06	25.12	2.74	18.06/1.85	0.00	0.00
002457	青龙管业	1	1	100.00	875.20	251133.86	25.11	1.55	9.20/1.85	0.00	0.00
300676	华大基因	1	1	100.00	875.16	251064.81	25.11	2.72	10.86/1.84	0.00	0.00
300489	光智科技	1	1	100.00	875.15	250965.79	25.10	2.23	20.62/1.83	0.00	0.00
603088	宁波精达	1	1	100.00	875.02	250532.85	25.05	2.11	16.52/1.79	0.00	0.00
300435	中泰股份	2	2	100.00	1790.12	250419.46	25.04	2.17	5.46/1.78	0.00	0.00
600526	菲达环保	1	1	100.00	874.97	250350.60	25.04	1.49	11.49/1.77	0.00	0.00
002386	天原股份	3	3	100.00	2643.80	250280.47	25.03	1.52	5.05/1.77	0.00	0.00
002101	广东鸿图	2	2	100.00	1757.13	249388.44	24.94	1.49	0.47/1.68	0.00	0.00
300815	玉禾田	1	1	100.00	874.63	249225.95	24.92	3.72	15.30/1.66	0.00	0.00
000713	国投丰乐	1	1	100.00	874.17	247705.84	24.77	1.48	8.19/1.51	0.00	0.00
300254	仟源医药	2	2	100.00	1707.14	247413.21	24.74	1.64	11.35/1.48	0.00	0.00
300826	测绘股份	1	1	100.00	873.99	247111.93	24.71	3.80	10.45/1.45	0.00	0.00
002771	真视通	1	2	50.00	1924.98	246951.00	24.70	2.19	22.76/1.43	67108.50	5.11
300420	五洋自控	1	1	100.00	873.93	246901.25	24.69	2.12	18.13/1.43	0.00	0.00
300603	立昂技术	1	1	100.00	873.90	246789.74	24.68	2.55	12.83/1.42	0.00	0.00
300798	锦鸡股份	1	1	100.00	873.90	246788.92	24.68	3.60	20.88/1.42	0.00	0.00
002646	天佑德酒	2	2	100.00	1822.68	245783.85	24.58	1.66	-4.86/1.32	0.00	0.00
002817	黄山胶囊	2	2	100.00	1747.96	245735.46	24.57	2.47	-0.89/1.31	0.00	0.00
002041	登海种业	1	1	100.00	873.55	245628.86	24.56	1.47	6.26/1.30	0.00	0.00
300507	苏奥传感	1	1	100.00	873.47	245379.71	24.54	2.35	6.46/1.28	0.00	0.00
000027	深圳能源	1	1	100.00	873.25	244617.64	24.46	1.46	15.92/1.20	0.00	0.00
000922	佳电股份	2	2	100.00	1705.55	244557.11	24.46	1.46	15.02/1.19	0.00	0.00
002255	海陆重工	2	2	100.00	1715.05	244105.14	24.41	1.46	18.66/1.15	0.00	0.00
300710	万隆光电	2	2	100.00	1693.06	243972.83	24.40	2.72	16.63/1.13	0.00	0.00
300048	合康新能	2	2	100.00	1782.00	243901.12	24.39	1.46	-14.23/1.13	0.00	0.00
000935	四川双马	1	1	100.00	872.84	243266.68	24.33	1.45	-4.23/1.06	0.00	0.00
000544	中原环保	1	1	100.00	872.80	243122.28	24.31	1.45	15.64/1.05	0.00	0.00
600229	城市传媒	2	2	100.00	1803.02	243000.16	24.30	1.45	-0.12/1.04	0.00	0.00
603083	剑桥科技	1	1	100.00	872.73	242907.31	24.29	2.73	17.00/1.03	0.00	0.00
000565	渝三峡Ａ	2	2	100.00	1699.43	242887.71	24.29	1.45	16.32/1.03	0.00	0.00
300820	英杰电气	1	1	100.00	872.68	242729.70	24.27	3.66	14.65/1.01	0.00	0.00
002724	海洋王	1	2	50.00	1670.07	242425.49	24.24	2.04	10.90/0.98	2939.25	0.29
600706	曲江文旅	2	3	66.00	2701.59	242226.99	24.22	1.45	-7.87/0.96	17985.63	1.43
601700	风范股份	1	1	100.00	872.41	241826.04	24.18	1.54	7.60/0.92	0.00	0.00
002769	普路通	1	1	100.00	872.27	241372.70	24.14	2.14	8.10/0.87	0.00	0.00
002390	信邦制药	1	1	100.00	872.14	240942.11	24.09	1.46	13.24/0.83	0.00	0.00
002136	安 纳 达	2	2	100.00	1739.27	240479.63	24.05	1.44	7.11/0.79	0.00	0.00
300345	华民股份	1	1	100.00	871.95	240300.07	24.03	1.69	24.91/0.77	0.00	0.00
300717	华信新材	2	2	100.00	1772.28	240087.52	24.01	2.70	12.38/0.75	0.00	0.00
000055	方大集团	2	2	100.00	1724.88	239336.01	23.93	1.43	0.18/0.67	0.00	0.00
000822	山东海化	2	3	66.00	2586.52	238817.28	23.88	1.43	19.36/0.62	31932.50	2.93
002470	金正大	1	1	100.00	871.48	238734.60	23.87	1.49	12.55/0.61	0.00	0.00
300099	尤洛卡	1	2	50.00	1888.63	238678.40	23.87	1.48	17.85/0.61	33030.38	2.60
002224	三 力 士	2	2	100.00	1783.33	238259.29	23.83	1.42	10.93/0.56	0.00	0.00
688098	申联生物	1	1	100.00	871.19	237779.63	23.78	3.43	19.50/0.52	0.00	0.00
002191	劲嘉股份	1	1	100.00	870.99	237105.24	23.71	1.42	10.16/0.45	0.00	0.00
600235	民丰特纸	1	1	100.00	870.99	237105.18	23.71	1.42	5.05/0.45	0.00	0.00
300335	迪森股份	1	2	50.00	1662.72	237031.25	23.70	1.66	11.60/0.44	10116.13	1.01
002394	联发股份	1	1	100.00	870.89	236759.18	23.68	1.44	5.37/0.41	0.00	0.00
002893	京能热力	1	1	100.00	870.84	236579.43	23.66	2.61	18.27/0.40	0.00	0.00
000978	桂林旅游	4	4	100.00	3659.10	236478.31	23.65	1.41	-11.82/0.39	0.00	0.00
600561	江西长运	2	3	66.00	2752.63	235928.34	23.59	1.41	16.75/0.33	46706.75	3.64
300342	天银机电	2	3	66.00	2439.99	235409.89	23.54	1.66	29.96/0.28	68457.31	6.85
002490	山东墨龙	2	3	66.00	2659.13	235315.70	23.53	1.48	-6.40/0.27	51663.88	4.52
603169	兰石重装	1	1	100.00	870.35	234966.00	23.50	1.96	5.19/0.23	0.00	0.00
002471	中超控股	1	1	100.00	870.32	234860.68	23.49	1.46	9.64/0.22	0.00	0.00
301175	中科环保	1	1	100.00	870.23	234577.38	23.46	5.54	16.40/0.20	0.00	0.00
001323	慕思股份	1	1	100.00	870.06	234035.92	23.40	5.48	9.56/0.14	0.00	0.00
300112	万讯自控	1	1	100.00	869.83	233231.03	23.32	1.45	14.49/0.06	0.00	0.00
300445	康斯特	2	2	100.00	1801.42	232704.52	23.27	2.03	7.88/0.01	0.00	0.00
603128	华贸物流	1	1	100.00	869.44	231944.86	23.19	1.62	5.73/-0.07	0.00	0.00
603058	永吉股份	2	2	100.00	1736.60	231704.81	23.17	2.37	13.56/-0.09	0.00	0.00
002702	海欣食品	1	1	100.00	869.29	231430.10	23.14	1.66	9.60/-0.12	0.00	0.00
600828	茂业商业	1	1	100.00	869.28	231408.42	23.14	1.38	15.18/-0.12	0.00	0.00
688277	天智航-U	1	1	100.00	869.04	230621.63	23.06	3.70	18.13/-0.20	0.00	0.00
603817	海峡环保	2	2	100.00	1711.16	230417.86	23.04	2.40	4.84/-0.22	0.00	0.00
002269	美邦服饰	1	1	100.00	868.98	230387.48	23.04	1.38	7.88/-0.22	0.00	0.00
600059	古越龙山	2	2	100.00	1777.91	230191.22	23.02	1.37	-2.03/-0.24	0.00	0.00
002442	龙星科技	2	2	100.00	1711.15	229826.68	22.98	1.41	4.78/-0.28	0.00	0.00
300715	凯伦股份	3	3	100.00	2633.97	229713.61	22.97	2.57	9.73/-0.29	0.00	0.00
600853	龙建股份	1	1	100.00	868.19	227775.62	22.78	1.36	5.70/-0.49	0.00	0.00
300281	金明精机	1	1	100.00	868.15	227644.82	22.76	1.54	14.15/-0.50	0.00	0.00
300378	鼎捷数智	1	1	100.00	868.14	227615.34	22.76	1.79	12.66/-0.50	0.00	0.00
002287	奇正藏药	2	2	100.00	1763.54	227539.15	22.75	1.36	8.56/-0.51	0.00	0.00
002174	游族网络	1	1	100.00	868.07	227364.23	22.74	1.36	6.78/-0.53	0.00	0.00
002218	拓日新能	1	1	100.00	868.02	227205.35	22.72	1.36	4.06/-0.54	0.00	0.00
002161	远 望 谷	1	1	100.00	867.75	226291.25	22.63	1.35	15.57/-0.63	0.00	0.00
600241	时代万恒	1	1	100.00	867.72	226206.05	22.62	1.35	13.39/-0.64	0.00	0.00
688655	迅捷兴	1	1	100.00	867.70	226146.13	22.61	4.19	15.55/-0.65	0.00	0.00
688013	天臣医疗	1	1	100.00	867.54	225616.31	22.56	3.75	15.50/-0.70	0.00	0.00
600262	北方股份	1	1	100.00	867.53	225575.01	22.56	1.35	8.46/-0.71	0.00	0.00
002753	永东股份	2	2	100.00	1723.75	225346.32	22.53	1.98	-2.38/-0.73	0.00	0.00
603086	先达股份	1	1	100.00	867.38	225083.05	22.51	2.40	7.30/-0.75	0.00	0.00
300231	银信科技	2	2	100.00	1686.45	224848.33	22.48	1.47	15.54/-0.78	0.00	0.00
300727	润禾材料	3	4	75.00	3311.75	224788.49	22.48	2.54	8.05/-0.78	60007.31	5.77
688035	德邦科技	1	1	100.00	867.10	224155.22	22.42	5.56	14.68/-0.85	0.00	0.00
600326	西藏天路	1	2	50.00	1873.69	223840.14	22.38	1.34	5.07/-0.88	34767.38	2.76
002641	公元股份	2	2	100.00	1829.90	223328.80	22.33	1.51	26.16/-0.93	0.00	0.00
300778	新城市	2	2	100.00	1685.89	223035.75	22.30	3.01	20.70/-0.96	0.00	0.00
300738	奥飞数据	1	1	100.00	866.72	222858.31	22.29	2.56	14.62/-0.98	0.00	0.00
300386	飞天诚信	1	1	100.00	866.62	222549.85	22.25	1.81	7.19/-1.01	0.00	0.00
301429	森泰股份	1	1	100.00	866.57	222364.38	22.24	6.43	8.39/-1.03	0.00	0.00
300227	光韵达	1	1	100.00	866.44	221967.09	22.20	1.45	-0.31/-1.07	0.00	0.00
000597	东北制药	1	1	100.00	866.39	221781.90	22.18	1.32	6.14/-1.08	0.00	0.00
002032	苏 泊 尔	1	1	100.00	866.36	221775.44	22.18	1.32	8.06/-1.09	0.00	0.00
603601	再升科技	1	1	100.00	866.23	221244.74	22.12	1.89	6.09/-1.14	0.00	0.00
000690	宝新能源	1	1	100.00	866.11	220840.80	22.08	1.32	-0.19/-1.18	0.00	0.00
002998	优彩资源	2	2	100.00	1673.51	220628.35	22.06	3.66	18.71/-1.20	0.00	0.00
301085	亚康股份	1	1	100.00	865.85	219984.05	22.00	4.44	24.80/-1.26	0.00	0.00
300883	龙利得	1	2	50.00	1636.30	219411.00	21.94	3.62	5.94/-1.32	36536.38	3.65
601778	晶科科技	1	1	100.00	865.67	219363.27	21.94	3.44	5.36/-1.33	0.00	0.00
603130	云中马	1	1	100.00	865.41	218534.39	21.85	5.65	15.75/-1.41	0.00	0.00
600313	农发种业	1	1	100.00	865.26	218002.71	21.80	1.30	5.76/-1.46	0.00	0.00
300151	昌红科技	1	1	100.00	865.17	217709.02	21.77	1.38	4.12/-1.49	0.00	0.00
300534	陇神戎发	1	1	100.00	865.16	217691.12	21.77	2.16	7.52/-1.49	0.00	0.00
002004	华邦健康	1	1	100.00	864.99	217094.03	21.71	1.30	4.78/-1.55	0.00	0.00
000952	广济药业	2	2	100.00	1725.58	217066.23	21.71	1.30	-2.64/-1.56	0.00	0.00
000430	张家界	2	2	100.00	1827.51	216924.46	21.69	1.30	8.53/-1.57	0.00	0.00
000510	新金路	1	1	100.00	864.82	216548.62	21.65	1.29	12.68/-1.61	0.00	0.00
300194	福安药业	2	2	100.00	1668.57	216092.07	21.61	1.39	9.62/-1.65	0.00	0.00
301380	挖金客	1	1	100.00	864.67	216064.15	21.61	5.49	6.33/-1.66	0.00	0.00
002328	新朋股份	1	1	100.00	864.63	215921.52	21.59	1.29	14.53/-1.67	0.00	0.00
300940	南极光	1	1	100.00	864.51	215519.54	21.55	3.81	12.58/-1.71	0.00	0.00
603633	徕木股份	1	1	100.00	864.48	215401.19	21.54	2.18	10.38/-1.72	0.00	0.00
300549	优德精密	2	2	100.00	1664.89	214702.47	21.47	2.14	17.99/-1.79	0.00	0.00
000558	天府文旅	2	3	66.00	2446.10	214578.73	21.46	1.28	2.71/-1.80	36107.19	3.59
002519	银河电子	1	2	50.00	1654.29	214485.65	21.45	1.36	14.76/-1.81	12186.44	1.22
002283	天润工业	2	2	100.00	1812.68	214391.27	21.44	1.28	8.75/-1.82	0.00	0.00
603767	中马传动	1	1	100.00	864.12	214217.60	21.42	2.30	5.76/-1.84	0.00	0.00
002334	英威腾	1	1	100.00	864.04	213948.47	21.39	1.28	4.81/-1.87	0.00	0.00
002053	云南能投	1	1	100.00	863.98	213725.85	21.37	1.28	12.86/-1.89	0.00	0.00
002830	名雕股份	1	2	50.00	1632.68	213720.65	21.37	2.18	21.48/-1.89	38909.56	3.89
002639	雪人集团	1	1	100.00	863.97	213717.06	21.37	1.44	5.33/-1.89	0.00	0.00
300708	聚灿光电	1	2	50.00	1634.06	213468.68	21.35	2.38	22.22/-1.92	37099.44	3.71
603358	华达科技	1	1	100.00	863.89	213436.11	21.34	2.20	14.05/-1.92	0.00	0.00
603630	拉芳家化	1	1	100.00	863.77	213029.26	21.30	2.23	7.46/-1.96	0.00	0.00
600303	曙光股份	1	1	100.00	863.69	212769.65	21.28	1.27	28.18/-1.99	0.00	0.00
002083	孚日股份	1	1	100.00	863.65	212621.75	21.26	1.27	5.60/-2.00	0.00	0.00
688199	久日新材	1	1	100.00	863.58	212454.46	21.25	3.07	28.64/-2.02	0.00	0.00
300263	隆华科技	1	1	100.00	863.58	212410.76	21.24	1.41	6.98/-2.02	0.00	0.00
600796	钱江生化	2	2	100.00	1698.23	212062.34	21.21	1.27	-1.09/-2.06	0.00	0.00
002282	博深股份	2	2	100.00	1746.56	211895.88	21.19	1.26	-0.61/-2.07	0.00	0.00
688238	和元生物	1	1	100.00	863.34	211611.44	21.16	4.67	14.60/-2.10	0.00	0.00
002285	世联行	1	1	100.00	863.08	210724.56	21.07	1.26	10.06/-2.19	0.00	0.00
002807	江阴银行	1	2	50.00	1873.12	210537.70	21.05	2.09	7.12/-2.21	52340.00	4.14
300547	川环科技	1	1	100.00	862.99	210449.90	21.04	2.10	23.03/-2.22	0.00	0.00
600108	亚盛集团	1	1	100.00	862.79	209775.37	20.98	1.25	6.51/-2.29	0.00	0.00
000906	浙商中拓	1	1	100.00	862.67	209376.84	20.94	1.25	13.64/-2.33	0.00	0.00
603030	全筑股份	1	1	100.00	862.67	209376.24	20.94	1.81	12.41/-2.33	0.00	0.00
002589	瑞康医药	1	2	50.00	1653.25	208739.45	20.87	1.36	10.46/-2.39	11335.94	1.13
000531	穗恒运Ａ	1	1	100.00	862.37	208382.08	20.84	1.24	14.41/-2.42	0.00	0.00
600562	国睿科技	1	1	100.00	862.28	208084.44	20.81	1.24	5.15/-2.45	0.00	0.00
300955	嘉亨家化	1	1	100.00	862.26	208000.96	20.80	3.76	6.54/-2.46	0.00	0.00
002560	通达股份	1	1	100.00	862.17	207705.41	20.77	1.33	4.19/-2.49	0.00	0.00
605338	巴比食品	1	1	100.00	862.01	207189.52	20.72	3.47	4.68/-2.54	0.00	0.00
002479	富春环保	1	1	100.00	861.89	206789.92	20.68	1.29	0.26/-2.58	0.00	0.00
000919	金陵药业	3	4	75.00	3852.68	206721.73	20.67	1.23	5.30/-2.59	62184.50	4.90
000426	兴业银锡	1	1	100.00	861.85	206640.84	20.66	1.24	25.41/-2.60	0.00	0.00
600550	保变电气	1	1	100.00	861.61	205847.31	20.58	1.23	2.73/-2.68	0.00	0.00
002033	丽江股份	1	1	100.00	861.52	205531.23	20.55	1.23	0.88/-2.71	0.00	0.00
002788	鹭燕医药	2	2	100.00	1711.83	204958.17	20.50	1.93	6.38/-2.77	0.00	0.00
300586	美联新材	1	1	100.00	861.33	204917.61	20.49	2.10	16.21/-2.77	0.00	0.00
300649	杭州园林	3	3	100.00	2472.54	204821.12	20.48	2.18	9.33/-2.78	239.38	0.02
300321	同大股份	2	2	100.00	1788.75	204743.22	20.47	1.42	7.14/-2.79	0.00	0.00
002666	德联集团	1	1	100.00	861.23	204590.95	20.46	1.41	4.42/-2.80	0.00	0.00
000668	荣丰控股	1	1	100.00	861.13	204230.76	20.42	1.22	6.52/-2.84	0.00	0.00
301265	华新科技	1	1	100.00	860.95	203639.83	20.36	5.37	3.78/-2.90	0.00	0.00
300315	掌趣科技	1	1	100.00	860.91	203518.71	20.35	1.41	18.34/-2.91	0.00	0.00
300854	中兰环保	1	1	100.00	860.86	203337.46	20.33	4.03	6.07/-2.93	0.00	0.00
002347	泰尔股份	3	3	100.00	2530.89	202388.58	20.24	1.21	9.52/-3.02	0.00	0.00
002093	国脉科技	1	1	100.00	860.32	201549.71	20.15	1.20	13.74/-3.11	0.00	0.00
300605	恒锋信息	1	1	100.00	860.03	200587.97	20.06	2.08	3.52/-3.20	0.00	0.00
600794	保税科技	1	1	100.00	859.96	200338.13	20.03	1.20	9.50/-3.23	0.00	0.00
000060	中金岭南	1	1	100.00	859.90	200141.23	20.01	1.19	9.93/-3.25	0.00	0.00
603661	恒林股份	1	1	100.00	859.88	200095.58	20.01	2.26	3.47/-3.25	0.00	0.00
600933	爱柯迪	1	1	100.00	859.77	199708.20	19.97	2.25	11.14/-3.29	0.00	0.00
603980	吉华集团	2	3	66.00	2549.40	199692.97	19.97	2.15	7.29/-3.29	30139.38	2.81
000758	中色股份	1	1	100.00	859.72	199547.47	19.95	1.19	11.43/-3.31	0.00	0.00
300871	回盛生物	1	1	100.00	859.70	199504.84	19.95	3.27	15.67/-3.31	0.00	0.00
603887	城地香江	1	1	100.00	859.71	199497.79	19.95	2.00	12.65/-3.31	0.00	0.00
603585	苏利股份	1	1	100.00	859.53	198894.74	19.89	2.03	3.97/-3.37	0.00	0.00
600366	宁波韵升	1	1	100.00	859.32	198227.68	19.82	1.18	12.53/-3.44	0.00	0.00
300614	百川畅银	1	1	100.00	859.22	197885.09	19.79	3.69	5.52/-3.47	0.00	0.00
002275	桂林三金	2	3	66.00	2533.56	197565.22	19.76	1.18	-13.49/-3.51	16266.94	1.63
600356	恒丰纸业	2	3	66.00	2377.97	197448.38	19.74	1.18	9.75/-3.52	58490.06	5.85
300962	中金辐照	1	1	100.00	858.97	197053.30	19.71	3.59	5.41/-3.56	0.00	0.00
300270	中威电子	2	2	100.00	1674.29	196352.95	19.64	1.31	14.30/-3.63	0.00	0.00
002448	中原内配	2	3	66.00	2653.03	196037.64	19.60	1.21	-1.79/-3.66	37514.13	3.29
301277	新天地	1	1	100.00	858.58	195763.62	19.58	5.05	5.33/-3.69	0.00	0.00
002963	豪尔赛	1	1	100.00	858.58	195762.87	19.58	2.82	5.33/-3.69	0.00	0.00
002522	浙江众成	1	1	100.00	858.51	195523.80	19.55	1.24	12.49/-3.71	0.00	0.00
301113	雅艺科技	1	1	100.00	858.46	195329.54	19.53	4.09	9.91/-3.73	0.00	0.00
300505	川金诺	2	2	100.00	1663.43	195165.11	19.52	1.85	12.99/-3.75	0.00	0.00
002546	新联电子	1	1	100.00	858.26	194695.58	19.47	1.24	12.90/-3.79	0.00	0.00
000901	航天科技	1	1	100.00	858.23	194593.56	19.46	1.16	23.68/-3.80	0.00	0.00
000153	丰原药业	1	1	100.00	858.16	194355.84	19.44	1.16	0.77/-3.83	0.00	0.00
600258	首旅酒店	1	1	100.00	858.08	194079.50	19.41	1.16	3.37/-3.85	0.00	0.00
301119	正强股份	1	1	100.00	858.00	193837.22	19.38	3.99	12.82/-3.88	0.00	0.00
300092	科新机电	1	1	100.00	857.95	193660.02	19.37	1.19	14.43/-3.90	0.00	0.00
002855	捷荣技术	1	1	100.00	857.85	193335.97	19.33	2.03	2.79/-3.93	0.00	0.00
301009	可靠股份	1	1	100.00	857.84	193298.70	19.33	3.65	5.08/-3.93	0.00	0.00
300039	上海凯宝	2	4	50.00	3163.31	192739.09	19.27	1.15	12.36/-3.99	92183.31	9.22
300388	节能国祯	1	1	100.00	857.62	192552.96	19.26	1.58	6.96/-4.01	0.00	0.00
600336	澳柯玛	1	1	100.00	857.61	192497.99	19.25	1.15	9.59/-4.01	0.00	0.00
002645	华宏科技	2	2	100.00	1706.83	192406.64	19.24	1.30	9.21/-4.02	0.00	0.00
301003	江苏博云	1	1	100.00	857.52	192251.84	19.23	3.60	3.27/-4.04	0.00	0.00
000419	通程控股	2	2	100.00	1672.82	191695.77	19.17	1.14	-4.88/-4.09	0.00	0.00
002481	双塔食品	1	1	100.00	857.18	191084.36	19.11	1.19	5.26/-4.15	0.00	0.00
300439	美康生物	2	2	100.00	1698.02	191082.48	19.11	1.67	1.50/-4.15	0.00	0.00
002827	高争民爆	1	1	100.00	857.07	190731.80	19.07	1.94	2.55/-4.19	0.00	0.00
301273	瑞晨环保	1	1	100.00	856.89	190118.87	19.01	4.83	12.45/-4.25	0.00	0.00
000755	山西高速	2	2	100.00	1743.88	189712.69	18.97	1.13	6.59/-4.29	0.00	0.00
002663	普邦股份	1	1	100.00	856.76	189695.19	18.97	1.30	7.76/-4.29	0.00	0.00
688557	兰剑智能	1	1	100.00	856.68	189436.96	18.94	3.25	11.88/-4.32	0.00	0.00
600784	鲁银投资	1	1	100.00	856.65	189303.04	18.93	1.13	18.22/-4.33	0.00	0.00
301262	海看股份	1	1	100.00	856.59	189159.41	18.92	5.76	4.67/-4.35	0.00	0.00
600992	贵绳股份	2	2	100.00	1719.83	188763.93	18.88	1.13	18.27/-4.39	0.00	0.00
002105	信隆健康	1	1	100.00	856.40	188463.78	18.85	1.13	10.30/-4.42	0.00	0.00
688401	路维光电	1	1	100.00	856.35	188402.91	18.84	4.57	10.13/-4.42	0.00	0.00
301180	万祥科技	2	2	100.00	1730.29	188401.06	18.84	3.86	14.86/-4.42	0.00	0.00
301256	华融化学	1	1	100.00	856.37	188368.92	18.84	4.16	13.90/-4.43	0.00	0.00
300519	新光药业	1	1	100.00	856.36	188355.31	18.84	1.83	13.91/-4.43	0.00	0.00
000637	茂化实华	1	1	100.00	856.23	187903.37	18.79	1.12	5.24/-4.47	0.00	0.00
002361	神剑股份	1	1	100.00	856.23	187903.37	18.79	1.13	11.73/-4.47	0.00	0.00
300729	乐歌股份	2	2	100.00	1788.92	187544.84	18.75	2.12	13.75/-4.51	0.00	0.00
002324	普利特	1	1	100.00	856.12	187531.17	18.75	1.12	4.66/-4.51	0.00	0.00
301163	宏德股份	1	1	100.00	856.02	187240.23	18.72	4.21	13.80/-4.54	0.00	0.00
601588	北辰实业	1	1	100.00	855.89	186789.61	18.68	1.12	6.39/-4.58	0.00	0.00
002882	金龙羽	1	1	100.00	855.88	186766.03	18.68	2.03	5.21/-4.59	0.00	0.00
002825	纳尔股份	1	1	100.00	855.88	186752.14	18.68	1.90	2.63/-4.59	0.00	0.00
000888	峨眉山Ａ	1	1	100.00	855.79	186434.62	18.64	1.11	-1.03/-4.62	0.00	0.00
002715	登云股份	1	1	100.00	855.73	186260.95	18.63	1.48	26.22/-4.64	0.00	0.00
301105	鸿铭股份	1	1	100.00	855.61	185896.95	18.59	4.95	12.02/-4.67	0.00	0.00
300200	高盟新材	1	1	100.00	855.63	185896.87	18.59	1.20	-10.65/-4.67	0.00	0.00
300483	首华燃气	2	2	100.00	1690.19	185367.07	18.54	1.65	13.59/-4.73	0.00	0.00
000593	德龙汇能	2	3	66.00	2430.43	185065.90	18.51	1.10	3.90/-4.76	32070.94	3.21
002550	千红制药	1	1	100.00	855.34	184948.88	18.49	1.18	11.20/-4.77	0.00	0.00
002244	滨江集团	1	1	100.00	855.17	184366.66	18.44	1.10	9.60/-4.83	0.00	0.00
300691	联合光电	2	3	66.00	2859.19	184347.80	18.43	2.02	16.40/-4.83	69608.13	5.55
000802	北京文化	1	1	100.00	855.12	184236.72	18.42	1.10	11.86/-4.84	0.00	0.00
000703	恒逸石化	2	2	100.00	1708.42	184233.44	18.42	1.10	16.65/-4.84	0.00	0.00
600586	金晶科技	1	1	100.00	855.08	184091.81	18.41	1.10	8.31/-4.85	0.00	0.00
603588	高能环境	1	1	100.00	854.94	183602.19	18.36	1.56	9.52/-4.90	0.00	0.00
601606	长城军工	1	1	100.00	854.79	183131.35	18.31	2.25	13.38/-4.95	0.00	0.00
300622	博士眼镜	1	1	100.00	854.79	183102.18	18.31	1.92	11.47/-4.95	0.00	0.00
300486	东杰智能	3	3	100.00	2597.37	183037.91	18.30	1.63	7.37/-4.96	0.00	0.00
002629	仁智股份	1	1	100.00	854.57	182386.94	18.24	1.22	13.01/-5.02	0.00	0.00
600137	浪莎股份	1	1	100.00	854.48	182103.98	18.21	1.09	6.88/-5.05	0.00	0.00
600611	大众交通	1	2	50.00	1805.78	181986.38	18.20	1.09	5.46/-5.06	7410.00	0.62
300329	海伦钢琴	1	2	50.00	1832.43	181922.48	18.19	1.27	2.37/-5.07	40817.75	3.34
300749	顶固集创	1	1	100.00	854.42	181889.13	18.19	2.27	2.23/-5.07	0.00	0.00
300813	泰林生物	2	2	100.00	1663.42	181007.25	18.10	2.69	16.45/-5.16	0.00	0.00
002326	永太科技	1	1	100.00	854.11	180872.09	18.09	1.08	3.82/-5.18	0.00	0.00
300475	香农芯创	2	3	66.00	2726.64	180625.70	18.06	1.60	14.86/-5.20	936.38	0.08
000738	航发控制	1	1	100.00	853.98	180434.19	18.04	1.08	7.03/-5.22	0.00	0.00
603916	苏博特	1	1	100.00	853.93	180247.25	18.02	2.03	10.36/-5.24	0.00	0.00
300514	友讯达	2	3	66.00	2708.91	179732.67	17.97	1.90	25.38/-5.29	24191.13	2.06
688299	长阳科技	1	1	100.00	853.71	179546.35	17.95	2.60	13.03/-5.31	0.00	0.00
603777	来伊份	1	1	100.00	853.71	179531.69	17.95	1.80	1.91/-5.31	0.00	0.00
600500	中化国际	2	2	100.00	1730.85	179295.28	17.93	1.07	-4.41/-5.33	0.00	0.00
600513	联环药业	1	1	100.00	853.62	179224.77	17.92	1.07	1.88/-5.34	0.00	0.00
002095	生 意 宝	2	2	100.00	1705.27	178994.42	17.90	1.07	-6.65/-5.36	0.00	0.00
300767	震安科技	1	1	100.00	853.55	178989.81	17.90	2.38	7.29/-5.36	0.00	0.00
002040	南 京 港	1	2	50.00	1624.53	178676.81	17.87	1.07	5.90/-5.40	35971.44	3.60
001367	海森药业	1	1	100.00	853.37	178394.44	17.84	5.13	8.23/-5.42	0.00	0.00
300266	兴源环境	2	2	100.00	1685.30	178316.46	17.83	1.19	13.64/-5.43	0.00	0.00
301379	天山电子	1	1	100.00	853.28	178090.30	17.81	4.55	10.74/-5.45	0.00	0.00
300056	中创环保	1	1	100.00	853.11	177502.83	17.75	1.07	2.04/-5.51	0.00	0.00
000735	罗 牛 山	1	1	100.00	852.93	176923.19	17.69	1.06	5.84/-5.57	0.00	0.00
002857	三晖电气	2	3	66.00	2772.68	176620.19	17.66	1.85	-3.61/-5.60	53847.38	4.39
002219	新里程	1	1	100.00	852.68	176092.11	17.61	1.05	12.67/-5.65	0.00	0.00
603901	永创智能	2	2	100.00	1786.33	175946.34	17.59	1.55	0.60/-5.67	0.00	0.00
301268	铭利达	1	1	100.00	852.62	175880.02	17.59	3.92	7.96/-5.67	0.00	0.00
301126	达嘉维康	1	1	100.00	852.57	175708.68	17.57	3.65	8.59/-5.69	0.00	0.00
000889	中嘉博创	1	2	50.00	1614.95	175595.31	17.56	1.05	11.55/-5.70	46787.81	4.68
002104	恒宝股份	1	1	100.00	852.51	175529.67	17.55	1.05	10.26/-5.71	0.00	0.00
300695	兆丰股份	2	2	100.00	1695.98	174591.88	17.46	1.93	7.97/-5.80	0.00	0.00
300175	朗源股份	1	1	100.00	852.21	174530.88	17.45	1.12	7.01/-5.81	0.00	0.00
600468	百利电气	1	1	100.00	852.07	174060.38	17.41	1.04	0.82/-5.86	0.00	0.00
002980	华盛昌	1	1	100.00	851.99	173798.89	17.38	2.69	10.31/-5.88	0.00	0.00
603861	白云电器	1	1	100.00	851.92	173539.79	17.35	1.65	1.31/-5.91	0.00	0.00
300770	新媒股份	1	1	100.00	851.80	173213.20	17.32	2.32	1.38/-5.94	0.00	0.00
600629	华建集团	1	1	100.00	851.77	173061.21	17.31	1.03	8.78/-5.96	0.00	0.00
688505	复旦张江	1	1	100.00	851.71	172854.44	17.29	2.75	12.35/-5.98	0.00	0.00
600650	锦江在线	1	1	100.00	851.70	172827.38	17.28	1.03	9.99/-5.98	0.00	0.00
002186	全 聚 德	2	2	100.00	1687.77	172717.12	17.27	1.03	-8.35/-5.99	0.00	0.00
300164	通源石油	2	2	100.00	1667.89	172648.42	17.26	1.10	13.49/-6.00	0.00	0.00
600995	南网储能	1	1	100.00	851.64	172614.61	17.26	1.03	7.60/-6.00	0.00	0.00
002520	日发精机	1	1	100.00	851.51	172191.06	17.22	1.09	1.30/-6.04	0.00	0.00
002795	永和智控	1	1	100.00	851.48	172089.54	17.21	1.65	10.14/-6.05	0.00	0.00
000155	川能动力	1	1	100.00	851.42	171901.28	17.19	1.03	7.60/-6.07	0.00	0.00
300230	永利股份	1	2	50.00	1640.63	171888.29	17.19	1.12	15.88/-6.07	13289.63	1.33
603105	芯能科技	1	1	100.00	851.41	171850.81	17.19	2.09	5.33/-6.08	0.00	0.00
688280	精进电动-W	1	1	100.00	851.40	171811.38	17.18	3.48	12.24/-6.08	0.00	0.00
000685	中山公用	1	1	100.00	851.37	171737.38	17.17	1.03	6.21/-6.09	0.00	0.00
600962	国投中鲁	1	1	100.00	851.34	171643.81	17.16	1.02	9.87/-6.10	0.00	0.00
600713	南京医药	2	2	100.00	1656.30	171570.16	17.16	1.02	0.76/-6.11	0.00	0.00
000576	甘化科工	1	1	100.00	851.31	171535.45	17.15	1.02	2.89/-6.11	0.00	0.00
002628	成都路桥	1	1	100.00	851.30	171476.08	17.15	1.15	8.60/-6.12	0.00	0.00
300453	三鑫医疗	1	2	50.00	1632.42	171138.02	17.11	1.50	12.44/-6.15	23270.38	2.33
002768	国恩股份	1	1	100.00	851.19	171114.37	17.11	1.52	3.26/-6.15	0.00	0.00
002791	坚朗五金	1	1	100.00	850.96	170373.15	17.04	1.62	4.23/-6.23	0.00	0.00
301125	腾亚精工	1	1	100.00	850.95	170316.40	17.03	3.95	10.46/-6.23	0.00	0.00
603839	安正时尚	1	1	100.00	850.92	170234.14	17.02	1.77	-1.64/-6.24	0.00	0.00
002616	长青集团	1	1	100.00	850.88	170084.28	17.01	1.13	20.67/-6.25	0.00	0.00
600597	光明乳业	2	2	100.00	1760.02	169833.63	16.98	1.01	-1.92/-6.28	0.00	0.00
600252	中恒集团	1	1	100.00	850.76	169698.88	16.97	1.01	9.67/-6.29	0.00	0.00
301198	喜悦智行	1	1	100.00	850.57	169063.71	16.91	3.50	2.64/-6.36	0.00	0.00
002636	金安国纪	1	1	100.00	850.55	168988.47	16.90	1.14	2.63/-6.36	0.00	0.00
002190	成飞集成	1	1	100.00	850.51	168875.22	16.89	1.01	2.62/-6.38	0.00	0.00
002775	文科股份	2	2	100.00	1776.17	168864.11	16.89	1.50	11.63/-6.38	0.00	0.00
603880	南卫股份	1	1	100.00	850.38	168419.25	16.84	1.84	5.51/-6.42	0.00	0.00
002626	金达威	1	1	100.00	850.25	168014.00	16.80	1.12	4.95/-6.46	0.00	0.00
603709	中源家居	1	1	100.00	850.23	167934.13	16.79	1.94	5.46/-6.47	0.00	0.00
002316	亚联发展	1	1	100.00	850.17	167723.29	16.77	1.00	8.66/-6.49	0.00	0.00
301330	熵基科技	1	1	100.00	850.15	167662.12	16.77	4.07	2.50/-6.50	0.00	0.00
002681	奋达科技	1	1	100.00	850.14	167630.15	16.76	1.17	9.47/-6.50	0.00	0.00
300869	康泰医学	1	1	100.00	850.13	167611.29	16.76	2.74	7.15/-6.50	0.00	0.00
300276	三丰智能	1	2	50.00	1619.91	167403.95	16.74	1.12	3.70/-6.52	37511.31	3.75
600771	广誉远	2	2	100.00	1690.36	167011.84	16.70	1.00	-1.30/-6.56	0.00	0.00
002329	皇氏集团	1	2	50.00	1624.56	166725.97	16.67	1.00	-1.85/-6.59	31449.88	3.14
603987	康德莱	1	1	100.00	849.74	166279.29	16.63	1.68	5.30/-6.63	0.00	0.00
301019	宁波色母	1	1	100.00	849.73	166252.13	16.63	3.16	2.36/-6.64	0.00	0.00
002330	得利斯	1	1	100.00	849.58	165733.74	16.57	0.99	1.34/-6.69	0.00	0.00
300492	华图山鼎	1	1	100.00	849.39	165125.48	16.51	1.53	7.90/-6.75	0.00	0.00
002703	浙江世宝	1	1	100.00	849.35	164996.65	16.50	1.19	9.20/-6.76	0.00	0.00
300414	中光防雷	1	1	100.00	849.30	164813.08	16.48	1.45	11.52/-6.78	0.00	0.00
000955	欣龙控股	1	1	100.00	849.26	164672.93	16.47	0.98	12.73/-6.80	0.00	0.00
600272	开开实业	1	1	100.00	849.24	164621.29	16.46	0.98	8.35/-6.80	0.00	0.00
601008	连云港	2	2	100.00	1660.63	164289.33	16.43	0.98	-0.09/-6.83	0.00	0.00
301181	标榜股份	1	1	100.00	849.11	164235.39	16.42	3.56	7.45/-6.84	0.00	0.00
300608	思特奇	1	1	100.00	849.01	163853.60	16.39	1.70	20.23/-6.88	0.00	0.00
002492	恒基达鑫	1	1	100.00	848.92	163542.08	16.35	1.03	10.55/-6.91	0.00	0.00
600211	西藏药业	1	1	100.00	848.86	163399.03	16.34	0.98	1.05/-6.92	0.00	0.00
300838	浙江力诺	2	2	100.00	1732.48	163158.91	16.32	2.58	4.88/-6.95	0.00	0.00
301235	华康洁净	1	1	100.00	848.79	163127.07	16.31	3.49	9.74/-6.95	0.00	0.00
002076	星光股份	1	1	100.00	848.73	162911.05	16.29	0.97	9.72/-6.97	0.00	0.00
000655	金岭矿业	2	2	100.00	1687.76	162905.15	16.29	0.97	9.18/-6.97	0.00	0.00
002649	博彦科技	1	1	100.00	848.71	162862.18	16.29	1.10	8.99/-6.98	0.00	0.00
000428	华天酒店	1	1	100.00	848.67	162705.65	16.27	0.97	6.61/-6.99	0.00	0.00
000875	电投绿能	1	1	100.00	848.50	162160.15	16.22	0.97	8.92/-7.05	0.00	0.00
001872	招商港口	1	1	100.00	848.37	161726.21	16.17	0.97	4.86/-7.09	0.00	0.00
600379	宝光股份	2	2	100.00	1772.97	161621.82	16.16	0.96	8.81/-7.10	0.00	0.00
002247	聚力文化	2	2	100.00	1767.48	161310.26	16.13	0.96	14.41/-7.13	0.00	0.00
002603	以岭药业	1	1	100.00	848.18	161081.42	16.11	1.06	8.00/-7.15	0.00	0.00
002696	百洋股份	1	1	100.00	848.17	161042.30	16.10	1.14	9.54/-7.16	0.00	0.00
000910	大亚圣象	1	1	100.00	848.14	160958.91	16.10	0.96	0.10/-7.17	0.00	0.00
301177	迪阿股份	1	1	100.00	848.05	160638.47	16.06	3.35	6.41/-7.20	0.00	0.00
002251	步步高	2	2	100.00	1652.61	160345.20	16.03	0.96	26.76/-7.23	0.00	0.00
600283	钱江水利	1	1	100.00	847.92	160233.53	16.02	0.96	-2.64/-7.24	0.00	0.00
300789	唐源电气	1	1	100.00	847.83	159910.42	15.99	2.25	11.07/-7.27	0.00	0.00
300365	恒华科技	1	2	50.00	1613.81	159905.99	15.99	1.26	6.55/-7.27	42311.13	4.23
300053	航宇微	1	1	100.00	847.78	159761.52	15.98	0.96	22.31/-7.29	0.00	0.00
300665	飞鹿股份	2	3	66.00	2425.33	159723.03	15.97	1.72	16.51/-7.29	28605.50	2.86
002700	万憬能源	1	1	100.00	847.54	158944.46	15.89	1.13	-2.99/-7.37	0.00	0.00
300551	古鳌科技	1	1	100.00	847.26	158013.49	15.80	1.59	10.77/-7.46	0.00	0.00
000985	大庆华科	2	3	66.00	2745.95	157996.60	15.80	0.94	8.16/-7.46	31952.88	2.69
002187	广百股份	1	1	100.00	847.22	157909.49	15.79	0.94	-0.79/-7.47	0.00	0.00
002868	绿康生化	1	1	100.00	847.10	157489.54	15.75	1.67	10.72/-7.51	0.00	0.00
603041	美思德	2	2	100.00	1692.62	157285.60	15.73	1.65	7.37/-7.53	0.00	0.00
002342	巨力索具	2	3	66.00	2487.08	157138.38	15.71	0.94	7.39/-7.55	10447.00	1.01
301037	保立佳	1	1	100.00	846.94	156968.49	15.70	3.03	1.43/-7.57	0.00	0.00
000753	漳州发展	2	4	50.00	3183.68	156776.47	15.68	0.94	7.81/-7.59	57406.50	5.74
300409	道氏技术	1	1	100.00	846.57	155712.70	15.57	1.32	24.41/-7.69	0.00	0.00
002829	星网宇达	1	1	100.00	846.41	155190.81	15.52	1.58	10.12/-7.74	0.00	0.00
002298	中电鑫龙	1	1	100.00	846.29	154800.60	15.48	0.92	8.18/-7.78	0.00	0.00
301158	德石股份	1	1	100.00	846.25	154679.15	15.47	3.29	8.90/-7.79	0.00	0.00
600051	宁波联合	1	1	100.00	846.20	154494.80	15.45	0.92	7.34/-7.81	0.00	0.00
300320	海达股份	1	2	50.00	1791.32	154462.06	15.45	1.08	9.15/-7.82	27182.50	2.30
688210	统联精密	1	1	100.00	846.14	154292.17	15.43	3.24	12.50/-7.83	0.00	0.00
000680	山推股份	1	1	100.00	846.11	154191.86	15.42	0.92	8.12/-7.84	0.00	0.00
003003	天元股份	1	1	100.00	846.09	154114.70	15.41	2.55	8.84/-7.85	0.00	0.00
300891	惠云钛业	1	1	100.00	846.09	154114.70	15.41	2.55	8.84/-7.85	0.00	0.00
000989	九芝堂	1	1	100.00	846.07	154051.40	15.41	0.92	6.46/-7.86	0.00	0.00
000878	云南铜业	1	2	50.00	1610.50	154004.64	15.40	0.92	8.75/-7.86	44242.94	4.42
000710	贝瑞基因	1	1	100.00	845.79	153117.03	15.31	0.91	8.74/-7.95	0.00	0.00
605179	一鸣食品	1	1	100.00	845.73	152922.63	15.29	2.65	-3.02/-7.97	0.00	0.00
301234	五洲医疗	1	1	100.00	845.71	152855.51	15.29	3.60	8.22/-7.98	0.00	0.00
002772	众兴菌业	1	1	100.00	845.69	152780.66	15.28	1.36	1.72/-7.98	0.00	0.00
301081	严牌股份	2	2	100.00	1672.38	152773.16	15.28	3.09	5.80/-7.99	0.00	0.00
603066	音飞储存	1	1	100.00	845.63	152591.06	15.26	1.35	-5.17/-8.00	0.00	0.00
000809	和展能源	2	3	66.00	2649.92	152397.92	15.24	0.91	14.66/-8.02	40306.13	3.51
000151	中成股份	1	2	50.00	1810.18	152166.37	15.22	0.91	6.72/-8.05	53924.88	4.47
300668	杰恩股份	2	2	100.00	1740.28	152087.89	15.21	1.64	11.73/-8.05	0.00	0.00
003023	彩虹集团	1	1	100.00	845.41	151891.84	15.19	2.61	-0.76/-8.07	0.00	0.00
600888	新疆众和	2	2	100.00	1731.71	151872.34	15.19	0.91	4.11/-8.08	0.00	0.00
002534	西子洁能	1	1	100.00	845.32	151553.07	15.16	0.96	6.18/-8.11	0.00	0.00
603609	禾丰股份	1	1	100.00	845.29	151472.99	15.15	1.25	-0.09/-8.12	0.00	0.00
002057	中钢天源	1	1	100.00	845.27	151386.01	15.14	0.90	8.57/-8.12	0.00	0.00
688625	呈和科技	1	1	100.00	845.21	151224.89	15.12	2.84	4.90/-8.14	0.00	0.00
300224	正海磁材	1	1	100.00	845.17	151048.46	15.10	0.98	3.94/-8.16	0.00	0.00
600569	安阳钢铁	2	2	100.00	1670.29	151039.80	15.10	0.90	-4.40/-8.16	0.00	0.00
000623	吉林敖东	1	1	100.00	845.12	150917.96	15.09	0.90	6.31/-8.17	0.00	0.00
300804	广康生化	1	1	100.00	845.06	150692.97	15.07	4.61	3.22/-8.19	0.00	0.00
300571	平治信息	1	1	100.00	844.94	150316.96	15.03	1.53	18.87/-8.23	0.00	0.00
002462	嘉事堂	1	1	100.00	844.80	149858.32	14.99	0.93	9.18/-8.28	0.00	0.00
605123	派克新材	1	1	100.00	844.76	149796.47	14.98	2.45	5.35/-8.28	0.00	0.00
002135	东南网架	1	1	100.00	844.72	149574.43	14.96	0.89	15.29/-8.31	0.00	0.00
000031	大悦城	1	1	100.00	844.70	149486.26	14.95	0.89	6.11/-8.31	0.00	0.00
300459	汤姆猫	1	1	100.00	844.46	148706.12	14.87	1.31	4.78/-8.39	0.00	0.00
300341	麦克奥迪	1	2	50.00	1631.06	148325.40	14.83	1.04	7.45/-8.43	16412.13	1.64
301373	凌玮科技	1	1	100.00	844.33	148284.99	14.83	4.07	9.89/-8.43	0.00	0.00
002023	海特高新	1	1	100.00	844.21	147861.62	14.79	0.88	5.19/-8.48	0.00	0.00
002317	众生药业	1	1	100.00	844.19	147818.93	14.78	0.88	5.69/-8.48	0.00	0.00
002382	蓝帆医疗	1	1	100.00	844.19	147788.03	14.78	0.90	-1.81/-8.48	0.00	0.00
600184	光电股份	1	1	100.00	844.11	147525.85	14.75	0.88	12.88/-8.51	0.00	0.00
300466	赛摩智能	1	1	100.00	844.06	147351.68	14.74	1.30	6.21/-8.53	0.00	0.00
001328	登康口腔	1	1	100.00	844.01	147183.15	14.72	4.23	8.15/-8.54	0.00	0.00
002521	齐峰新材	1	1	100.00	843.99	147145.43	14.71	0.93	7.41/-8.55	0.00	0.00
000848	承德露露	1	1	100.00	843.96	147011.04	14.70	0.88	3.68/-8.56	0.00	0.00
002419	天虹股份	1	1	100.00	843.92	146887.89	14.69	0.90	2.83/-8.57	0.00	0.00
002896	中大力德	1	1	100.00	843.90	146836.92	14.68	1.61	-0.60/-8.58	0.00	0.00
002454	松芝股份	1	1	100.00	843.85	146664.70	14.67	0.90	8.10/-8.60	0.00	0.00
601002	晋亿实业	1	1	100.00	843.75	146342.60	14.63	0.87	5.79/-8.63	0.00	0.00
301043	绿岛风	1	1	100.00	843.73	146295.64	14.63	2.84	7.56/-8.63	0.00	0.00
600689	上海三毛	1	2	50.00	1613.55	146089.80	14.61	0.87	14.23/-8.65	37467.44	3.75
300592	华凯易佰	1	1	100.00	843.61	145856.64	14.59	1.50	7.29/-8.68	0.00	0.00
603617	君禾股份	1	1	100.00	843.57	145726.12	14.57	1.58	-2.36/-8.69	0.00	0.00
002593	日上集团	1	2	50.00	1623.95	145506.78	14.55	0.95	2.53/-8.71	24241.25	2.42
301080	百普赛斯	1	1	100.00	843.46	145371.98	14.54	2.93	4.91/-8.73	0.00	0.00
300821	东岳硅材	1	1	100.00	843.40	145150.76	14.52	2.21	9.58/-8.75	0.00	0.00
300035	中科电气	1	1	100.00	843.29	144812.08	14.48	0.86	5.64/-8.78	0.00	0.00
002679	福建金森	1	1	100.00	843.23	144586.66	14.46	1.01	7.39/-8.80	0.00	0.00
301408	华人健康	1	1	100.00	843.20	144503.53	14.45	4.03	7.38/-8.81	0.00	0.00
300591	万里马	1	2	50.00	1619.00	144185.50	14.42	1.48	0.41/-8.84	29935.69	2.99
603177	德创环保	1	1	100.00	843.03	143931.27	14.39	1.49	-2.19/-8.87	0.00	0.00
301305	朗坤科技	1	1	100.00	843.00	143836.97	14.38	4.28	5.40/-8.88	0.00	0.00
300105	龙源技术	1	2	50.00	1779.80	143732.80	14.37	0.89	10.04/-8.89	27535.00	2.35
300243	瑞丰高材	3	3	100.00	2540.28	143489.41	14.35	0.94	8.47/-8.91	0.00	0.00
002548	金新农	1	1	100.00	842.89	143470.00	14.35	0.92	-4.32/-8.92	0.00	0.00
300021	大禹节水	1	4	25.00	3149.18	143451.37	14.35	0.86	13.98/-8.92	44017.94	4.40
300771	智莱科技	1	1	100.00	842.86	143347.41	14.33	1.92	9.40/-8.93	0.00	0.00
300809	华辰装备	1	1	100.00	842.80	143157.25	14.32	2.10	9.35/-8.95	0.00	0.00
600676	久事动娱	1	1	100.00	842.72	142890.50	14.29	0.85	5.74/-8.97	0.00	0.00
301093	华兰股份	1	1	100.00	842.65	142697.69	14.27	2.90	18.11/-8.99	0.00	0.00
000790	华神科技	1	3	33.00	2362.98	142488.72	14.25	0.85	6.05/-9.01	63044.56	6.30
301323	新莱福	1	1	100.00	842.43	141988.18	14.20	4.27	8.32/-9.06	0.00	0.00
688420	美腾科技	1	1	100.00	842.32	141571.91	14.16	3.71	4.53/-9.11	0.00	0.00
301098	金埔园林	1	1	100.00	842.32	141559.14	14.16	2.90	-1.81/-9.11	0.00	0.00
301279	金道科技	1	1	100.00	842.30	141515.65	14.15	3.17	4.54/-9.11	0.00	0.00
601200	上海环境	2	2	100.00	1710.88	141248.10	14.12	1.49	-4.14/-9.14	0.00	0.00
301020	密封科技	2	2	100.00	1693.75	141159.41	14.12	2.69	12.54/-9.15	0.00	0.00
300528	幸福蓝海	1	2	50.00	1633.46	141050.34	14.11	1.39	2.81/-9.16	10681.81	1.07
000881	中广核技	1	2	50.00	1610.08	141018.28	14.10	0.84	11.15/-9.16	39904.50	3.99
001234	泰慕士	1	1	100.00	842.11	140876.63	14.09	2.98	-4.58/-9.18	0.00	0.00
603580	艾艾精工	1	1	100.00	841.97	140419.99	14.04	1.50	7.54/-9.22	0.00	0.00
000533	顺钠股份	1	1	100.00	841.94	140297.67	14.03	0.84	7.46/-9.23	0.00	0.00
300482	万孚生物	1	1	100.00	841.78	139801.03	13.98	1.24	21.74/-9.28	0.00	0.00
300559	佳发教育	2	2	100.00	1665.23	139723.21	13.97	1.41	1.37/-9.29	0.00	0.00
300654	世纪天鸿	1	1	100.00	841.76	139712.69	13.97	1.55	-0.30/-9.29	0.00	0.00
603881	数据港	1	1	100.00	841.71	139548.75	13.95	1.45	4.32/-9.31	0.00	0.00
002969	嘉美包装	1	1	100.00	841.70	139498.78	13.95	2.04	8.15/-9.31	0.00	0.00
300491	通合科技	2	2	100.00	1750.08	138826.95	13.88	1.29	6.28/-9.38	0.00	0.00
600814	杭州解百	2	2	100.00	1643.94	138394.25	13.84	0.83	-5.72/-9.42	0.00	0.00
603667	五洲新春	1	2	50.00	1781.45	138114.71	13.81	1.39	7.68/-9.45	37332.88	3.18
300488	恒锋工具	2	2	100.00	1659.82	137883.39	13.79	1.22	8.83/-9.47	0.00	0.00
002678	珠江钢琴	1	1	100.00	841.16	137703.38	13.77	0.96	6.70/-9.49	0.00	0.00
600250	南京商旅	1	1	100.00	841.11	137550.62	13.76	0.82	10.12/-9.51	0.00	0.00
003039	顺控发展	1	1	100.00	841.10	137523.88	13.75	2.47	9.47/-9.51	0.00	0.00
000523	红棉股份	1	1	100.00	841.10	137497.65	13.75	0.82	15.87/-9.51	0.00	0.00
002510	天汽模	1	1	100.00	841.08	137439.24	13.74	0.87	6.44/-9.52	0.00	0.00
300041	回天新材	2	2	100.00	1658.68	137187.27	13.72	0.82	9.39/-9.54	0.00	0.00
605189	富春染织	1	1	100.00	840.92	136903.06	13.69	2.56	-0.56/-9.57	0.00	0.00
301138	华研精机	1	1	100.00	840.86	136733.97	13.67	2.85	8.71/-9.59	0.00	0.00
300196	长海股份	1	2	50.00	1637.23	136698.25	13.67	0.88	10.71/-9.59	4335.38	0.43
300897	山科智能	2	2	100.00	1671.49	136668.38	13.67	2.27	12.19/-9.60	0.00	0.00
600409	三友化工	1	1	100.00	840.85	136667.29	13.67	0.82	4.83/-9.60	0.00	0.00
603209	兴通股份	1	1	100.00	840.79	136468.16	13.65	3.02	4.03/-9.62	0.00	0.00
301148	嘉戎技术	1	1	100.00	840.78	136455.58	13.65	3.07	8.71/-9.62	0.00	0.00
003022	联泓新科	1	1	100.00	840.75	136344.86	13.63	2.34	4.00/-9.63	0.00	0.00
001300	三柏硕	1	1	100.00	840.65	136023.22	13.60	3.44	-2.36/-9.66	0.00	0.00
300903	科翔股份	1	1	100.00	840.58	135771.36	13.58	2.30	8.64/-9.69	0.00	0.00
301025	读客文化	1	1	100.00	840.53	135602.37	13.56	2.60	8.62/-9.70	0.00	0.00
301439	泓淋电力	1	1	100.00	840.41	135216.59	13.52	3.81	8.58/-9.74	0.00	0.00
301332	德尔玛	1	1	100.00	840.34	134960.91	13.50	4.00	8.56/-9.77	0.00	0.00
603518	锦泓集团	1	1	100.00	840.17	134414.52	13.44	1.14	5.59/-9.82	0.00	0.00
002612	朗姿股份	1	1	100.00	840.17	134395.30	13.44	0.89	6.14/-9.82	0.00	0.00
002375	亚厦股份	2	2	100.00	1668.10	134392.23	13.44	0.81	8.31/-9.82	0.00	0.00
300153	科泰电源	2	3	66.00	2599.74	134343.38	13.43	0.85	13.38/-9.83	17546.13	1.58
603569	长久物流	1	1	100.00	840.09	134134.57	13.41	1.32	-0.86/-9.85	0.00	0.00
300258	精锻科技	2	2	100.00	1680.78	134033.36	13.40	0.89	-2.04/-9.86	0.00	0.00
603860	中公高科	1	1	100.00	840.04	133995.10	13.40	1.46	6.89/-9.86	0.00	0.00
002685	华东重机	1	1	100.00	839.99	133807.54	13.38	0.93	6.28/-9.88	0.00	0.00
300712	永福股份	1	1	100.00	839.76	133037.86	13.30	1.49	-2.36/-9.96	0.00	0.00
600354	敦煌种业	1	1	100.00	839.70	132825.89	13.28	0.79	1.95/-9.98	0.00	0.00
000837	秦川机床	1	1	100.00	839.63	132604.37	13.26	0.79	3.63/-10.00	0.00	0.00
603012	创力集团	1	1	100.00	839.58	132427.01	13.24	1.15	-1.03/-10.02	0.00	0.00
002476	新叶股份	1	1	100.00	839.53	132253.19	13.23	0.82	6.65/-10.04	0.00	0.00
002084	海鸥住工	2	2	100.00	1711.09	131985.64	13.20	0.79	0.60/-10.06	0.00	0.00
301320	豪江智能	1	1	100.00	839.39	131805.64	13.18	3.98	7.30/-10.08	0.00	0.00
300963	中洲特材	1	1	100.00	839.32	131580.41	13.16	2.40	8.23/-10.10	0.00	0.00
300970	华绿生物	1	1	100.00	839.29	131464.25	13.15	2.40	-1.12/-10.12	0.00	0.00
603685	晨丰科技	2	2	100.00	1695.41	131418.69	13.14	1.49	0.75/-10.12	0.00	0.00
603977	国泰集团	1	1	100.00	839.23	131253.15	13.13	1.33	-3.61/-10.14	0.00	0.00
002578	闽发铝业	2	3	66.00	2418.14	130752.40	13.08	0.85	10.50/-10.19	34106.25	3.41
300829	金丹科技	1	1	100.00	839.04	130653.16	13.07	2.03	3.43/-10.20	0.00	0.00
300562	乐心股份	1	1	100.00	839.03	130620.82	13.06	1.32	4.95/-10.20	0.00	0.00
002181	粤 传 媒	1	1	100.00	838.89	130149.34	13.01	0.78	6.44/-10.25	0.00	0.00
301199	迈赫股份	1	1	100.00	838.81	129869.65	12.99	2.69	8.05/-10.28	0.00	0.00
301065	本立科技	1	1	100.00	838.76	129752.73	12.98	2.57	-2.31/-10.29	0.00	0.00
000726	鲁 泰Ａ	1	1	100.00	838.76	129685.98	12.97	0.77	7.16/-10.29	0.00	0.00
002526	山东矿机	1	1	100.00	838.66	129348.30	12.93	0.82	5.87/-10.33	0.00	0.00
000798	中水渔业	1	1	100.00	838.61	129201.94	12.92	0.77	-0.64/-10.34	0.00	0.00
301088	戎美股份	1	1	100.00	838.59	129152.86	12.92	2.62	7.97/-10.35	0.00	0.00
300810	中科海讯	1	1	100.00	838.42	128583.66	12.86	1.88	16.58/-10.40	0.00	0.00
000631	顺发恒能	1	1	100.00	838.25	128003.38	12.80	0.76	3.14/-10.46	0.00	0.00
300575	中旗股份	2	2	100.00	1725.88	127804.49	12.78	1.31	5.41/-10.48	0.00	0.00
000813	德展健康	1	1	100.00	838.10	127502.26	12.75	0.78	-1.52/-10.51	0.00	0.00
000692	惠天热电	2	2	100.00	1712.00	127273.85	12.73	0.76	12.57/-10.54	0.00	0.00
300265	通光线缆	1	1	100.00	837.97	127074.14	12.71	0.84	-1.56/-10.56	0.00	0.00
000011	深物业A	2	2	100.00	1710.85	126768.70	12.68	0.76	4.91/-10.59	0.00	0.00
600359	新农开发	2	2	100.00	1641.07	126461.56	12.65	0.76	-5.79/-10.62	0.00	0.00
001230	劲旅环境	1	1	100.00	837.77	126406.50	12.64	3.00	6.07/-10.62	0.00	0.00
600973	宝胜股份	1	1	100.00	837.65	126002.35	12.60	0.75	-2.43/-10.66	0.00	0.00
301336	趣睡科技	1	1	100.00	837.64	125990.22	12.60	3.05	7.66/-10.66	0.00	0.00
605259	绿田机械	1	1	100.00	837.63	125969.23	12.60	2.38	8.31/-10.67	0.00	0.00
301370	国科恒泰	1	1	100.00	837.63	125927.99	12.59	3.91	7.65/-10.67	0.00	0.00
002331	皖通科技	1	1	100.00	837.58	125775.01	12.58	0.75	-3.39/-10.69	0.00	0.00
002996	顺博合金	1	1	100.00	837.48	125433.89	12.54	2.06	5.97/-10.72	0.00	0.00
300191	潜能恒信	1	1	100.00	837.46	125365.39	12.54	0.81	7.61/-10.73	0.00	0.00
002637	赞宇科技	2	3	66.00	2617.74	125300.55	12.53	0.84	-0.79/-10.73	28159.00	2.50
002722	物产金轮	1	2	50.00	1742.89	125299.24	12.53	0.99	0.53/-10.73	6761.13	0.60
300134	大富科技	1	1	100.00	837.38	125119.77	12.51	0.78	16.23/-10.75	0.00	0.00
300515	三德科技	1	1	100.00	837.37	125073.51	12.51	1.21	5.21/-10.76	0.00	0.00
000541	佛山照明	2	3	66.00	2549.86	124384.93	12.44	0.74	1.92/-10.82	63527.75	5.76
300864	南大环境	2	2	100.00	1660.31	124050.55	12.41	2.03	11.25/-10.86	0.00	0.00
000620	盈新发展	2	2	100.00	1658.52	123883.71	12.39	0.81	-0.58/-10.87	0.00	0.00
600883	博闻科技	1	1	100.00	836.96	123705.74	12.37	0.74	4.26/-10.89	0.00	0.00
300236	上海新阳	1	1	100.00	836.91	123535.80	12.35	0.81	14.08/-10.91	0.00	0.00
001231	农心科技	1	1	100.00	836.83	123292.36	12.33	2.99	2.70/-10.93	0.00	0.00
002564	天沃科技	1	1	100.00	836.79	123116.99	12.31	0.79	12.43/-10.95	0.00	0.00
301169	零点有数	1	1	100.00	836.74	122974.80	12.30	2.50	14.59/-10.97	0.00	0.00
000411	英特集团	1	1	100.00	836.73	122953.94	12.30	0.73	-4.29/-10.97	0.00	0.00
600495	晋西车轴	1	1	100.00	836.68	122768.84	12.28	0.73	4.98/-10.99	0.00	0.00
600056	中国医药	1	1	100.00	836.68	122762.21	12.28	0.73	3.33/-10.99	0.00	0.00
301040	中环海陆	1	1	100.00	836.64	122656.54	12.27	2.38	16.10/-11.00	0.00	0.00
688003	天准科技	1	1	100.00	836.57	122423.20	12.24	1.70	7.32/-11.02	0.00	0.00
001219	青岛食品	1	1	100.00	836.39	121800.86	12.18	2.46	7.90/-11.08	0.00	0.00
301259	艾布鲁	1	1	100.00	836.39	121798.78	12.18	2.75	11.29/-11.08	0.00	0.00
600651	飞乐音响	1	1	100.00	836.33	121609.20	12.16	0.73	11.44/-11.10	0.00	0.00
002482	广田集团	1	1	100.00	836.33	121588.77	12.16	0.76	4.86/-11.10	0.00	0.00
603818	曲美家居	1	1	100.00	836.17	121053.89	12.11	1.06	3.32/-11.16	0.00	0.00
300907	康平科技	1	1	100.00	835.97	120430.93	12.04	2.05	7.10/-11.22	0.00	0.00
000987	越秀资本	1	1	100.00	835.93	120257.03	12.03	0.72	7.75/-11.24	0.00	0.00
600780	通宝能源	1	2	50.00	1760.12	120090.66	12.01	0.72	5.07/-11.25	35447.25	3.07
600327	大东方	1	1	100.00	835.86	120047.26	12.00	0.72	-2.27/-11.26	0.00	0.00
002108	沧州明珠	1	2	50.00	1610.42	120046.10	12.00	0.72	-3.17/-11.26	31611.88	3.16
002337	赛象科技	1	2	50.00	1632.71	119936.42	11.99	0.72	0.88/-11.27	3704.25	0.37
300937	药易购	1	1	100.00	835.77	119742.48	11.97	2.11	7.05/-11.29	0.00	0.00
603286	日盈电子	1	1	100.00	835.77	119720.70	11.97	1.29	3.42/-11.29	0.00	0.00
688101	三达膜	1	1	100.00	835.63	119268.36	11.93	1.73	6.96/-11.34	0.00	0.00
605136	丽人丽妆	1	1	100.00	835.58	119104.42	11.91	1.98	-2.34/-11.35	0.00	0.00
603856	东宏股份	1	1	100.00	835.54	118984.44	11.90	1.34	1.29/-11.36	0.00	0.00
002631	德尔未来	1	1	100.00	835.49	118812.38	11.88	0.80	4.58/-11.38	0.00	0.00
300517	海波重科	2	2	100.00	1716.72	118689.44	11.87	1.16	-0.34/-11.39	0.00	0.00
603956	威派格	1	1	100.00	835.38	118446.24	11.84	1.56	5.27/-11.42	0.00	0.00
603208	江山欧派	1	2	50.00	1770.74	118296.33	11.83	1.23	-3.81/-11.43	51220.38	4.38
000561	烽火电子	1	1	100.00	835.32	118227.00	11.82	0.71	3.27/-11.44	0.00	0.00
002774	快意电梯	1	1	100.00	835.31	118201.56	11.82	1.24	5.39/-11.44	0.00	0.00
000949	新乡化纤	1	1	100.00	835.19	117810.34	11.78	0.70	4.48/-11.48	0.00	0.00
603022	新通联	2	2	100.00	1712.84	117660.84	11.77	1.03	6.37/-11.50	0.00	0.00
300009	安科生物	1	1	100.00	835.10	117509.05	11.75	0.70	2.13/-11.51	0.00	0.00
603527	众源新材	1	2	50.00	1624.73	117507.38	11.75	1.30	1.27/-11.51	12759.44	1.28
300823	建科智能	1	1	100.00	835.10	117502.62	11.75	1.80	6.82/-11.51	0.00	0.00
300522	世名科技	1	2	50.00	1742.06	117308.89	11.73	1.14	-2.62/-11.53	16690.25	1.47
300172	中电环保	2	3	66.00	2359.79	117079.80	11.71	0.75	4.31/-11.55	49070.06	4.91
002735	王子新材	1	2	50.00	1840.46	116862.71	11.69	0.99	6.17/-11.58	140340.00	11.16
001223	欧克科技	1	1	100.00	834.82	116581.35	11.66	3.07	6.69/-11.60	0.00	0.00
000892	欢瑞世纪	1	1	100.00	834.78	116439.76	11.64	0.70	5.11/-11.62	0.00	0.00
300187	永清环保	1	2	50.00	1594.01	116394.09	11.64	0.75	1.08/-11.62	50759.56	5.08
002733	雄韬股份	1	1	100.00	834.75	116341.56	11.63	0.98	2.65/-11.63	0.00	0.00
600259	中稀有色	1	1	100.00	834.74	116319.65	11.63	0.69	4.56/-11.63	0.00	0.00
300720	海川智能	1	1	100.00	834.72	116245.27	11.62	1.31	4.32/-11.64	0.00	0.00
002921	联诚精密	1	1	100.00	834.63	115948.43	11.59	1.32	-2.68/-11.67	0.00	0.00
002213	大为股份	1	1	100.00	834.60	115852.32	11.59	0.69	6.64/-11.68	0.00	0.00
603759	海天股份	1	1	100.00	834.50	115508.95	11.55	2.09	-2.72/-11.71	0.00	0.00
603809	豪能股份	1	1	100.00	834.35	114987.54	11.50	1.30	3.39/-11.76	0.00	0.00
002573	清新环境	1	2	50.00	1629.04	114679.01	11.47	0.74	8.08/-11.79	6320.00	0.63
301189	奥尼电子	1	1	100.00	834.03	113968.19	11.40	2.39	6.47/-11.87	0.00	0.00
301223	中荣股份	1	1	100.00	833.98	113784.04	11.38	2.89	6.41/-11.88	0.00	0.00
003035	南网能源	1	1	100.00	833.97	113742.69	11.37	2.00	-2.88/-11.89	0.00	0.00
003008	开普检测	2	2	100.00	1665.99	113508.73	11.35	1.88	0.19/-11.91	0.00	0.00
002320	海峡股份	1	1	100.00	833.87	113394.71	11.34	0.68	3.72/-11.92	0.00	0.00
301190	善水科技	1	1	100.00	833.81	113207.83	11.32	2.37	4.75/-11.94	0.00	0.00
301048	金鹰重工	1	1	100.00	833.81	113195.02	11.32	2.21	5.44/-11.94	0.00	0.00
688211	中科微至	1	1	100.00	833.78	113106.34	11.31	2.29	6.37/-11.95	0.00	0.00
002365	永安药业	2	2	100.00	1638.63	113058.46	11.31	0.68	3.61/-11.96	0.00	0.00
000598	兴蓉环境	1	1	100.00	833.71	112881.70	11.29	0.67	1.20/-11.97	0.00	0.00
000061	农 产 品	1	1	100.00	833.70	112843.39	11.28	0.67	2.50/-11.98	0.00	0.00
301331	恩威医药	1	1	100.00	833.67	112784.23	11.28	2.80	5.40/-11.98	0.00	0.00
000885	城发环境	1	1	100.00	833.66	112709.54	11.27	0.67	3.97/-11.99	0.00	0.00
603102	百合股份	1	1	100.00	833.48	112169.24	11.22	2.39	-3.05/-12.05	0.00	0.00
301359	东南电子	1	1	100.00	833.37	111774.60	11.18	2.87	6.24/-12.09	0.00	0.00
301503	智迪科技	1	1	100.00	833.26	111380.15	11.14	3.47	-0.21/-12.12	0.00	0.00
603229	奥翔药业	1	1	100.00	833.14	110970.34	11.10	1.18	6.15/-12.17	0.00	0.00
300337	银邦股份	1	1	100.00	833.07	110728.23	11.07	0.78	4.98/-12.19	0.00	0.00
603353	和顺石油	1	1	100.00	833.00	110514.29	11.05	1.70	-3.20/-12.21	0.00	0.00
002250	联化科技	1	1	100.00	833.00	110503.69	11.05	0.66	1.45/-12.21	0.00	0.00
600572	康恩贝	1	1	100.00	833.00	110503.67	11.05	0.66	-5.54/-12.21	0.00	0.00
603725	天安新材	1	1	100.00	832.91	110222.25	11.02	1.21	-3.25/-12.24	0.00	0.00
000705	浙江震元	1	2	50.00	1625.35	109718.12	10.97	0.66	5.04/-12.29	9071.13	0.91
000657	中钨高新	1	2	50.00	1782.28	109498.83	10.95	0.65	8.27/-12.31	77722.63	6.55
300022	吉峰科技	2	3	66.00	2389.76	109493.36	10.95	0.65	1.77/-12.31	66340.94	6.63
300733	西菱动力	1	2	50.00	1617.50	109467.43	10.95	1.26	9.62/-12.32	18785.19	1.88
002730	电光科技	1	1	100.00	832.62	109231.32	10.92	0.91	3.85/-12.34	0.00	0.00
002443	金洲管道	1	1	100.00	832.55	109002.23	10.90	0.67	5.02/-12.36	0.00	0.00
603968	醋化股份	1	1	100.00	832.41	108546.29	10.85	0.95	-0.17/-12.41	0.00	0.00
688468	科美诊断	1	1	100.00	832.34	108308.18	10.83	1.98	9.67/-12.43	0.00	0.00
300160	秀强股份	1	2	50.00	1585.66	107996.33	10.80	0.69	6.90/-12.46	58045.50	5.80
301287	康力源	1	1	100.00	832.02	107265.39	10.73	3.25	5.78/-12.54	0.00	0.00
601869	长飞光纤	1	2	50.00	1596.34	106291.65	10.63	1.30	1.00/-12.63	44030.25	4.40
603628	清源股份	1	1	100.00	831.71	106212.56	10.62	1.09	2.95/-12.64	0.00	0.00
301203	国泰环保	1	1	100.00	831.64	106031.18	10.60	3.03	0.97/-12.66	0.00	0.00
600073	光明肉业	1	1	100.00	831.54	105633.48	10.56	0.63	-1.87/-12.70	0.00	0.00
000862	银星能源	1	2	50.00	1601.00	105428.65	10.54	0.63	7.91/-12.72	37898.56	3.79
002312	川发龙蟒	1	1	100.00	831.45	105350.81	10.54	0.63	10.92/-12.73	0.00	0.00
001336	楚环科技	1	1	100.00	831.44	105316.23	10.53	2.52	3.46/-12.73	0.00	0.00
600230	沧州大化	1	1	100.00	831.36	105021.92	10.50	0.63	-3.80/-12.76	0.00	0.00
301151	冠龙节能	1	1	100.00	831.26	104719.17	10.47	2.34	4.59/-12.79	0.00	0.00
300424	航新科技	1	1	100.00	831.19	104487.80	10.45	0.91	10.94/-12.81	0.00	0.00
600367	红星发展	1	2	50.00	1617.91	104459.54	10.45	0.62	7.18/-12.82	16390.00	1.64
001255	博菲电气	1	1	100.00	831.16	104402.52	10.44	2.61	5.51/-12.82	0.00	0.00
603808	歌力思	1	2	50.00	1615.08	104081.98	10.41	0.91	-7.10/-12.85	19788.31	1.98
600644	乐山电力	1	2	50.00	1733.28	103991.30	10.40	0.62	-1.06/-12.86	24033.25	2.13
688203	海正生材	1	1	100.00	830.80	103189.01	10.32	2.50	5.38/-12.94	0.00	0.00
688523	航天环宇	1	1	100.00	830.79	103153.46	10.32	3.09	5.37/-12.95	0.00	0.00
603798	康普顿	2	2	100.00	1667.95	103003.51	10.30	0.98	4.04/-12.96	0.00	0.00
601188	龙江交通	1	1	100.00	830.74	102963.47	10.30	0.62	1.75/-12.97	0.00	0.00
300302	同有科技	1	1	100.00	830.72	102923.36	10.29	0.71	7.54/-12.97	0.00	0.00
002627	三峡旅游	2	2	100.00	1664.62	102150.35	10.22	0.68	-4.24/-13.05	0.00	0.00
000927	中国铁物	1	1	100.00	830.38	101757.40	10.18	0.61	2.87/-13.09	0.00	0.00
002069	獐子岛	1	2	50.00	1615.82	101385.13	10.14	0.61	1.58/-13.12	17852.25	1.79
002420	毅昌科技	1	1	100.00	830.25	101348.69	10.13	0.62	5.19/-13.13	0.00	0.00
001256	炜冈科技	1	1	100.00	830.22	101245.60	10.12	2.65	5.18/-13.14	0.00	0.00
301116	益客食品	1	1	100.00	830.21	101217.89	10.12	2.15	0.46/-13.14	0.00	0.00
000006	深振业Ａ	1	2	50.00	1709.83	99505.37	9.95	0.59	-3.58/-13.31	879.88	0.08
300585	奥联电子	1	1	100.00	829.68	99440.18	9.94	1.02	2.64/-13.32	0.00	0.00
300878	维康药业	1	1	100.00	829.62	99251.77	9.93	1.62	5.00/-13.34	0.00	0.00
688057	金达莱	1	1	100.00	829.52	98918.89	9.89	1.68	4.95/-13.37	0.00	0.00
600963	岳阳林纸	1	1	100.00	829.37	98411.58	9.84	0.59	2.54/-13.42	0.00	0.00
002800	天顺股份	1	1	100.00	829.35	98348.92	9.83	0.95	2.53/-13.43	0.00	0.00
600189	泉阳泉	1	1	100.00	829.30	98177.74	9.82	0.59	1.70/-13.44	0.00	0.00
600512	腾达建设	1	1	100.00	829.30	98177.74	9.82	0.59	2.75/-13.44	0.00	0.00
002986	宇新股份	1	1	100.00	829.29	98149.46	9.81	1.55	11.67/-13.45	0.00	0.00
300998	宁波方正	1	1	100.00	829.26	98077.59	9.81	1.84	9.84/-13.45	0.00	0.00
301010	晶雪节能	1	1	100.00	829.26	98049.52	9.80	1.85	4.86/-13.46	0.00	0.00
603458	勘设股份	1	1	100.00	829.25	98031.50	9.80	1.07	1.27/-13.46	0.00	0.00
000782	恒申新材	2	3	66.00	2615.16	97999.41	9.80	0.59	5.50/-13.46	32350.00	2.86
600824	益民集团	1	1	100.00	829.21	97886.61	9.79	0.58	0.84/-13.47	0.00	0.00
600103	青山纸业	1	2	50.00	1740.91	97856.74	9.79	0.58	4.83/-13.48	42007.75	3.69
000507	珠海港	1	1	100.00	829.18	97776.15	9.78	0.58	-6.81/-13.49	0.00	0.00
000059	华锦股份	1	2	50.00	1725.59	97679.63	9.77	0.58	5.50/-13.49	23096.38	2.06
001202	炬申股份	1	1	100.00	829.11	97554.91	9.76	1.80	3.18/-13.51	0.00	0.00
603578	三星新材	1	1	100.00	829.11	97546.89	9.75	1.02	2.45/-13.51	0.00	0.00
300644	南京聚隆	1	1	100.00	829.05	97366.92	9.74	1.13	13.57/-13.53	0.00	0.00
300756	金马游乐	1	2	50.00	1593.86	96987.62	9.70	1.25	4.73/-13.56	43660.31	4.37
000525	红太阳	1	1	100.00	828.94	96971.47	9.70	0.58	2.39/-13.57	0.00	0.00
002818	富森美	1	1	100.00	828.92	96895.68	9.69	0.98	0.71/-13.57	0.00	0.00
603080	新疆火炬	2	2	100.00	1647.14	96767.15	9.68	1.11	8.17/-13.59	0.00	0.00
301042	安联锐视	1	1	100.00	828.83	96615.30	9.66	1.87	4.72/-13.60	0.00	0.00
002972	科安达	1	1	100.00	828.81	96552.10	9.66	1.43	4.73/-13.61	0.00	0.00
603035	常熟汽饰	2	2	100.00	1696.53	96337.04	9.63	0.99	-5.19/-13.63	0.00	0.00
600267	海正药业	1	1	100.00	828.71	96209.47	9.62	0.57	-0.01/-13.64	0.00	0.00
300129	泰胜风能	1	1	100.00	828.70	96168.75	9.62	0.60	4.67/-13.65	0.00	0.00
301167	建研设计	1	1	100.00	828.64	96002.11	9.60	1.99	4.67/-13.66	0.00	0.00
600984	建设机械	1	1	100.00	828.63	95960.62	9.60	0.57	6.40/-13.67	0.00	0.00
605365	立达信	1	1	100.00	828.60	95824.65	9.58	1.84	-4.69/-13.68	0.00	0.00
001211	双枪科技	1	1	100.00	828.58	95809.81	9.58	1.86	4.64/-13.68	0.00	0.00
300106	西部牧业	1	1	100.00	828.53	95624.29	9.56	0.59	-3.13/-13.70	0.00	0.00
002828	贝肯能源	2	2	100.00	1664.17	94860.80	9.49	0.97	2.66/-13.78	0.00	0.00
300018	中元股份	1	1	100.00	828.28	94776.03	9.48	0.57	8.18/-13.79	0.00	0.00
603165	荣晟环保	1	1	100.00	828.26	94723.15	9.47	0.98	7.10/-13.79	0.00	0.00
001208	华菱线缆	1	1	100.00	828.26	94711.57	9.47	1.80	-5.82/-13.79	0.00	0.00
600540	新赛股份	1	1	100.00	828.24	94629.53	9.46	0.56	-4.81/-13.80	0.00	0.00
300834	星辉环材	1	1	100.00	828.14	94334.11	9.43	2.00	4.49/-13.83	0.00	0.00
002338	奥普光电	1	1	100.00	828.07	94058.42	9.41	0.56	-4.40/-13.86	0.00	0.00
603216	梦天家居	1	1	100.00	827.99	93825.74	9.38	1.96	-4.89/-13.88	0.00	0.00
002905	金逸影视	1	2	50.00	1721.21	93669.26	9.37	1.04	-2.65/-13.90	23142.88	2.07
002034	旺能环境	1	1	100.00	827.90	93534.60	9.35	0.56	-4.95/-13.91	0.00	0.00
300723	一品红	1	1	100.00	827.84	93320.15	9.33	1.05	-2.41/-13.93	0.00	0.00
300452	山河药辅	1	2	50.00	1607.00	93308.95	9.33	0.82	2.02/-13.93	25853.13	2.59
002539	云图控股	1	1	100.00	827.80	93191.46	9.32	0.59	-7.68/-13.94	0.00	0.00
002364	中恒电气	1	1	100.00	827.74	92976.31	9.30	0.56	-4.98/-13.97	0.00	0.00
688069	德林海	1	1	100.00	827.73	92969.31	9.30	1.50	4.35/-13.97	0.00	0.00
600403	大有能源	1	1	100.00	827.62	92583.36	9.26	0.56	9.37/-14.00	0.00	0.00
002483	润邦股份	2	2	100.00	1632.59	92263.43	9.23	0.58	5.70/-14.04	0.00	0.00
300437	清水源	1	2	50.00	1612.41	92155.05	9.22	0.80	8.08/-14.05	18642.31	1.86
300578	会畅科技	1	1	100.00	827.43	91965.57	9.20	0.95	11.15/-14.07	0.00	0.00
300509	新美星	2	2	100.00	1671.70	91766.03	9.18	0.88	6.42/-14.09	0.00	0.00
300906	日月明	1	1	100.00	827.36	91708.96	9.17	1.55	4.23/-14.09	0.00	0.00
002149	西部材料	1	1	100.00	827.33	91629.88	9.16	0.55	9.73/-14.10	0.00	0.00
300958	建工修复	1	1	100.00	827.25	91350.10	9.14	1.66	4.19/-14.13	0.00	0.00
300531	优博讯	1	1	100.00	827.16	91063.19	9.11	0.90	10.02/-14.16	0.00	0.00
002880	卫光生物	2	2	100.00	1641.05	90772.44	9.08	0.98	-4.88/-14.19	0.00	0.00
002729	好利科技	1	1	100.00	827.05	90713.77	9.07	0.75	6.13/-14.19	0.00	0.00
300819	聚杰微纤	1	1	100.00	826.93	90282.17	9.03	1.38	4.10/-14.23	0.00	0.00
002999	天禾股份	1	1	100.00	826.81	89857.60	8.99	1.48	-5.29/-14.28	0.00	0.00
002942	新农股份	1	1	100.00	826.76	89728.38	8.97	1.15	4.03/-14.29	0.00	0.00
300008	天海防务	1	1	100.00	826.75	89693.81	8.97	0.54	20.10/-14.29	0.00	0.00
603158	腾龙股份	1	1	100.00	826.72	89560.47	8.96	0.78	3.44/-14.31	0.00	0.00
688285	高铁电气	1	1	100.00	826.65	89353.33	8.94	1.80	3.99/-14.33	0.00	0.00
002090	金智科技	1	1	100.00	826.58	89102.34	8.91	0.53	1.84/-14.35	0.00	0.00
300306	远方信息	1	1	100.00	826.55	89015.87	8.90	0.61	12.74/-14.36	0.00	0.00
002654	万润科技	1	1	100.00	826.48	88783.78	8.88	0.61	1.63/-14.38	0.00	0.00
600388	紫金龙净	1	2	50.00	1603.10	88745.36	8.87	0.53	-7.74/-14.39	29018.19	2.90
600335	国机汽车	1	1	100.00	826.31	88219.87	8.82	0.53	-5.45/-14.44	0.00	0.00
600269	赣粤高速	1	2	50.00	1723.63	87977.48	8.80	0.53	5.47/-14.46	33991.50	3.03
300689	澄天伟业	1	1	100.00	826.19	87838.19	8.78	0.96	1.48/-14.48	0.00	0.00
002917	金奥博	1	1	100.00	826.07	87401.97	8.74	0.99	-1.87/-14.52	0.00	0.00
300780	德恩精工	1	2	50.00	1607.52	87331.99	8.73	1.19	2.73/-14.53	22942.13	2.29
300745	欣锐科技	1	1	100.00	826.04	87326.48	8.73	1.04	3.79/-14.53	0.00	0.00
603332	苏州龙杰	1	1	100.00	825.93	86948.69	8.69	1.13	2.12/-14.57	0.00	0.00
001225	和泰机电	1	1	100.00	825.92	86925.37	8.69	2.41	-2.22/-14.57	0.00	0.00
300463	迈克生物	1	1	100.00	825.91	86903.68	8.69	0.77	3.76/-14.57	0.00	0.00
003042	中农联合	1	1	100.00	825.89	86807.55	8.68	1.58	3.74/-14.58	0.00	0.00
300707	威唐工业	2	2	100.00	1649.17	86746.07	8.67	0.97	3.29/-14.59	0.00	0.00
000778	新兴铸管	1	2	50.00	1719.72	86669.12	8.67	0.52	1.10/-14.60	30893.63	2.76
688455	科捷智能	1	1	100.00	825.79	86476.46	8.65	2.14	3.70/-14.62	0.00	0.00
603689	皖天然气	1	2	50.00	1705.67	86414.42	8.64	0.89	3.34/-14.62	13682.38	1.24
301000	肇民科技	1	1	100.00	825.76	86391.73	8.64	1.62	11.05/-14.62	0.00	0.00
600218	全柴动力	1	1	100.00	825.64	85965.73	8.60	0.51	4.31/-14.67	0.00	0.00
301355	南王科技	1	1	100.00	825.54	85669.01	8.57	2.59	1.49/-14.70	0.00	0.00
002723	小崧股份	2	2	100.00	1682.02	85431.73	8.54	0.67	3.22/-14.72	0.00	0.00
300222	科大智能	1	2	50.00	1724.94	85344.57	8.53	0.56	2.95/-14.73	39250.63	3.49
002860	星帅尔	1	1	100.00	825.32	84918.55	8.49	0.90	3.55/-14.77	0.00	0.00
300407	凯发电气	1	1	100.00	825.18	84434.10	8.44	0.71	14.10/-14.82	0.00	0.00
300650	太龙股份	3	4	75.00	3087.19	84204.27	8.42	0.89	1.82/-14.84	118216.38	11.82
603696	安记食品	1	1	100.00	825.09	84146.73	8.41	0.78	-2.92/-14.85	0.00	0.00
002982	湘佳股份	1	1	100.00	825.02	83921.97	8.39	1.30	3.45/-14.87	0.00	0.00
300244	迪安诊断	1	1	100.00	825.02	83908.30	8.39	0.55	15.04/-14.87	0.00	0.00
000995	皇台酒业	1	1	100.00	824.97	83778.23	8.38	0.50	5.19/-14.88	0.00	0.00
600071	凤凰光学	1	1	100.00	824.91	83541.88	8.35	0.50	11.47/-14.91	0.00	0.00
600149	廊坊发展	1	1	100.00	824.68	82776.28	8.28	0.49	1.03/-14.99	0.00	0.00
600508	上海能源	1	1	100.00	824.59	82466.91	8.25	0.49	-0.29/-15.02	0.00	0.00
002449	国星光电	1	1	100.00	824.55	82351.04	8.24	0.51	3.29/-15.03	0.00	0.00
601611	中国核建	1	1	100.00	824.50	82190.00	8.22	0.80	1.78/-15.04	0.00	0.00
002848	高斯贝尔	1	1	100.00	824.46	82079.18	8.21	0.85	6.81/-15.05	0.00	0.00
002957	科瑞技术	1	1	100.00	824.46	82067.70	8.21	1.14	3.26/-15.06	0.00	0.00
605058	澳弘电子	1	1	100.00	824.39	81852.55	8.19	1.38	2.31/-15.08	0.00	0.00
003018	金富科技	1	1	100.00	824.35	81688.66	8.17	1.38	1.10/-15.09	0.00	0.00
002658	雪迪龙	2	2	100.00	1628.78	81668.62	8.17	0.56	2.09/-15.10	0.00	0.00
688606	奥泰生物	1	1	100.00	824.21	81339.24	8.13	1.47	-3.21/-15.13	0.00	0.00
300711	广哈通信	1	1	100.00	824.22	81255.19	8.13	0.91	10.70/-15.14	0.00	0.00
603329	上海雅仕	1	1	100.00	824.20	81174.44	8.12	0.93	1.54/-15.15	0.00	0.00
600939	重庆建工	1	1	100.00	824.08	80767.54	8.08	0.84	8.19/-15.19	0.00	0.00
301446	福事特	1	1	100.00	823.99	80499.91	8.05	2.52	3.12/-15.21	0.00	0.00
000663	永安林业	1	1	100.00	823.98	80460.59	8.05	0.48	7.50/-15.22	0.00	0.00
300228	富瑞特装	1	1	100.00	823.97	80416.07	8.04	0.52	7.92/-15.22	0.00	0.00
601388	怡球资源	1	1	100.00	823.96	80385.34	8.04	0.56	6.18/-15.22	0.00	0.00
002491	通鼎互联	1	2	50.00	1568.90	80211.75	8.02	0.50	4.61/-15.24	68571.38	6.86
300398	飞凯材料	1	1	100.00	823.88	80136.15	8.01	0.67	0.71/-15.25	0.00	0.00
300086	康芝药业	1	2	50.00	1617.92	79626.70	7.96	0.49	-10.47/-15.30	7064.19	0.71
301066	万事利	1	1	100.00	823.71	79543.33	7.95	1.58	3.01/-15.31	0.00	0.00
688517	金冠电气	1	1	100.00	823.68	79463.84	7.95	1.50	2.07/-15.32	0.00	0.00
000852	石化机械	1	3	33.00	2566.67	79443.74	7.94	0.47	-16.07/-15.32	13703.63	1.25
300625	三雄极光	2	3	66.00	2425.80	79281.97	7.93	0.83	4.27/-15.33	45924.81	4.48
688339	亿华通-U	1	1	100.00	823.60	79207.01	7.92	1.29	2.99/-15.34	0.00	0.00
603002	宏昌电子	1	1	100.00	823.54	78968.41	7.90	0.55	2.95/-15.37	0.00	0.00
001266	宏英智能	1	1	100.00	823.50	78880.50	7.89	1.72	-1.73/-15.37	0.00	0.00
600714	金瑞矿业	1	2	50.00	1734.93	78694.85	7.87	0.47	5.25/-15.39	60888.50	5.34
000516	国际医学	1	2	50.00	1732.49	78443.32	7.84	0.47	0.38/-15.42	58171.25	5.12
605589	圣泉集团	1	1	100.00	823.32	78257.09	7.83	1.52	2.88/-15.44	0.00	0.00
300912	凯龙高科	1	1	100.00	823.15	77675.99	7.77	1.33	2.84/-15.50	0.00	0.00
301193	家联科技	1	1	100.00	823.14	77649.86	7.76	1.61	-1.86/-15.50	0.00	0.00
002746	仙坛股份	1	1	100.00	823.08	77450.67	7.75	0.67	-3.59/-15.52	0.00	0.00
002467	二六三	1	1	100.00	823.04	77304.99	7.73	0.48	2.79/-15.53	0.00	0.00
601199	江南水务	1	1	100.00	823.02	77262.73	7.73	0.50	7.44/-15.54	0.00	0.00
688590	新致软件	1	1	100.00	822.99	77132.30	7.71	1.32	10.08/-15.55	0.00	0.00
003017	大洋生物	1	1	100.00	822.91	76881.75	7.69	1.29	2.74/-15.57	0.00	0.00
300084	海默科技	1	1	100.00	822.83	76615.84	7.66	0.47	2.73/-15.60	0.00	0.00
600248	陕建股份	1	1	100.00	822.73	76273.58	7.63	0.46	7.34/-15.64	0.00	0.00
002758	浙农股份	1	1	100.00	822.73	76266.29	7.63	0.67	2.70/-15.64	0.00	0.00
000570	苏常柴Ａ	2	2	100.00	1628.66	76209.51	7.62	0.45	5.72/-15.64	0.00	0.00
300802	矩子科技	1	1	100.00	822.66	76061.77	7.61	1.10	2.66/-15.66	0.00	0.00
000546	金圆股份	1	3	33.00	2357.17	75922.67	7.59	0.45	4.41/-15.67	42858.63	4.29
001299	美能能源	1	1	100.00	822.47	75424.29	7.54	1.93	2.60/-15.72	0.00	0.00
300664	鹏鹞环保	1	1	100.00	822.45	75351.76	7.54	0.86	2.59/-15.73	0.00	0.00
002614	奥佳华	1	1	100.00	822.45	75347.33	7.53	0.50	-8.43/-15.73	0.00	0.00
605006	山东玻纤	1	1	100.00	822.41	75226.27	7.52	1.24	0.45/-15.74	0.00	0.00
003027	同兴科技	1	1	100.00	822.35	75024.30	7.50	1.30	-2.13/-15.76	0.00	0.00
001368	通达创智	1	1	100.00	822.35	75018.31	7.50	2.11	-2.13/-15.76	0.00	0.00
603073	彩蝶实业	1	1	100.00	822.20	74539.55	7.45	2.10	-2.17/-15.81	0.00	0.00
300516	久之洋	1	1	100.00	822.16	74422.22	7.44	0.72	7.16/-15.82	0.00	0.00
603182	嘉华股份	1	1	100.00	822.01	73887.73	7.39	1.82	-8.58/-15.87	0.00	0.00
605389	长龄液压	1	1	100.00	821.97	73744.81	7.37	1.33	2.43/-15.89	0.00	0.00
300828	锐新科技	1	1	100.00	821.92	73590.89	7.36	1.14	2.41/-15.90	0.00	0.00
300239	东宝生物	1	1	100.00	821.92	73587.37	7.36	0.48	2.41/-15.90	0.00	0.00
688305	科德数控	1	1	100.00	821.86	73377.29	7.34	1.40	2.39/-15.92	0.00	0.00
301201	诚达药业	1	1	100.00	821.80	73214.38	7.32	1.56	2.38/-15.94	0.00	0.00
688767	博拓生物	1	1	100.00	821.70	72855.41	7.29	1.44	2.34/-15.98	0.00	0.00
002527	新时达	1	2	50.00	1605.54	72682.21	7.27	0.46	-1.74/-15.99	19941.38	1.99
002209	达 意 隆	1	1	100.00	821.51	72223.14	7.22	0.43	2.28/-16.04	0.00	0.00
003009	中天火箭	1	1	100.00	821.45	72039.31	7.20	1.20	2.27/-16.06	0.00	0.00
603948	建业股份	1	1	100.00	821.44	72015.91	7.20	1.09	-3.41/-16.06	0.00	0.00
001333	光华股份	1	1	100.00	820.98	70483.05	7.05	1.85	-0.03/-16.21	0.00	0.00
605567	春雪食品	1	1	100.00	820.99	70480.44	7.05	1.42	-4.29/-16.21	0.00	0.00
601368	绿城水务	1	2	50.00	1700.32	70228.54	7.02	0.62	5.27/-16.24	29256.25	2.66
000912	泸天化	1	2	50.00	1599.24	70073.96	7.01	0.42	6.72/-16.26	26830.75	2.68
600167	联美控股	1	1	100.00	820.85	70009.90	7.00	0.42	-1.98/-16.26	0.00	0.00
300441	鲍斯股份	1	1	100.00	820.75	69676.67	6.97	0.61	6.70/-16.30	0.00	0.00
300493	润欣科技	1	1	100.00	820.66	69373.05	6.94	0.64	10.77/-16.33	0.00	0.00
300264	佳创视讯	1	3	33.00	2477.88	69309.78	6.93	0.46	2.56/-16.33	40371.69	4.04
600728	佳都科技	1	1	100.00	820.62	69237.72	6.92	0.41	1.98/-16.34	0.00	0.00
603223	XD恒通股	1	1	100.00	820.58	69115.19	6.91	0.61	-0.39/-16.35	0.00	0.00
002810	山东赫达	1	1	100.00	820.55	69023.91	6.90	0.68	1.97/-16.36	0.00	0.00
002349	精华制药	1	2	50.00	1614.18	68948.82	6.89	0.41	-5.44/-16.37	7738.56	0.77
601330	绿色动力	1	2	50.00	1604.06	68612.93	6.86	0.83	1.40/-16.40	20264.44	2.03
600876	凯盛新能	1	1	100.00	820.42	68574.84	6.86	0.41	0.43/-16.41	0.00	0.00
002381	双箭股份	2	2	100.00	1659.68	68491.25	6.85	0.41	0.33/-16.41	0.00	0.00
002870	香山股份	1	1	100.00	820.36	68398.36	6.84	0.73	-3.77/-16.42	0.00	0.00
000980	众泰汽车	2	2	100.00	1625.15	68271.58	6.83	0.41	5.89/-16.44	0.00	0.00
301092	争光股份	1	1	100.00	820.25	68014.53	6.80	1.38	1.86/-16.46	0.00	0.00
600475	华光环能	1	1	100.00	820.19	67847.22	6.78	0.41	-8.51/-16.48	0.00	0.00
300423	昇辉科技	1	1	100.00	820.17	67755.85	6.78	0.58	1.83/-16.49	0.00	0.00
002767	先锋电子	1	1	100.00	820.17	67740.32	6.77	0.60	1.83/-16.49	0.00	0.00
300470	中密控股	1	1	100.00	820.07	67433.43	6.74	0.60	1.81/-16.52	0.00	0.00
002021	中捷资源	1	1	100.00	820.04	67327.60	6.73	0.40	7.60/-16.53	0.00	0.00
601065	江盐集团	1	1	100.00	819.92	66942.25	6.69	1.92	-8.60/-16.57	0.00	0.00
600293	三峡新材	1	2	50.00	1561.41	66883.61	6.69	0.40	2.13/-16.57	72943.94	7.29
000920	沃顿科技	1	1	100.00	819.82	66590.84	6.66	0.40	1.71/-16.60	0.00	0.00
300982	苏文电能	1	1	100.00	819.72	66279.42	6.63	1.22	1.70/-16.63	0.00	0.00
688789	宏华数科	1	1	100.00	819.70	66268.09	6.63	1.27	7.79/-16.64	0.00	0.00
002112	三变科技	1	1	100.00	819.72	66260.69	6.63	0.40	-6.49/-16.64	0.00	0.00
002385	大北农	1	1	100.00	819.59	65813.67	6.58	0.40	-3.07/-16.68	0.00	0.00
300805	电声股份	1	1	100.00	819.53	65632.83	6.56	0.96	1.62/-16.70	0.00	0.00
300177	中海达	1	1	100.00	819.50	65512.27	6.55	0.42	10.27/-16.71	0.00	0.00
603587	地素时尚	1	1	100.00	819.45	65338.91	6.53	0.79	-7.72/-16.73	0.00	0.00
300933	中辰股份	1	1	100.00	819.32	64937.09	6.49	1.14	1.55/-16.77	0.00	0.00
002879	长缆科技	1	1	100.00	819.21	64560.80	6.46	0.70	1.51/-16.81	0.00	0.00
000537	绿发电力	1	1	100.00	819.20	64514.74	6.45	0.39	-2.53/-16.81	0.00	0.00
002233	塔牌集团	1	1	100.00	819.11	64216.69	6.42	0.38	9.68/-16.84	0.00	0.00
301314	科瑞思	1	1	100.00	818.95	63764.09	6.38	1.81	1.43/-16.89	0.00	0.00
300141	和顺电气	1	1	100.00	818.89	63510.76	6.35	0.40	1.41/-16.91	0.00	0.00
300417	南华仪器	1	1	100.00	818.88	63434.64	6.34	0.54	7.21/-16.92	0.00	0.00
301115	联检科技	1	1	100.00	818.85	63368.92	6.34	1.55	0.46/-16.93	0.00	0.00
600821	金开新能	1	1	100.00	818.75	63031.21	6.30	0.38	7.74/-16.96	0.00	0.00
603958	哈森股份	1	1	100.00	818.72	62930.61	6.29	0.61	2.20/-16.97	0.00	0.00
000410	沈阳机床	1	1	100.00	818.72	62907.68	6.29	0.38	-0.25/-16.97	0.00	0.00
605003	众望布艺	1	1	100.00	818.65	62717.11	6.27	1.03	-3.37/-16.99	0.00	0.00
300860	锋尚文化	1	1	100.00	818.42	61973.86	6.20	1.01	1.27/-17.07	0.00	0.00
000757	浩物股份	1	1	100.00	818.30	61532.21	6.15	0.45	-0.96/-17.11	0.00	0.00
301206	三元生物	1	1	100.00	818.20	61255.94	6.13	1.32	1.18/-17.14	0.00	0.00
300632	光莆股份	1	2	50.00	1559.93	61001.32	6.10	0.64	4.63/-17.16	72572.75	7.26
603316	诚邦股份	1	1	100.00	818.08	60784.33	6.08	0.65	2.51/-17.18	0.00	0.00
600970	中材国际	1	1	100.00	818.01	60554.71	6.06	0.36	2.23/-17.21	0.00	0.00
300011	鼎汉技术	3	4	75.00	3209.44	60286.27	6.03	0.36	16.16/-17.23	59487.50	5.95
600587	新华医疗	1	1	100.00	817.75	59738.55	5.97	0.36	-4.64/-17.29	0.00	0.00
002576	通达动力	1	1	100.00	817.65	59372.60	5.94	0.38	-3.70/-17.33	0.00	0.00
300993	玉马科技	1	1	100.00	817.65	59352.92	5.94	1.11	0.99/-17.33	0.00	0.00
301298	东利机械	1	1	100.00	817.50	58853.88	5.89	1.36	0.94/-17.38	0.00	0.00
688278	特宝生物	1	1	100.00	817.47	58742.80	5.87	0.88	10.69/-17.39	0.00	0.00
000967	盈峰环境	2	3	66.00	2406.17	58514.46	5.85	0.35	2.21/-17.41	55011.94	5.39
003041	真爱美家	1	1	100.00	817.32	58256.89	5.83	1.06	0.88/-17.44	0.00	0.00
600222	太龙药业	1	1	100.00	817.29	58169.45	5.82	0.35	5.65/-17.45	0.00	0.00
603269	海鸥股份	1	1	100.00	817.24	57976.88	5.80	0.62	5.11/-17.47	0.00	0.00
601619	嘉泽新能	1	2	50.00	1570.33	57970.71	5.80	0.63	-2.45/-17.47	58445.69	5.84
002826	易明医药	1	2	50.00	1597.50	57540.04	5.75	0.59	4.93/-17.51	24299.81	2.43
001260	坤泰股份	1	1	100.00	817.10	57510.97	5.75	1.59	0.80/-17.51	0.00	0.00
300596	利安隆	1	1	100.00	817.04	57342.05	5.73	0.59	-0.15/-17.53	0.00	0.00
688369	致远互联	1	1	100.00	817.00	57297.28	5.73	0.83	7.66/-17.53	0.00	0.00
688485	九州一轨	1	1	100.00	817.03	57292.97	5.73	1.55	0.80/-17.53	0.00	0.00
603648	畅联股份	2	2	100.00	1622.80	57179.54	5.72	0.63	-1.13/-17.54	0.00	0.00
002664	信质集团	1	2	50.00	1591.76	57139.11	5.71	0.39	-2.00/-17.55	31324.75	3.13
002535	林州重机	1	1	100.00	816.78	56461.03	5.65	0.36	0.70/-17.62	0.00	0.00
002234	民和股份	1	1	100.00	816.77	56439.43	5.64	0.34	-4.02/-17.62	0.00	0.00
000899	赣能股份	1	1	100.00	816.76	56383.52	5.64	0.34	3.76/-17.62	0.00	0.00
002272	川润股份	1	1	100.00	816.75	56362.75	5.64	0.34	6.20/-17.63	0.00	0.00
001218	丽臣实业	1	1	100.00	816.68	56130.39	5.61	1.13	0.67/-17.65	0.00	0.00
603026	石大胜华	1	1	100.00	816.42	55293.29	5.53	0.49	-2.06/-17.73	0.00	0.00
603075	热威股份	1	1	100.00	816.42	55258.68	5.53	1.81	-4.11/-17.74	0.00	0.00
002763	汇洁股份	2	2	100.00	1658.92	54712.82	5.47	0.48	1.38/-17.79	0.00	0.00
600192	长城电工	1	1	100.00	816.22	54601.32	5.46	0.33	3.58/-17.80	0.00	0.00
600903	贵州燃气	1	1	100.00	816.11	54215.89	5.42	0.61	0.49/-17.84	0.00	0.00
300713	英可瑞	2	2	100.00	1624.88	54111.52	5.41	0.61	8.61/-17.85	0.00	0.00
601177	杭齿前进	1	2	50.00	1577.31	53800.88	5.38	0.34	5.61/-17.88	48154.94	4.82
002103	广博股份	1	2	50.00	1579.60	53594.48	5.36	0.32	-8.21/-17.90	45208.38	4.52
603280	南方路机	1	1	100.00	815.78	53139.78	5.31	1.36	0.34/-17.95	0.00	0.00
603912	佳力图	1	1	100.00	815.78	53125.17	5.31	0.60	0.37/-17.95	0.00	0.00
002864	盘龙药业	1	2	50.00	1587.22	52702.48	5.27	0.59	-1.92/-17.99	35332.25	3.53
000650	仁和药业	1	1	100.00	815.65	52694.91	5.27	0.31	-10.03/-17.99	0.00	0.00
688215	瑞晟智能	1	1	100.00	815.62	52592.38	5.26	0.86	7.13/-18.00	0.00	0.00
600012	皖通高速	1	1	100.00	815.55	52349.36	5.23	0.31	1.40/-18.03	0.00	0.00
300741	华宝股份	1	1	100.00	815.45	52015.99	5.20	0.61	0.27/-18.06	0.00	0.00
603877	太平鸟	1	1	100.00	815.44	52014.62	5.20	0.53	6.06/-18.06	0.00	0.00
300983	尤安设计	1	2	50.00	1578.71	51749.74	5.17	0.95	2.13/-18.09	45603.06	4.56
002297	博云新材	1	1	100.00	815.36	51706.11	5.17	0.31	0.22/-18.09	0.00	0.00
002393	力生制药	1	1	100.00	815.27	51456.05	5.15	0.31	0.21/-18.12	0.00	0.00
000601	韶能股份	1	1	100.00	815.25	51356.23	5.14	0.31	-1.94/-18.13	0.00	0.00
600681	百川能源	1	1	100.00	815.12	50938.82	5.09	0.34	-3.89/-18.17	0.00	0.00
600159	大龙地产	1	1	100.00	815.09	50819.52	5.08	0.30	-4.46/-18.18	0.00	0.00
001288	运机集团	1	1	100.00	814.92	50285.81	5.03	1.02	-10.27/-18.23	0.00	0.00
300331	苏大维格	1	1	100.00	814.64	49366.78	4.94	0.35	1.76/-18.33	0.00	0.00
603903	中持股份	1	1	100.00	814.64	49321.96	4.93	0.52	-0.02/-18.33	0.00	0.00
000869	张 裕Ａ	1	2	50.00	1665.08	49176.69	4.92	0.29	-11.51/-18.35	14160.63	1.33
300641	正丹股份	1	1	100.00	814.51	48898.87	4.89	0.52	8.31/-18.37	0.00	0.00
002134	天津普林	1	1	100.00	814.46	48747.22	4.87	0.29	5.98/-18.39	0.00	0.00
002440	闰土股份	1	1	100.00	814.46	48733.19	4.87	0.30	-0.10/-18.39	0.00	0.00
000019	深粮控股	1	1	100.00	814.27	48100.68	4.81	0.29	-2.44/-18.45	0.00	0.00
300142	沃森生物	1	2	50.00	1593.33	47720.36	4.77	0.30	-6.11/-18.49	25824.25	2.58
301130	西点药业	1	1	100.00	814.09	47547.86	4.75	1.03	-1.13/-18.51	0.00	0.00
600967	内蒙一机	1	1	100.00	814.05	47354.39	4.74	0.28	0.42/-18.53	0.00	0.00
002498	汉缆股份	1	1	100.00	813.97	47085.34	4.71	0.30	-0.24/-18.55	0.00	0.00
002889	东方嘉盛	1	1	100.00	813.92	46939.76	4.69	0.51	-3.84/-18.57	0.00	0.00
301166	优宁维	1	1	100.00	813.87	46832.18	4.68	0.98	-0.25/-18.58	0.00	0.00
600725	云维股份	1	1	100.00	813.82	46593.31	4.66	0.28	-3.14/-18.60	0.00	0.00
300997	欢乐家	1	1	100.00	813.80	46521.32	4.65	0.87	-1.23/-18.61	0.00	0.00
300994	久祺股份	1	1	100.00	813.80	46519.35	4.65	0.91	-0.30/-18.61	0.00	0.00
300800	力合科技	1	1	100.00	813.77	46419.94	4.64	0.67	8.36/-18.62	0.00	0.00
002782	可立克	1	1	100.00	813.69	46166.94	4.62	0.43	-0.33/-18.65	0.00	0.00
603089	正裕工业	1	1	100.00	813.62	45916.26	4.59	0.47	-0.36/-18.67	0.00	0.00
300696	爱乐达	1	1	100.00	813.61	45872.11	4.59	0.50	5.45/-18.68	0.00	0.00
605005	合兴股份	1	1	100.00	813.60	45855.32	4.59	0.80	-4.40/-18.68	0.00	0.00
000553	安道麦A	1	1	100.00	813.47	45450.41	4.55	0.27	-3.04/-18.72	0.00	0.00
300513	恒实科技	2	2	100.00	1624.19	45406.10	4.54	0.44	3.38/-18.72	0.00	0.00
603320	迪贝电气	1	1	100.00	813.33	44953.83	4.50	0.48	4.22/-18.77	0.00	0.00
600977	中国电影	1	1	100.00	813.32	44915.42	4.49	0.44	-5.15/-18.77	0.00	0.00
000923	河钢资源	1	1	100.00	813.19	44497.27	4.45	0.27	-2.97/-18.81	0.00	0.00
002943	宇晶股份	1	1	100.00	813.13	44316.39	4.43	0.57	-5.21/-18.83	0.00	0.00
300471	厚普股份	1	1	100.00	813.12	44276.83	4.43	0.39	6.84/-18.84	0.00	0.00
600573	惠泉啤酒	1	1	100.00	813.00	43863.17	4.39	0.26	-5.28/-18.88	0.00	0.00
300432	富临精工	1	1	100.00	812.88	43468.72	4.35	0.38	7.46/-18.92	0.00	0.00
300680	隆盛科技	1	1	100.00	812.86	43375.56	4.34	0.47	5.20/-18.93	0.00	0.00
601089	福元医药	1	1	100.00	812.83	43282.77	4.33	1.02	-6.29/-18.93	0.00	0.00
600620	天宸股份	1	1	100.00	812.83	43282.63	4.33	0.26	4.88/-18.93	0.00	0.00
001331	胜通能源	1	1	100.00	812.69	42816.23	4.28	1.05	-0.67/-18.98	0.00	0.00
002907	华森制药	1	1	100.00	812.68	42813.03	4.28	0.48	-0.67/-18.98	0.00	0.00
600858	银座股份	1	1	100.00	812.68	42808.66	4.28	0.26	5.14/-18.98	0.00	0.00
300718	长盛轴承	1	1	100.00	812.60	42533.00	4.25	0.48	-3.05/-19.01	0.00	0.00
600979	广安爱众	1	1	100.00	812.59	42499.03	4.25	0.25	1.87/-19.01	0.00	0.00
601003	柳钢股份	1	2	50.00	1602.66	42453.70	4.25	0.25	-7.99/-19.02	12206.06	1.22
603055	台华新材	1	1	100.00	812.54	42347.49	4.23	0.47	8.17/-19.03	0.00	0.00
001338	永顺泰	1	1	100.00	812.50	42176.66	4.22	1.09	-6.40/-19.05	0.00	0.00
002571	德力股份	1	1	100.00	812.49	42152.41	4.22	0.27	-2.86/-19.05	0.00	0.00
600281	华阳新材	2	2	100.00	1636.46	42130.66	4.21	0.25	0.53/-19.05	0.00	0.00
002446	盛路通信	1	1	100.00	812.41	41901.25	4.19	0.26	-1.82/-19.07	0.00	0.00
000402	金 融 街	1	1	100.00	812.35	41685.92	4.17	0.25	-4.43/-19.09	0.00	0.00
000767	晋控电力	1	2	50.00	1595.22	41637.19	4.16	0.25	0.83/-19.10	21191.44	2.12
300422	博世科	1	1	100.00	812.32	41601.53	4.16	0.36	3.89/-19.10	0.00	0.00
605162	新中港	1	1	100.00	812.27	41420.05	4.14	0.79	-2.93/-19.12	0.00	0.00
300051	琏升科技	2	2	100.00	1622.93	40819.66	4.08	0.25	5.44/-19.18	0.00	0.00
300188	国投智能	1	1	100.00	812.06	40745.19	4.07	0.26	5.42/-19.19	0.00	0.00
000719	中原传媒	1	1	100.00	812.00	40529.81	4.05	0.27	5.07/-19.21	0.00	0.00
300697	电工合金	2	2	100.00	1616.31	40491.08	4.05	0.45	6.96/-19.21	0.00	0.00
688509	正元地信	1	1	100.00	811.92	40263.32	4.03	0.78	7.45/-19.24	0.00	0.00
688595	芯海科技	1	1	100.00	811.86	40128.27	4.01	0.67	-4.71/-19.25	0.00	0.00
002188	中天服务	1	1	100.00	811.85	40027.90	4.00	0.24	-3.07/-19.26	0.00	0.00
601518	吉林高速	1	2	50.00	1697.38	38906.94	3.89	0.24	3.00/-19.37	68640.38	6.20
600881	亚泰集团	1	2	50.00	1592.76	38641.57	3.86	0.23	3.10/-19.40	23145.94	2.31
600287	苏豪时尚	1	1	100.00	811.29	38176.27	3.82	0.23	1.96/-19.45	0.00	0.00
002923	润都股份	1	1	100.00	811.22	37937.80	3.79	0.43	-1.15/-19.47	0.00	0.00
600351	亚宝药业	1	2	50.00	1579.44	37638.51	3.76	0.22	-2.19/-19.50	39415.94	3.94
688137	近岸蛋白	1	1	100.00	811.12	37619.10	3.76	0.94	-1.17/-19.50	0.00	0.00
301278	快可电子	1	1	100.00	811.04	37319.45	3.73	0.90	-1.65/-19.53	0.00	0.00
600623	华谊集团	1	1	100.00	811.02	37265.22	3.73	0.22	1.86/-19.54	0.00	0.00
002669	康达新材	1	1	100.00	810.86	36728.94	3.67	0.25	-1.28/-19.59	0.00	0.00
300995	奇德新材	1	1	100.00	810.75	36387.07	3.64	0.68	7.06/-19.62	0.00	0.00
603616	韩建河山	1	2	50.00	1603.34	36192.14	3.62	0.32	10.98/-19.64	8989.69	0.90
000545	金浦钛业	1	2	50.00	1662.24	35978.53	3.60	0.21	7.10/-19.66	28743.13	2.70
002085	万丰奥威	1	1	100.00	810.55	35700.62	3.57	0.21	-3.74/-19.69	0.00	0.00
688360	德马科技	1	1	100.00	810.50	35514.91	3.55	0.56	2.98/-19.71	0.00	0.00
600138	中青旅	1	1	100.00	810.44	35328.40	3.53	0.21	-6.14/-19.73	0.00	0.00
600126	杭钢股份	1	1	100.00	810.41	35229.21	3.52	0.21	4.38/-19.74	0.00	0.00
301053	远信工业	1	1	100.00	810.38	35142.58	3.51	0.69	7.23/-19.75	0.00	0.00
603311	金海高科	1	2	50.00	1643.02	34942.88	3.49	0.31	7.98/-19.77	6139.81	0.59
002073	软控股份	1	1	100.00	810.31	34886.02	3.49	0.21	4.05/-19.77	0.00	0.00
603757	大元泵业	1	1	100.00	810.29	34827.24	3.48	0.38	-7.25/-19.78	0.00	0.00
603289	泰瑞机器	1	1	100.00	810.28	34791.92	3.48	0.39	-1.47/-19.78	0.00	0.00
603137	恒尚节能	1	1	100.00	810.20	34535.29	3.45	1.00	-1.49/-19.81	0.00	0.00
300959	线上线下	1	1	100.00	810.16	34465.53	3.45	0.62	7.28/-19.82	0.00	0.00
002173	创新医疗	1	1	100.00	810.16	34383.49	3.44	0.21	9.97/-19.82	0.00	0.00
300735	光弘科技	1	1	100.00	810.11	34239.98	3.42	0.39	7.26/-19.84	0.00	0.00
603357	设计总院	1	1	100.00	810.11	34233.15	3.42	0.37	1.56/-19.84	0.00	0.00
002524	光正眼科	1	1	100.00	810.10	34191.86	3.42	0.22	4.07/-19.84	0.00	0.00
002871	伟隆股份	1	1	100.00	810.04	34008.36	3.40	0.36	6.05/-19.86	0.00	0.00
300411	金盾股份	1	1	100.00	809.74	32996.81	3.30	0.28	6.72/-19.96	0.00	0.00
600691	潞化科技	1	2	50.00	1566.83	32829.35	3.28	0.20	-1.13/-19.98	53388.81	5.34
002348	高乐股份	1	1	100.00	809.66	32739.90	3.27	0.20	7.34/-19.99	0.00	0.00
300636	同和药业	1	1	100.00	809.64	32646.33	3.26	0.34	4.13/-20.00	0.00	0.00
301069	凯盛新材	1	1	100.00	809.56	32416.35	3.24	0.65	4.47/-20.02	0.00	0.00
000712	锦龙股份	1	1	100.00	809.44	31995.17	3.20	0.19	-2.57/-20.06	0.00	0.00
002123	梦网科技	1	1	100.00	809.31	31559.16	3.16	0.19	6.80/-20.11	0.00	0.00
300672	国科微	1	1	100.00	809.27	31444.84	3.14	0.34	4.06/-20.12	0.00	0.00
601566	九牧王	1	1	100.00	809.21	31226.01	3.12	0.20	-4.46/-20.14	0.00	0.00
300642	透景生命	1	1	100.00	809.20	31213.33	3.12	0.33	1.58/-20.14	0.00	0.00
300300	海峡创新	1	1	100.00	809.20	31211.39	3.12	0.21	6.72/-20.14	0.00	0.00
600864	哈投股份	1	1	100.00	809.17	31115.62	3.11	0.19	3.23/-20.15	0.00	0.00
600116	三峡水利	1	1	100.00	809.17	31105.17	3.11	0.19	-2.77/-20.15	0.00	0.00
003037	三和管桩	1	1	100.00	809.06	30753.99	3.08	0.54	-2.81/-20.19	0.00	0.00
001268	联合精密	1	1	100.00	809.04	30671.13	3.07	0.72	-1.88/-20.20	0.00	0.00
600033	福建高速	1	2	50.00	1672.43	30572.33	3.06	0.18	-0.29/-20.21	48920.94	4.53
300373	扬杰科技	1	1	100.00	808.95	30369.23	3.04	0.24	-0.22/-20.23	0.00	0.00
000766	通化金马	1	1	100.00	808.93	30298.57	3.03	0.18	13.39/-20.23	0.00	0.00
300570	太辰光	1	1	100.00	808.86	30086.13	3.01	0.31	5.86/-20.25	0.00	0.00
000702	正虹科技	1	3	33.00	2542.60	30025.61	3.00	0.18	9.93/-20.26	71270.38	6.47
300631	久吾高科	1	1	100.00	808.82	29944.75	2.99	0.31	3.86/-20.27	0.00	0.00
300899	上海凯鑫	1	1	100.00	808.80	29922.02	2.99	0.50	6.82/-20.27	0.00	0.00
301533	威马农机	1	1	100.00	808.73	29654.71	2.97	0.95	7.92/-20.30	0.00	0.00
300960	通业科技	1	1	100.00	808.62	29270.68	2.93	0.53	4.37/-20.34	0.00	0.00
000301	东方盛虹	1	1	100.00	808.60	29176.38	2.92	0.17	-6.63/-20.35	0.00	0.00
603211	晋拓股份	1	1	100.00	808.55	29059.53	2.91	0.69	-6.73/-20.36	0.00	0.00
600874	创业环保	1	1	100.00	808.47	28781.95	2.88	0.17	3.26/-20.38	0.00	0.00
002783	凯龙股份	1	1	100.00	808.46	28746.53	2.87	0.27	-3.01/-20.39	0.00	0.00
600179	安通控股	1	1	100.00	808.44	28642.82	2.86	0.17	5.67/-20.40	0.00	0.00
002171	楚江新材	1	1	100.00	808.42	28588.69	2.86	0.17	-4.09/-20.40	0.00	0.00
600017	日照港	1	1	100.00	808.38	28465.59	2.85	0.17	6.45/-20.42	0.00	0.00
601015	陕西黑猫	2	2	100.00	1623.22	28240.28	2.82	0.24	7.27/-20.44	0.00	0.00
603331	百达精工	1	1	100.00	808.20	27874.91	2.79	0.30	-2.15/-20.48	0.00	0.00
002609	捷顺科技	1	1	100.00	807.99	27177.87	2.72	0.18	-2.23/-20.54	0.00	0.00
300879	大叶股份	1	1	100.00	807.96	27091.21	2.71	0.45	-2.22/-20.55	0.00	0.00
002038	双鹭药业	1	1	100.00	807.95	27033.29	2.70	0.16	-3.18/-20.56	0.00	0.00
001318	阳光乳业	1	1	100.00	807.94	27009.14	2.70	0.62	-2.28/-20.56	0.00	0.00
002925	盈趣科技	1	1	100.00	807.89	26820.53	2.68	0.31	-2.29/-20.58	0.00	0.00
002022	科华生物	1	1	100.00	807.86	26730.96	2.67	0.16	-2.28/-20.59	0.00	0.00
688112	鼎阳科技	1	1	100.00	807.64	25990.75	2.60	0.54	1.92/-20.66	0.00	0.00
300277	汽轮科技	1	1	100.00	807.52	25604.77	2.56	0.17	6.61/-20.70	0.00	0.00
002585	双星新材	1	1	100.00	807.51	25564.53	2.56	0.17	-0.54/-20.71	0.00	0.00
600098	广州发展	1	2	50.00	1655.61	24713.43	2.47	0.15	-0.97/-20.79	35941.00	3.39
002458	益生股份	1	1	100.00	807.17	24456.48	2.45	0.15	-2.53/-20.82	0.00	0.00
300111	向日葵	1	1	100.00	807.15	24369.18	2.44	0.15	-0.07/-20.83	0.00	0.00
603937	丽岛新材	1	1	100.00	807.08	24150.58	2.42	0.27	-2.52/-20.85	0.00	0.00
300673	佩蒂股份	2	2	100.00	1610.35	23529.87	2.35	0.25	-7.29/-20.91	0.00	0.00
600520	三佳科技	1	1	100.00	806.87	23459.98	2.35	0.14	4.17/-20.92	0.00	0.00
003030	祖名股份	1	1	100.00	806.68	22837.15	2.28	0.40	-8.33/-20.98	0.00	0.00
603982	泉峰汽车	1	1	100.00	806.58	22466.02	2.25	0.30	-2.70/-21.02	0.00	0.00
600292	电投水电	1	1	100.00	806.57	22437.62	2.24	0.13	1.52/-21.02	0.00	0.00
600626	申达股份	1	1	100.00	806.48	22126.58	2.21	0.13	0.35/-21.05	0.00	0.00
002697	红旗连锁	1	2	50.00	1569.46	21812.12	2.18	0.15	-4.94/-21.08	45961.00	4.60
300818	耐普矿机	1	2	50.00	1601.43	21627.72	2.16	0.33	5.32/-21.10	5908.00	0.59
300247	融捷健康	1	2	50.00	1624.11	21620.05	2.16	0.14	5.40/-21.10	817.50	0.08
002732	燕塘乳业	1	2	50.00	1560.72	21493.82	2.15	0.18	-9.86/-21.11	56743.06	5.67
002115	三维通信	1	1	100.00	806.23	21315.45	2.13	0.13	-2.82/-21.13	0.00	0.00
001228	永泰运	1	1	100.00	806.23	21308.76	2.13	0.48	-3.75/-21.13	0.00	0.00
003015	日久光电	1	1	100.00	806.17	21122.74	2.11	0.35	4.52/-21.15	0.00	0.00
301186	超达装备	1	1	100.00	806.10	20911.38	2.09	0.44	4.16/-21.17	0.00	0.00
601366	利群股份	1	1	100.00	806.10	20854.82	2.09	0.22	5.28/-21.18	0.00	0.00
002258	利尔化学	1	1	100.00	805.66	19399.80	1.94	0.12	-2.99/-21.32	0.00	0.00
300215	电科院	1	1	100.00	805.46	18754.12	1.88	0.12	8.52/-21.39	0.00	0.00
002011	盾安环境	1	2	50.00	1643.33	18086.09	1.81	0.11	1.40/-21.45	29701.00	2.83
301376	致欧科技	1	1	100.00	805.18	17797.91	1.78	0.54	-3.15/-21.48	0.00	0.00
300678	中科信息	1	1	100.00	805.17	17769.54	1.78	0.19	3.58/-21.49	0.00	0.00
300768	迪普科技	1	1	100.00	805.13	17680.90	1.77	0.24	3.88/-21.49	0.00	0.00
600099	林海股份	1	1	100.00	805.09	17506.29	1.75	0.10	4.86/-21.51	0.00	0.00
600202	哈空调	1	1	100.00	805.08	17450.59	1.75	0.10	3.76/-21.52	0.00	0.00
300334	津膜科技	1	1	100.00	805.03	17312.67	1.73	0.12	4.14/-21.53	0.00	0.00
300971	博亚精工	1	2	50.00	1657.51	17212.38	1.72	0.31	-0.81/-21.54	48651.75	4.56
003040	楚天龙	1	1	100.00	804.97	17107.02	1.71	0.31	-3.24/-21.55	0.00	0.00
001373	翔腾新材	1	1	100.00	804.92	16926.21	1.69	0.51	-3.26/-21.57	0.00	0.00
300148	天舟文化	1	2	50.00	1618.54	16554.16	1.66	0.10	7.34/-21.61	813.50	0.08
002299	圣农发展	1	1	100.00	804.71	16224.79	1.62	0.10	3.62/-21.64	0.00	0.00
603898	好莱客	1	1	100.00	804.65	16048.04	1.60	0.14	-5.65/-21.66	0.00	0.00
002877	智能自控	1	2	50.00	1587.68	15766.11	1.58	0.17	-4.38/-21.69	20917.69	2.09
000555	神州信息	1	1	100.00	804.49	15496.42	1.55	0.09	5.60/-21.71	0.00	0.00
001217	华尔泰	1	1	100.00	804.42	15264.59	1.53	0.30	-3.41/-21.74	0.00	0.00
000930	中粮科技	1	1	100.00	804.37	15116.75	1.51	0.09	-1.06/-21.75	0.00	0.00
300553	集智股份	1	1	100.00	804.36	15077.41	1.51	0.15	3.71/-21.75	0.00	0.00
300204	舒泰神	1	1	100.00	804.33	14972.27	1.50	0.10	0.99/-21.77	0.00	0.00
601007	金陵饭店	2	3	66.00	2427.83	14797.94	1.48	0.09	-13.56/-21.78	41657.06	4.02
000789	万年青	1	1	100.00	804.24	14682.54	1.47	0.09	4.72/-21.79	0.00	0.00
002121	科陆电子	1	1	100.00	804.12	14263.67	1.43	0.09	-3.52/-21.84	0.00	0.00
300494	盛天网络	1	1	100.00	803.99	13844.81	1.38	0.13	3.66/-21.88	0.00	0.00
002757	南兴股份	1	1	100.00	803.89	13498.73	1.35	0.12	-3.60/-21.91	0.00	0.00
600433	冠豪高新	1	1	100.00	803.85	13373.41	1.34	0.08	3.60/-21.93	0.00	0.00
603978	深圳新星	1	1	100.00	803.78	13142.59	1.31	0.14	-1.44/-21.95	0.00	0.00
300233	金城医药	1	2	50.00	1614.61	12994.29	1.30	0.08	5.64/-21.96	810.63	0.08
002913	奥士康	1	1	100.00	803.70	12909.87	1.29	0.15	4.89/-21.97	0.00	0.00
300746	汉嘉数智	1	1	100.00	803.67	12771.84	1.28	0.15	4.88/-21.99	0.00	0.00
002554	惠博普	1	2	50.00	1643.21	12766.55	1.28	0.08	7.41/-21.99	36866.50	3.51
002402	和而泰	1	1	100.00	803.63	12633.86	1.26	0.08	4.27/-22.00	0.00	0.00
600276	恒瑞医药	1	1	100.00	803.60	12523.04	1.25	0.07	6.17/-22.01	0.00	0.00
001324	长青科技	1	1	100.00	803.53	12331.19	1.23	0.37	-4.65/-22.03	0.00	0.00
300686	智动力	1	1	100.00	803.26	11407.01	1.14	0.12	-13.41/-22.12	0.00	0.00
600929	雪天盐业	1	1	100.00	803.25	11364.60	1.14	0.13	4.25/-22.13	0.00	0.00
002141	贤丰控股	1	1	100.00	803.21	11238.94	1.12	0.07	6.83/-22.14	0.00	0.00
002225	濮耐股份	1	1	100.00	803.11	10896.72	1.09	0.07	4.59/-22.17	0.00	0.00
688286	敏芯股份	1	1	100.00	803.09	10869.47	1.09	0.18	0.05/-22.18	0.00	0.00
300294	博雅生物	1	1	100.00	803.01	10582.32	1.06	0.07	-0.44/-22.20	0.00	0.00
002953	日丰股份	1	1	100.00	802.99	10497.88	1.05	0.14	-3.90/-22.21	0.00	0.00
300706	阿石创	1	1	100.00	802.97	10450.22	1.05	0.12	0.92/-22.22	0.00	0.00
600261	阳光照明	1	1	100.00	802.83	9963.74	1.00	0.06	0.65/-22.27	0.00	0.00
300556	丝路视觉	1	2	50.00	1590.79	9665.72	0.97	0.10	1.84/-22.30	14719.38	1.47
300097	智云股份	1	3	33.00	2355.05	9438.67	0.94	0.06	2.24/-22.32	46154.81	4.62
002748	世龙实业	1	1	100.00	802.58	9135.63	0.91	0.08	4.52/-22.35	0.00	0.00
300939	秋田微	1	1	100.00	802.56	9099.82	0.91	0.16	5.13/-22.35	0.00	0.00
000401	金隅冀东	1	2	50.00	1579.31	9046.72	0.90	0.05	5.34/-22.36	28850.69	2.89
000543	皖能电力	1	1	100.00	802.55	9028.59	0.90	0.05	-0.96/-22.36	0.00	0.00
300887	谱尼测试	1	1	100.00	802.50	8911.75	0.89	0.15	2.84/-22.37	0.00	0.00
000012	南 玻Ａ	1	1	100.00	802.43	8644.65	0.86	0.05	-4.07/-22.40	0.00	0.00
002615	哈尔斯	1	1	100.00	802.40	8538.71	0.85	0.06	3.97/-22.41	0.00	0.00
300449	汉邦高科	1	1	100.00	802.40	8519.37	0.85	0.07	4.16/-22.41	0.00	0.00
301263	泰恩康	1	1	100.00	802.31	8259.32	0.83	0.18	-5.06/-22.44	0.00	0.00
300217	东方电热	1	1	100.00	802.24	8003.91	0.80	0.05	2.99/-22.46	0.00	0.00
000890	法尔胜	1	1	100.00	802.10	7527.10	0.75	0.04	-8.30/-22.51	0.00	0.00
300107	建新股份	1	2	50.00	1611.32	7344.05	0.73	0.05	13.07/-22.53	4458.81	0.44
300702	天宇股份	1	1	100.00	802.00	7197.23	0.72	0.08	4.55/-22.54	0.00	0.00
300858	科拓生物	1	1	100.00	801.99	7178.00	0.72	0.12	-5.17/-22.54	0.00	0.00
002286	保龄宝	1	1	100.00	801.99	7170.08	0.72	0.04	6.20/-22.55	0.00	0.00
603037	凯众股份	1	1	100.00	801.89	6827.96	0.68	0.07	4.29/-22.58	0.00	0.00
000816	智慧农业	1	1	100.00	801.82	6601.87	0.66	0.04	7.66/-22.60	0.00	0.00
000633	合金投资	1	1	100.00	801.77	6441.03	0.64	0.04	-2.37/-22.62	0.00	0.00
300610	晨化股份	1	2	50.00	1523.22	6375.90	0.64	0.07	-0.05/-22.63	97981.50	9.80
002545	东方铁塔	1	2	50.00	1598.83	6085.87	0.61	0.04	-2.63/-22.65	3348.56	0.33
300530	领湃科技	1	1	100.00	801.66	6075.61	0.61	0.06	3.05/-22.66	0.00	0.00
300932	三友联众	1	1	100.00	801.65	6020.87	0.60	0.11	4.80/-22.66	0.00	0.00
300289	利德曼	1	1	100.00	801.59	5839.57	0.58	0.04	4.78/-22.68	0.00	0.00
603081	大丰实业	1	1	100.00	801.46	5417.59	0.54	0.06	-0.28/-22.72	0.00	0.00
301132	满坤科技	1	1	100.00	801.41	5221.48	0.52	0.13	0.71/-22.74	0.00	0.00
600990	四创电子	1	1	100.00	801.40	5209.98	0.52	0.03	3.63/-22.74	0.00	0.00
300063	天龙集团	1	1	100.00	801.30	4877.66	0.49	0.03	-1.28/-22.77	0.00	0.00
600841	动力新科	1	1	100.00	801.25	4720.89	0.47	0.03	3.59/-22.79	0.00	0.00
300061	旗天科技	1	2	50.00	1607.39	4285.24	0.43	0.03	-8.26/-22.83	3757.63	0.37
603399	永杉锂业	1	1	100.00	801.11	4227.81	0.42	0.03	3.51/-22.84	0.00	0.00
300732	设研院	1	1	100.00	800.97	3783.86	0.38	0.04	-1.73/-22.88	0.00	0.00
600601	方正科技	1	1	100.00	800.92	3602.16	0.36	0.02	-4.97/-22.90	0.00	0.00
300221	银禧科技	1	1	100.00	800.92	3592.48	0.36	0.02	4.05/-22.90	0.00	0.00
688389	普门科技	1	1	100.00	800.91	3586.01	0.36	0.05	-5.84/-22.90	0.00	0.00
300880	迦南智能	1	1	100.00	800.88	3481.91	0.35	0.06	1.18/-22.91	0.00	0.00
600459	贵研铂业	1	1	100.00	800.70	2873.85	0.29	0.02	1.36/-22.98	0.00	0.00
300250	初灵信息	1	1	100.00	800.64	2669.84	0.27	0.02	2.34/-23.00	0.00	0.00
601500	通用股份	1	1	100.00	800.63	2622.31	0.26	0.03	2.25/-23.00	0.00	0.00
603815	交建股份	1	1	100.00	800.63	2622.31	0.26	0.04	-5.91/-23.00	0.00	0.00
300849	锦盛新材	1	1	100.00	800.61	2587.50	0.26	0.04	3.01/-23.00	0.00	0.00
001229	魅视科技	1	1	100.00	800.60	2544.02	0.25	0.06	-5.63/-23.01	0.00	0.00
600505	西昌电力	1	2	50.00	1642.83	2305.80	0.23	0.01	-8.18/-23.03	50800.69	4.82
688193	仁度生物	1	1	100.00	800.47	2218.98	0.22	0.05	1.80/-23.04	0.00	0.00
301039	中集车辆	1	1	100.00	800.42	1945.44	0.19	0.04	4.25/-23.07	0.00	0.00
603117	万林物流	1	1	100.00	800.38	1802.48	0.18	0.02	3.78/-23.08	0.00	0.00
601005	重庆钢铁	1	1	100.00	800.37	1755.89	0.18	0.01	-1.64/-23.09	0.00	0.00
600455	博通股份	1	1	100.00	800.32	1665.48	0.17	0.01	3.77/-23.10	0.00	0.00
300652	雷迪克	1	1	100.00	800.25	1364.71	0.14	0.01	4.31/-23.13	0.00	0.00
601686	友发集团	1	1	100.00	800.21	1235.48	0.12	0.02	-15.19/-23.14	0.00	0.00
300606	金太阳	1	1	100.00	800.13	975.13	0.10	0.01	4.58/-23.17	0.00	0.00
300410	正业科技	1	1	100.00	800.02	607.75	0.06	0.01	3.66/-23.20	0.00	0.00
603657	春光科技	1	1	100.00	799.95	417.47	0.04	0.01	3.64/-23.22	0.00	0.00
000001	平安银行	0	0	0.00	0.00	0.00	0.00	0.00	0.00/-23.26	0.00	0.00
000002	万 科Ａ	0	0	0.00	0.00	0.00	0.00	0.00	0.00/-23.26	0.00	0.00
000007	全新好	0	0	0.00	0.00	0.00	0.00	0.00	0.00/-23.26	0.00	0.00
000008	神州高铁	0	0	0.00	0.00	0.00	0.00	0.00	0.00/-23.26	0.00	0.00
000009	中国宝安	0	0	0.00	0.00	0.00	0.00	0.00	0.00/-23.26	0.00	0.00
000010	*ST美丽	0	0	0.00	0.00	0.00	0.00	0.00	0.00/-23.26	0.00	0.00
000016	*ST康佳A	0	0	0.00	0.00	0.00	0.00	0.00	0.00/-23.26	0.00	0.00
000017	深中华A	0	0	0.00	0.00	0.00	0.00	0.00	0.00/-23.26	0.00	0.00
000025	特 力Ａ	0	0	0.00	0.00	0.00	0.00	0.00	0.00/-23.26	0.00	0.00
000028	国药一致	0	0	0.00	0.00	0.00	0.00	0.00	0.00/-23.26	0.00	0.00
000029	深深房Ａ	0	0	0.00	0.00	0.00	0.00	0.00	0.00/-23.26	0.00	0.00
000032	深桑达Ａ	0	0	0.00	0.00	0.00	0.00	0.00	0.00/-23.26	0.00	0.00
000034	神州数码	0	0	0.00	0.00	0.00	0.00	0.00	0.00/-23.26	0.00	0.00
000036	华联控股	0	0	0.00	0.00	0.00	0.00	0.00	0.00/-23.26	0.00	0.00
000048	京基智农	0	0	0.00	0.00	0.00	0.00	0.00	0.00/-23.26	0.00	0.00
000049	德赛电池	0	0	0.00	0.00	0.00	0.00	0.00	0.00/-23.26	0.00	0.00
000050	深天马Ａ	0	0	0.00	0.00	0.00	0.00	0.00	0.00/-23.26	0.00	0.00
000056	*ST皇庭	0	0	0.00	0.00	0.00	0.00	0.00	0.00/-23.26	0.00	0.00
000062	深圳华强	0	0	0.00	0.00	0.00	0.00	0.00	0.00/-23.26	0.00	0.00
000063	中兴通讯	0	0	0.00	0.00	0.00	0.00	0.00	0.00/-23.26	0.00	0.00
000066	中国长城	0	0	0.00	0.00	0.00	0.00	0.00	0.00/-23.26	0.00	0.00
000068	华控赛格	0	0	0.00	0.00	0.00	0.00	0.00	0.00/-23.26	0.00	0.00
000069	华侨城Ａ	0	0	0.00	0.00	0.00	0.00	0.00	0.00/-23.26	0.00	0.00
000078	ST海王	0	0	0.00	0.00	0.00	0.00	0.00	0.00/-23.26	0.00	0.00
000088	盐 田 港	0	0	0.00	0.00	0.00	0.00	0.00	0.00/-23.26	0.00	0.00
000089	深圳机场	0	0	0.00	0.00	0.00	0.00	0.00	0.00/-23.26	0.00	0.00
000090	天健集团	0	0	0.00	0.00	0.00	0.00	0.00	0.00/-23.26	0.00	0.00
000096	广聚能源	0	0	0.00	0.00	0.00	0.00	0.00	0.00/-23.26	0.00	0.00
000099	中信海直	0	0	0.00	0.00	0.00	0.00	0.00	0.00/-23.26	0.00	0.00
000100	TCL科技	0	0	0.00	0.00	0.00	0.00	0.00	0.00/-23.26	0.00	0.00
000157	中联重科	0	0	0.00	0.00	0.00	0.00	0.00	0.00/-23.26	0.00	0.00
000166	申万宏源	0	0	0.00	0.00	0.00	0.00	0.00	0.00/-23.26	0.00	0.00
000333	美的集团	0	0	0.00	0.00	0.00	0.00	0.00	0.00/-23.26	0.00	0.00
000338	潍柴动力	0	0	0.00	0.00	0.00	0.00	0.00	0.00/-23.26	0.00	0.00
000400	许继电气	0	0	0.00	0.00	0.00	0.00	0.00	0.00/-23.26	0.00	0.00
000403	派林生物	0	0	0.00	0.00	0.00	0.00	0.00	0.00/-23.26	0.00	0.00
000408	藏格矿业	0	0	0.00	0.00	0.00	0.00	0.00	0.00/-23.26	0.00	0.00
000415	渤海租赁	0	0	0.00	0.00	0.00	0.00	0.00	0.00/-23.26	0.00	0.00
000422	湖北宜化	0	0	0.00	0.00	0.00	0.00	0.00	0.00/-23.26	0.00	0.00
000423	东阿阿胶	0	0	0.00	0.00	0.00	0.00	0.00	0.00/-23.26	0.00	0.00
000425	徐工机械	0	0	0.00	0.00	0.00	0.00	0.00	0.00/-23.26	0.00	0.00
000488	ST晨鸣	0	0	0.00	0.00	0.00	0.00	0.00	0.00/-23.26	0.00	0.00
000498	山东路桥	0	0	0.00	0.00	0.00	0.00	0.00	0.00/-23.26	0.00	0.00
000501	武商集团	0	0	0.00	0.00	0.00	0.00	0.00	0.00/-23.26	0.00	0.00
000503	国新健康	0	0	0.00	0.00	0.00	0.00	0.00	0.00/-23.26	0.00	0.00
000505	京粮控股	0	0	0.00	0.00	0.00	0.00	0.00	0.00/-23.26	0.00	0.00
000513	丽珠集团	0	0	0.00	0.00	0.00	0.00	0.00	0.00/-23.26	0.00	0.00
000517	荣安地产	0	0	0.00	0.00	0.00	0.00	0.00	0.00/-23.26	0.00	0.00
000521	长虹美菱	0	0	0.00	0.00	0.00	0.00	0.00	0.00/-23.26	0.00	0.00
000526	学大教育	0	0	0.00	0.00	0.00	0.00	0.00	0.00/-23.26	0.00	0.00
000528	柳 工	0	0	0.00	0.00	0.00	0.00	0.00	0.00/-23.26	0.00	0.00
000532	华金资本	0	0	0.00	0.00	0.00	0.00	0.00	0.00/-23.26	0.00	0.00
000534	万泽股份	0	0	0.00	0.00	0.00	0.00	0.00	0.00/-23.26	0.00	0.00
000536	华映科技	0	0	0.00	0.00	0.00	0.00	0.00	0.00/-23.26	0.00	0.00
000538	云南白药	0	0	0.00	0.00	0.00	0.00	0.00	0.00/-23.26	0.00	0.00
000539	粤电力Ａ	0	0	0.00	0.00	0.00	0.00	0.00	0.00/-23.26	0.00	0.00
000547	航天发展	0	0	0.00	0.00	0.00	0.00	0.00	0.00/-23.26	0.00	0.00
000550	江铃汽车	0	0	0.00	0.00	0.00	0.00	0.00	0.00/-23.26	0.00	0.00
000551	创元科技	0	0	0.00	0.00	0.00	0.00	0.00	0.00/-23.26	0.00	0.00
000552	甘肃能化	0	0	0.00	0.00	0.00	0.00	0.00	0.00/-23.26	0.00	0.00
000564	供销大集	0	0	0.00	0.00	0.00	0.00	0.00	0.00/-23.26	0.00	0.00
000566	海南海药	0	0	0.00	0.00	0.00	0.00	0.00	0.00/-23.26	0.00	0.00
000567	海德股份	0	0	0.00	0.00	0.00	0.00	0.00	0.00/-23.26	0.00	0.00
000568	泸州老窖	0	0	0.00	0.00	0.00	0.00	0.00	0.00/-23.26	0.00	0.00
000571	新大洲A	0	0	0.00	0.00	0.00	0.00	0.00	0.00/-23.26	0.00	0.00
000572	海马汽车	0	0	0.00	0.00	0.00	0.00	0.00	0.00/-23.26	0.00	0.00
000581	威孚高科	0	0	0.00	0.00	0.00	0.00	0.00	0.00/-23.26	0.00	0.00
000582	北部湾港	0	0	0.00	0.00	0.00	0.00	0.00	0.00/-23.26	0.00	0.00
000591	太阳能	0	0	0.00	0.00	0.00	0.00	0.00	0.00/-23.26	0.00	0.00
000592	平潭发展	0	0	0.00	0.00	0.00	0.00	0.00	0.00/-23.26	0.00	0.00
000595	新能股份	0	0	0.00	0.00	0.00	0.00	0.00	0.00/-23.26	0.00	0.00
000596	古井贡酒	0	0	0.00	0.00	0.00	0.00	0.00	0.00/-23.26	0.00	0.00
000600	建投能源	0	0	0.00	0.00	0.00	0.00	0.00	0.00/-23.26	0.00	0.00
000603	盛达资源	0	0	0.00	0.00	0.00	0.00	0.00	0.00/-23.26	0.00	0.00
000607	华媒控股	0	0	0.00	0.00	0.00	0.00	0.00	0.00/-23.26	0.00	0.00
000608	阳光股份	0	0	0.00	0.00	0.00	0.00	0.00	0.00/-23.26	0.00	0.00
000609	*ST中迪	0	0	0.00	0.00	0.00	0.00	0.00	0.00/-23.26	0.00	0.00
000610	*ST西旅	0	0	0.00	0.00	0.00	0.00	0.00	0.00/-23.26	0.00	0.00
000612	焦作万方	0	0	0.00	0.00	0.00	0.00	0.00	0.00/-23.26	0.00	0.00
000615	*ST美谷	0	0	0.00	0.00	0.00	0.00	0.00	0.00/-23.26	0.00	0.00
000617	中油资本	0	0	0.00	0.00	0.00	0.00	0.00	0.00/-23.26	0.00	0.00
000625	长安汽车	0	0	0.00	0.00	0.00	0.00	0.00	0.00/-23.26	0.00	0.00
000626	远大控股	0	0	0.00	0.00	0.00	0.00	0.00	0.00/-23.26	0.00	0.00
000629	钒钛股份	0	0	0.00	0.00	0.00	0.00	0.00	0.00/-23.26	0.00	0.00
000630	铜陵有色	0	0	0.00	0.00	0.00	0.00	0.00	0.00/-23.26	0.00	0.00
000632	ST三木	0	0	0.00	0.00	0.00	0.00	0.00	0.00/-23.26	0.00	0.00
000636	风华高科	0	0	0.00	0.00	0.00	0.00	0.00	0.00/-23.26	0.00	0.00
000639	ST西王	0	0	0.00	0.00	0.00	0.00	0.00	0.00/-23.26	0.00	0.00
000651	格力电器	0	0	0.00	0.00	0.00	0.00	0.00	0.00/-23.26	0.00	0.00
000652	泰达股份	0	0	0.00	0.00	0.00	0.00	0.00	0.00/-23.26	0.00	0.00
000656	金科股份	0	0	0.00	0.00	0.00	0.00	0.00	0.00/-23.26	0.00	0.00
000659	珠海中富	0	0	0.00	0.00	0.00	0.00	0.00	0.00/-23.26	0.00	0.00
000661	长春高新	0	0	0.00	0.00	0.00	0.00	0.00	0.00/-23.26	0.00	0.00
000665	湖北广电	0	0	0.00	0.00	0.00	0.00	0.00	0.00/-23.26	0.00	0.00
000669	ST金鸿	0	0	0.00	0.00	0.00	0.00	0.00	0.00/-23.26	0.00	0.00
000670	盈方微	0	0	0.00	0.00	0.00	0.00	0.00	0.00/-23.26	0.00	0.00
000676	智度股份	0	0	0.00	0.00	0.00	0.00	0.00	0.00/-23.26	0.00	0.00
000677	ST海龙	0	0	0.00	0.00	0.00	0.00	0.00	0.00/-23.26	0.00	0.00
000681	视觉中国	0	0	0.00	0.00	0.00	0.00	0.00	0.00/-23.26	0.00	0.00
000682	东方电子	0	0	0.00	0.00	0.00	0.00	0.00	0.00/-23.26	0.00	0.00
000683	博源化工	0	0	0.00	0.00	0.00	0.00	0.00	0.00/-23.26	0.00	0.00
000686	东北证券	0	0	0.00	0.00	0.00	0.00	0.00	0.00/-23.26	0.00	0.00
000688	国城矿业	0	0	0.00	0.00	0.00	0.00	0.00	0.00/-23.26	0.00	0.00
000698	ST沈化	0	0	0.00	0.00	0.00	0.00	0.00	0.00/-23.26	0.00	0.00
000700	模塑科技	0	0	0.00	0.00	0.00	0.00	0.00	0.00/-23.26	0.00	0.00
000701	厦门信达	0	0	0.00	0.00	0.00	0.00	0.00	0.00/-23.26	0.00	0.00
000708	中信特钢	0	0	0.00	0.00	0.00	0.00	0.00	0.00/-23.26	0.00	0.00
000709	河钢股份	0	0	0.00	0.00	0.00	0.00	0.00	0.00/-23.26	0.00	0.00
000717	中南股份	0	0	0.00	0.00	0.00	0.00	0.00	0.00/-23.26	0.00	0.00
000720	新能泰山	0	0	0.00	0.00	0.00	0.00	0.00	0.00/-23.26	0.00	0.00
000721	西安饮食	0	0	0.00	0.00	0.00	0.00	0.00	0.00/-23.26	0.00	0.00
000723	美锦能源	0	0	0.00	0.00	0.00	0.00	0.00	0.00/-23.26	0.00	0.00
000725	京东方Ａ	0	0	0.00	0.00	0.00	0.00	0.00	0.00/-23.26	0.00	0.00
000727	冠捷科技	0	0	0.00	0.00	0.00	0.00	0.00	0.00/-23.26	0.00	0.00
000728	国元证券	0	0	0.00	0.00	0.00	0.00	0.00	0.00/-23.26	0.00	0.00
000736	中交发展	0	0	0.00	0.00	0.00	0.00	0.00	0.00/-23.26	0.00	0.00
000750	国海证券	0	0	0.00	0.00	0.00	0.00	0.00	0.00/-23.26	0.00	0.00
000752	*ST西发	0	0	0.00	0.00	0.00	0.00	0.00	0.00/-23.26	0.00	0.00
000759	中百集团	0	0	0.00	0.00	0.00	0.00	0.00	0.00/-23.26	0.00	0.00
000761	本钢板材	0	0	0.00	0.00	0.00	0.00	0.00	0.00/-23.26	0.00	0.00
000762	西藏矿业	0	0	0.00	0.00	0.00	0.00	0.00	0.00/-23.26	0.00	0.00
000768	中航西飞	0	0	0.00	0.00	0.00	0.00	0.00	0.00/-23.26	0.00	0.00
000776	广发证券	0	0	0.00	0.00	0.00	0.00	0.00	0.00/-23.26	0.00	0.00
000783	长江证券	0	0	0.00	0.00	0.00	0.00	0.00	0.00/-23.26	0.00	0.00
000785	居然智家	0	0	0.00	0.00	0.00	0.00	0.00	0.00/-23.26	0.00	0.00
000786	北新建材	0	0	0.00	0.00	0.00	0.00	0.00	0.00/-23.26	0.00	0.00
000792	盐湖股份	0	0	0.00	0.00	0.00	0.00	0.00	0.00/-23.26	0.00	0.00
000793	ST华闻	0	0	0.00	0.00	0.00	0.00	0.00	0.00/-23.26	0.00	0.00
000796	凯撒旅业	0	0	0.00	0.00	0.00	0.00	0.00	0.00/-23.26	0.00	0.00
000797	中国武夷	0	0	0.00	0.00	0.00	0.00	0.00	0.00/-23.26	0.00	0.00
000799	酒鬼酒	0	0	0.00	0.00	0.00	0.00	0.00	0.00/-23.26	0.00	0.00
000800	一汽解放	0	0	0.00	0.00	0.00	0.00	0.00	0.00/-23.26	0.00	0.00
000801	四川九洲	0	0	0.00	0.00	0.00	0.00	0.00	0.00/-23.26	0.00	0.00
000803	山高环能	0	0	0.00	0.00	0.00	0.00	0.00	0.00/-23.26	0.00	0.00
000807	云铝股份	0	0	0.00	0.00	0.00	0.00	0.00	0.00/-23.26	0.00	0.00
000810	创维数字	0	0	0.00	0.00	0.00	0.00	0.00	0.00/-23.26	0.00	0.00
000811	冰轮环境	0	0	0.00	0.00	0.00	0.00	0.00	0.00/-23.26	0.00	0.00
000815	美利云	0	0	0.00	0.00	0.00	0.00	0.00	0.00/-23.26	0.00	0.00
000820	神雾节能	0	0	0.00	0.00	0.00	0.00	0.00	0.00/-23.26	0.00	0.00
000821	ST京机	0	0	0.00	0.00	0.00	0.00	0.00	0.00/-23.26	0.00	0.00
000823	超声电子	0	0	0.00	0.00	0.00	0.00	0.00	0.00/-23.26	0.00	0.00
000825	太钢不锈	0	0	0.00	0.00	0.00	0.00	0.00	0.00/-23.26	0.00	0.00
000826	*ST启环	0	0	0.00	0.00	0.00	0.00	0.00	0.00/-23.26	0.00	0.00
000828	东莞控股	0	0	0.00	0.00	0.00	0.00	0.00	0.00/-23.26	0.00	0.00
000829	天音控股	0	0	0.00	0.00	0.00	0.00	0.00	0.00/-23.26	0.00	0.00
000830	鲁西化工	0	0	0.00	0.00	0.00	0.00	0.00	0.00/-23.26	0.00	0.00
000831	中国稀土	0	0	0.00	0.00	0.00	0.00	0.00	0.00/-23.26	0.00	0.00
000833	粤桂股份	0	0	0.00	0.00	0.00	0.00	0.00	0.00/-23.26	0.00	0.00
000838	*ST发展	0	0	0.00	0.00	0.00	0.00	0.00	0.00/-23.26	0.00	0.00
000839	国安股份	0	0	0.00	0.00	0.00	0.00	0.00	0.00/-23.26	0.00	0.00
000858	五 粮 液	0	0	0.00	0.00	0.00	0.00	0.00	0.00/-23.26	0.00	0.00
000860	顺鑫农业	0	0	0.00	0.00	0.00	0.00	0.00	0.00/-23.26	0.00	0.00
000863	三湘印象	0	0	0.00	0.00	0.00	0.00	0.00	0.00/-23.26	0.00	0.00
000876	新 希 望	0	0	0.00	0.00	0.00	0.00	0.00	0.00/-23.26	0.00	0.00
000877	天山股份	0	0	0.00	0.00	0.00	0.00	0.00	0.00/-23.26	0.00	0.00
000880	潍柴重机	0	0	0.00	0.00	0.00	0.00	0.00	0.00/-23.26	0.00	0.00
000883	湖北能源	0	0	0.00	0.00	0.00	0.00	0.00	0.00/-23.26	0.00	0.00
000886	海南高速	0	0	0.00	0.00	0.00	0.00	0.00	0.00/-23.26	0.00	0.00
000887	中鼎股份	0	0	0.00	0.00	0.00	0.00	0.00	0.00/-23.26	0.00	0.00
000895	双汇发展	0	0	0.00	0.00	0.00	0.00	0.00	0.00/-23.26	0.00	0.00
000898	鞍钢股份	0	0	0.00	0.00	0.00	0.00	0.00	0.00/-23.26	0.00	0.00
000902	新洋丰	0	0	0.00	0.00	0.00	0.00	0.00	0.00/-23.26	0.00	0.00
000903	ST云动	0	0	0.00	0.00	0.00	0.00	0.00	0.00/-23.26	0.00	0.00
000908	石药景峰	0	0	0.00	0.00	0.00	0.00	0.00	0.00/-23.26	0.00	0.00
000909	*ST数源	0	0	0.00	0.00	0.00	0.00	0.00	0.00/-23.26	0.00	0.00
000911	*ST广糖	0	0	0.00	0.00	0.00	0.00	0.00	0.00/-23.26	0.00	0.00
000913	钱江摩托	0	0	0.00	0.00	0.00	0.00	0.00	0.00/-23.26	0.00	0.00
000915	华特达因	0	0	0.00	0.00	0.00	0.00	0.00	0.00/-23.26	0.00	0.00
000917	电广传媒	0	0	0.00	0.00	0.00	0.00	0.00	0.00/-23.26	0.00	0.00
000921	海信家电	0	0	0.00	0.00	0.00	0.00	0.00	0.00/-23.26	0.00	0.00
000926	福星股份	0	0	0.00	0.00	0.00	0.00	0.00	0.00/-23.26	0.00	0.00
000928	中钢国际	0	0	0.00	0.00	0.00	0.00	0.00	0.00/-23.26	0.00	0.00
000931	中 关 村	0	0	0.00	0.00	0.00	0.00	0.00	0.00/-23.26	0.00	0.00
000932	华菱钢铁	0	0	0.00	0.00	0.00	0.00	0.00	0.00/-23.26	0.00	0.00
000933	神火股份	0	0	0.00	0.00	0.00	0.00	0.00	0.00/-23.26	0.00	0.00
000936	华西股份	0	0	0.00	0.00	0.00	0.00	0.00	0.00/-23.26	0.00	0.00
000937	冀中能源	0	0	0.00	0.00	0.00	0.00	0.00	0.00/-23.26	0.00	0.00
000938	紫光股份	0	0	0.00	0.00	0.00	0.00	0.00	0.00/-23.26	0.00	0.00
000948	南天信息	0	0	0.00	0.00	0.00	0.00	0.00	0.00/-23.26	0.00	0.00
000951	中国重汽	0	0	0.00	0.00	0.00	0.00	0.00	0.00/-23.26	0.00	0.00
000953	中哲精化	0	0	0.00	0.00	0.00	0.00	0.00	0.00/-23.26	0.00	0.00
000957	中通客车	0	0	0.00	0.00	0.00	0.00	0.00	0.00/-23.26	0.00	0.00
000958	电投产融	0	0	0.00	0.00	0.00	0.00	0.00	0.00/-23.26	0.00	0.00
000959	首钢股份	0	0	0.00	0.00	0.00	0.00	0.00	0.00/-23.26	0.00	0.00
000960	锡业股份	0	0	0.00	0.00	0.00	0.00	0.00	0.00/-23.26	0.00	0.00
000963	华东医药	0	0	0.00	0.00	0.00	0.00	0.00	0.00/-23.26	0.00	0.00
000965	天保基建	0	0	0.00	0.00	0.00	0.00	0.00	0.00/-23.26	0.00	0.00
000975	山金国际	0	0	0.00	0.00	0.00	0.00	0.00	0.00/-23.26	0.00	0.00
000977	浪潮信息	0	0	0.00	0.00	0.00	0.00	0.00	0.00/-23.26	0.00	0.00
000981	山子高科	0	0	0.00	0.00	0.00	0.00	0.00	0.00/-23.26	0.00	0.00
000983	山西焦煤	0	0	0.00	0.00	0.00	0.00	0.00	0.00/-23.26	0.00	0.00
000988	华工科技	0	0	0.00	0.00	0.00	0.00	0.00	0.00/-23.26	0.00	0.00
000990	诚志股份	0	0	0.00	0.00	0.00	0.00	0.00	0.00/-23.26	0.00	0.00
000997	新 大 陆	0	0	0.00	0.00	0.00	0.00	0.00	0.00/-23.26	0.00	0.00
000998	隆平高科	0	0	0.00	0.00	0.00	0.00	0.00	0.00/-23.26	0.00	0.00
001201	东瑞股份	0	0	0.00	0.00	0.00	0.00	0.00	0.00/-23.26	0.00	0.00
001203	大中矿业	0	0	0.00	0.00	0.00	0.00	0.00	0.00/-23.26	0.00	0.00
001206	依依股份	0	0	0.00	0.00	0.00	0.00	0.00	0.00/-23.26	0.00	0.00
001209	洪兴股份	0	0	0.00	0.00	0.00	0.00	0.00	0.00/-23.26	0.00	0.00
001210	金房能源	0	0	0.00	0.00	0.00	0.00	0.00	0.00/-23.26	0.00	0.00
001212	中旗新材	0	0	0.00	0.00	0.00	0.00	0.00	0.00/-23.26	0.00	0.00
001213	中铁特货	0	0	0.00	0.00	0.00	0.00	0.00	0.00/-23.26	0.00	0.00
001215	千味央厨	0	0	0.00	0.00	0.00	0.00	0.00	0.00/-23.26	0.00	0.00
001216	华瓷股份	0	0	0.00	0.00	0.00	0.00	0.00	0.00/-23.26	0.00	0.00
001220	世盟股份	0	0	0.00	0.00	0.00	0.00	0.00	0.00/-23.26	0.00	0.00
001221	悍高集团	0	0	0.00	0.00	0.00	0.00	0.00	0.00/-23.26	0.00	0.00
001222	源飞宠物	0	0	0.00	0.00	0.00	0.00	0.00	0.00/-23.26	0.00	0.00
001226	拓山重工	0	0	0.00	0.00	0.00	0.00	0.00	0.00/-23.26	0.00	0.00
001227	兰州银行	0	0	0.00	0.00	0.00	0.00	0.00	0.00/-23.26	0.00	0.00
001232	嘉立创	0	0	0.00	0.00	0.00	0.00	0.00	0.00/-23.26	0.00	0.00
001233	海安集团	0	0	0.00	0.00	0.00	0.00	0.00	0.00/-23.26	0.00	0.00
001236	弘业期货	0	0	0.00	0.00	0.00	0.00	0.00	0.00/-23.26	0.00	0.00
001237	惠康科技	0	0	0.00	0.00	0.00	0.00	0.00	0.00/-23.26	0.00	0.00
001238	浙江正特	0	0	0.00	0.00	0.00	0.00	0.00	0.00/-23.26	0.00	0.00
001239	永达股份	0	0	0.00	0.00	0.00	0.00	0.00	0.00/-23.26	0.00	0.00
001246	N力勤	0	0	0.00	0.00	0.00	0.00	0.00	0.00/-23.26	0.00	0.00
001248	华润新能	0	0	0.00	0.00	0.00	0.00	0.00	0.00/-23.26	0.00	0.00
001257	盛龙股份	0	0	0.00	0.00	0.00	0.00	0.00	0.00/-23.26	0.00	0.00
001258	立新能源	0	0	0.00	0.00	0.00	0.00	0.00	0.00/-23.26	0.00	0.00
001259	利仁科技	0	0	0.00	0.00	0.00	0.00	0.00	0.00/-23.26	0.00	0.00
001267	汇绿生态	0	0	0.00	0.00	0.00	0.00	0.00	0.00/-23.26	0.00	0.00
001269	欧晶科技	0	0	0.00	0.00	0.00	0.00	0.00	0.00/-23.26	0.00	0.00
001270	铖昌科技	0	0	0.00	0.00	0.00	0.00	0.00	0.00/-23.26	0.00	0.00
001277	速达股份	0	0	0.00	0.00	0.00	0.00	0.00	0.00/-23.26	0.00	0.00
001279	强邦新材	0	0	0.00	0.00	0.00	0.00	0.00	0.00/-23.26	0.00	0.00
001280	中国铀业	0	0	0.00	0.00	0.00	0.00	0.00	0.00/-23.26	0.00	0.00
001283	豪鹏科技	0	0	0.00	0.00	0.00	0.00	0.00	0.00/-23.26	0.00	0.00
001285	瑞立科密	0	0	0.00	0.00	0.00	0.00	0.00	0.00/-23.26	0.00	0.00
001286	陕西能源	0	0	0.00	0.00	0.00	0.00	0.00	0.00/-23.26	0.00	0.00
001287	中电港	0	0	0.00	0.00	0.00	0.00	0.00	0.00/-23.26	0.00	0.00
001289	龙源电力	0	0	0.00	0.00	0.00	0.00	0.00	0.00/-23.26	0.00	0.00
001296	长江材料	0	0	0.00	0.00	0.00	0.00	0.00	0.00/-23.26	0.00	0.00
001298	好上好	0	0	0.00	0.00	0.00	0.00	0.00	0.00/-23.26	0.00	0.00
001301	尚太科技	0	0	0.00	0.00	0.00	0.00	0.00	0.00/-23.26	0.00	0.00
001306	夏厦精密	0	0	0.00	0.00	0.00	0.00	0.00	0.00/-23.26	0.00	0.00
001308	康冠科技	0	0	0.00	0.00	0.00	0.00	0.00	0.00/-23.26	0.00	0.00
001309	德明利	0	0	0.00	0.00	0.00	0.00	0.00	0.00/-23.26	0.00	0.00
001311	多利科技	0	0	0.00	0.00	0.00	0.00	0.00	0.00/-23.26	0.00	0.00
001312	福恩股份	0	0	0.00	0.00	0.00	0.00	0.00	0.00/-23.26	0.00	0.00
001313	粤海饲料	0	0	0.00	0.00	0.00	0.00	0.00	0.00/-23.26	0.00	0.00
001314	亿道信息	0	0	0.00	0.00	0.00	0.00	0.00	0.00/-23.26	0.00	0.00
001316	润贝航科	0	0	0.00	0.00	0.00	0.00	0.00	0.00/-23.26	0.00	0.00
001317	三羊马	0	0	0.00	0.00	0.00	0.00	0.00	0.00/-23.26	0.00	0.00
001322	箭牌家居	0	0	0.00	0.00	0.00	0.00	0.00	0.00/-23.26	0.00	0.00
001325	元创股份	0	0	0.00	0.00	0.00	0.00	0.00	0.00/-23.26	0.00	0.00
001326	联域股份	0	0	0.00	0.00	0.00	0.00	0.00	0.00/-23.26	0.00	0.00
001330	博纳影业	0	0	0.00	0.00	0.00	0.00	0.00	0.00/-23.26	0.00	0.00
001332	锡装股份	0	0	0.00	0.00	0.00	0.00	0.00	0.00/-23.26	0.00	0.00
001335	信凯科技	0	0	0.00	0.00	0.00	0.00	0.00	0.00/-23.26	0.00	0.00
001337	四川黄金	0	0	0.00	0.00	0.00	0.00	0.00	0.00/-23.26	0.00	0.00
001339	智微智能	0	0	0.00	0.00	0.00	0.00	0.00	0.00/-23.26	0.00	0.00
001356	富岭股份	0	0	0.00	0.00	0.00	0.00	0.00	0.00/-23.26	0.00	0.00
001358	兴欣新材	0	0	0.00	0.00	0.00	0.00	0.00	0.00/-23.26	0.00	0.00
001359	平安电工	0	0	0.00	0.00	0.00	0.00	0.00	0.00/-23.26	0.00	0.00
001360	南矿集团	0	0	0.00	0.00	0.00	0.00	0.00	0.00/-23.26	0.00	0.00
001365	天海电子	0	0	0.00	0.00	0.00	0.00	0.00	0.00/-23.26	0.00	0.00
001366	播恩集团	0	0	0.00	0.00	0.00	0.00	0.00	0.00/-23.26	0.00	0.00
001369	双欣材料	0	0	0.00	0.00	0.00	0.00	0.00	0.00/-23.26	0.00	0.00
001376	百通能源	0	0	0.00	0.00	0.00	0.00	0.00	0.00/-23.26	0.00	0.00
001378	德冠新材	0	0	0.00	0.00	0.00	0.00	0.00	0.00/-23.26	0.00	0.00
001379	腾达科技	0	0	0.00	0.00	0.00	0.00	0.00	0.00/-23.26	0.00	0.00
001382	新亚电缆	0	0	0.00	0.00	0.00	0.00	0.00	0.00/-23.26	0.00	0.00
001386	马可波罗	0	0	0.00	0.00	0.00	0.00	0.00	0.00/-23.26	0.00	0.00
001387	雪祺电气	0	0	0.00	0.00	0.00	0.00	0.00	0.00/-23.26	0.00	0.00
001388	信通电子	0	0	0.00	0.00	0.00	0.00	0.00	0.00/-23.26	0.00	0.00
001389	广合科技	0	0	0.00	0.00	0.00	0.00	0.00	0.00/-23.26	0.00	0.00
001390	古麒绒材	0	0	0.00	0.00	0.00	0.00	0.00	0.00/-23.26	0.00	0.00
001391	国货航	0	0	0.00	0.00	0.00	0.00	0.00	0.00/-23.26	0.00	0.00
001393	维通利	0	0	0.00	0.00	0.00	0.00	0.00	0.00/-23.26	0.00	0.00
001395	亚联机械	0	0	0.00	0.00	0.00	0.00	0.00	0.00/-23.26	0.00	0.00
001396	誉帆科技	0	0	0.00	0.00	0.00	0.00	0.00	0.00/-23.26	0.00	0.00
001399	惠科股份	0	0	0.00	0.00	0.00	0.00	0.00	0.00/-23.26	0.00	0.00
001400	江顺科技	0	0	0.00	0.00	0.00	0.00	0.00	0.00/-23.26	0.00	0.00
001696	宗申动力	0	0	0.00	0.00	0.00	0.00	0.00	0.00/-23.26	0.00	0.00
001914	招商积余	0	0	0.00	0.00	0.00	0.00	0.00	0.00/-23.26	0.00	0.00
001965	招商公路	0	0	0.00	0.00	0.00	0.00	0.00	0.00/-23.26	0.00	0.00
001979	招商蛇口	0	0	0.00	0.00	0.00	0.00	0.00	0.00/-23.26	0.00	0.00
002001	新 和 成	0	0	0.00	0.00	0.00	0.00	0.00	0.00/-23.26	0.00	0.00
002003	伟星股份	0	0	0.00	0.00	0.00	0.00	0.00	0.00/-23.26	0.00	0.00
002005	德豪润达	0	0	0.00	0.00	0.00	0.00	0.00	0.00/-23.26	0.00	0.00
002006	精工科技	0	0	0.00	0.00	0.00	0.00	0.00	0.00/-23.26	0.00	0.00
002007	华兰生物	0	0	0.00	0.00	0.00	0.00	0.00	0.00/-23.26	0.00	0.00
002008	大族激光	0	0	0.00	0.00	0.00	0.00	0.00	0.00/-23.26	0.00	0.00
002010	传化智联	0	0	0.00	0.00	0.00	0.00	0.00	0.00/-23.26	0.00	0.00
002012	凯恩股份	0	0	0.00	0.00	0.00	0.00	0.00	0.00/-23.26	0.00	0.00
002014	永新股份	0	0	0.00	0.00	0.00	0.00	0.00	0.00/-23.26	0.00	0.00
002015	协鑫能科	0	0	0.00	0.00	0.00	0.00	0.00	0.00/-23.26	0.00	0.00
002019	亿帆医药	0	0	0.00	0.00	0.00	0.00	0.00	0.00/-23.26	0.00	0.00
002024	ST易购	0	0	0.00	0.00	0.00	0.00	0.00	0.00/-23.26	0.00	0.00
002025	航天电器	0	0	0.00	0.00	0.00	0.00	0.00	0.00/-23.26	0.00	0.00
002027	分众传媒	0	0	0.00	0.00	0.00	0.00	0.00	0.00/-23.26	0.00	0.00
002028	思源电气	0	0	0.00	0.00	0.00	0.00	0.00	0.00/-23.26	0.00	0.00
002030	达安基因	0	0	0.00	0.00	0.00	0.00	0.00	0.00/-23.26	0.00	0.00
002035	华帝股份	0	0	0.00	0.00	0.00	0.00	0.00	0.00/-23.26	0.00	0.00
002036	联创电子	0	0	0.00	0.00	0.00	0.00	0.00	0.00/-23.26	0.00	0.00
002039	黔源电力	0	0	0.00	0.00	0.00	0.00	0.00	0.00/-23.26	0.00	0.00
002043	兔 宝 宝	0	0	0.00	0.00	0.00	0.00	0.00	0.00/-23.26	0.00	0.00
002044	美年健康	0	0	0.00	0.00	0.00	0.00	0.00	0.00/-23.26	0.00	0.00
002047	宝鹰股份	0	0	0.00	0.00	0.00	0.00	0.00	0.00/-23.26	0.00	0.00
002048	宁波华翔	0	0	0.00	0.00	0.00	0.00	0.00	0.00/-23.26	0.00	0.00
002049	紫光国微	0	0	0.00	0.00	0.00	0.00	0.00	0.00/-23.26	0.00	0.00
002050	三花智控	0	0	0.00	0.00	0.00	0.00	0.00	0.00/-23.26	0.00	0.00
002052	同洲电子	0	0	0.00	0.00	0.00	0.00	0.00	0.00/-23.26	0.00	0.00
002055	ST得润	0	0	0.00	0.00	0.00	0.00	0.00	0.00/-23.26	0.00	0.00
002056	横店东磁	0	0	0.00	0.00	0.00	0.00	0.00	0.00/-23.26	0.00	0.00
002058	紫竹高科	0	0	0.00	0.00	0.00	0.00	0.00	0.00/-23.26	0.00	0.00
002060	广东建工	0	0	0.00	0.00	0.00	0.00	0.00	0.00/-23.26	0.00	0.00
002061	浙江交科	0	0	0.00	0.00	0.00	0.00	0.00	0.00/-23.26	0.00	0.00
002063	远光软件	0	0	0.00	0.00	0.00	0.00	0.00	0.00/-23.26	0.00	0.00
002064	华峰化学	0	0	0.00	0.00	0.00	0.00	0.00	0.00/-23.26	0.00	0.00
002066	瑞泰科技	0	0	0.00	0.00	0.00	0.00	0.00	0.00/-23.26	0.00	0.00
002072	凯瑞德	0	0	0.00	0.00	0.00	0.00	0.00	0.00/-23.26	0.00	0.00
002074	国轩高科	0	0	0.00	0.00	0.00	0.00	0.00	0.00/-23.26	0.00	0.00
002075	沙钢股份	0	0	0.00	0.00	0.00	0.00	0.00	0.00/-23.26	0.00	0.00
002077	大港股份	0	0	0.00	0.00	0.00	0.00	0.00	0.00/-23.26	0.00	0.00
002078	太阳纸业	0	0	0.00	0.00	0.00	0.00	0.00	0.00/-23.26	0.00	0.00
002079	苏州固锝	0	0	0.00	0.00	0.00	0.00	0.00	0.00/-23.26	0.00	0.00
002080	中材科技	0	0	0.00	0.00	0.00	0.00	0.00	0.00/-23.26	0.00	0.00
002081	金 螳 螂	0	0	0.00	0.00	0.00	0.00	0.00	0.00/-23.26	0.00	0.00
002082	ST万邦	0	0	0.00	0.00	0.00	0.00	0.00	0.00/-23.26	0.00	0.00
002092	中泰化学	0	0	0.00	0.00	0.00	0.00	0.00	0.00/-23.26	0.00	0.00
002094	青岛金王	0	0	0.00	0.00	0.00	0.00	0.00	0.00/-23.26	0.00	0.00
002097	山河智能	0	0	0.00	0.00	0.00	0.00	0.00	0.00/-23.26	0.00	0.00
002098	浔兴股份	0	0	0.00	0.00	0.00	0.00	0.00	0.00/-23.26	0.00	0.00
002100	天康生物	0	0	0.00	0.00	0.00	0.00	0.00	0.00/-23.26	0.00	0.00
002102	ST能特	0	0	0.00	0.00	0.00	0.00	0.00	0.00/-23.26	0.00	0.00
002106	莱宝高科	0	0	0.00	0.00	0.00	0.00	0.00	0.00/-23.26	0.00	0.00
002109	ST兴化	0	0	0.00	0.00	0.00	0.00	0.00	0.00/-23.26	0.00	0.00
002110	三钢闽光	0	0	0.00	0.00	0.00	0.00	0.00	0.00/-23.26	0.00	0.00
002114	罗平锌电	0	0	0.00	0.00	0.00	0.00	0.00	0.00/-23.26	0.00	0.00
002116	中国海诚	0	0	0.00	0.00	0.00	0.00	0.00	0.00/-23.26	0.00	0.00
002117	东港股份	0	0	0.00	0.00	0.00	0.00	0.00	0.00/-23.26	0.00	0.00
002120	韵达股份	0	0	0.00	0.00	0.00	0.00	0.00	0.00/-23.26	0.00	0.00
002122	ST汇洲	0	0	0.00	0.00	0.00	0.00	0.00	0.00/-23.26	0.00	0.00
002124	天邦食品	0	0	0.00	0.00	0.00	0.00	0.00	0.00/-23.26	0.00	0.00
002126	银轮股份	0	0	0.00	0.00	0.00	0.00	0.00	0.00/-23.26	0.00	0.00
002127	南极电商	0	0	0.00	0.00	0.00	0.00	0.00	0.00/-23.26	0.00	0.00
002128	电投能源	0	0	0.00	0.00	0.00	0.00	0.00	0.00/-23.26	0.00	0.00
002129	TCL中环	0	0	0.00	0.00	0.00	0.00	0.00	0.00/-23.26	0.00	0.00
002130	沃尔核材	0	0	0.00	0.00	0.00	0.00	0.00	0.00/-23.26	0.00	0.00
002131	利欧股份	0	0	0.00	0.00	0.00	0.00	0.00	0.00/-23.26	0.00	0.00
002138	顺络电子	0	0	0.00	0.00	0.00	0.00	0.00	0.00/-23.26	0.00	0.00
002139	拓邦股份	0	0	0.00	0.00	0.00	0.00	0.00	0.00/-23.26	0.00	0.00
002142	宁波银行	0	0	0.00	0.00	0.00	0.00	0.00	0.00/-23.26	0.00	0.00
002146	荣盛发展	0	0	0.00	0.00	0.00	0.00	0.00	0.00/-23.26	0.00	0.00
002148	北纬科技	0	0	0.00	0.00	0.00	0.00	0.00	0.00/-23.26	0.00	0.00
002150	正泰电源	0	0	0.00	0.00	0.00	0.00	0.00	0.00/-23.26	0.00	0.00
002152	广电运通	0	0	0.00	0.00	0.00	0.00	0.00	0.00/-23.26	0.00	0.00
002154	报 喜 鸟	0	0	0.00	0.00	0.00	0.00	0.00	0.00/-23.26	0.00	0.00
002155	湖南黄金	0	0	0.00	0.00	0.00	0.00	0.00	0.00/-23.26	0.00	0.00
002156	通富微电	0	0	0.00	0.00	0.00	0.00	0.00	0.00/-23.26	0.00	0.00
002157	正邦科技	0	0	0.00	0.00	0.00	0.00	0.00	0.00/-23.26	0.00	0.00
002160	常铝股份	0	0	0.00	0.00	0.00	0.00	0.00	0.00/-23.26	0.00	0.00
002163	海南发展	0	0	0.00	0.00	0.00	0.00	0.00	0.00/-23.26	0.00	0.00
002168	ST惠程	0	0	0.00	0.00	0.00	0.00	0.00	0.00/-23.26	0.00	0.00
002170	芭田股份	0	0	0.00	0.00	0.00	0.00	0.00	0.00/-23.26	0.00	0.00
002175	*ST东智	0	0	0.00	0.00	0.00	0.00	0.00	0.00/-23.26	0.00	0.00
002176	江特电机	0	0	0.00	0.00	0.00	0.00	0.00	0.00/-23.26	0.00	0.00
002177	御银股份	0	0	0.00	0.00	0.00	0.00	0.00	0.00/-23.26	0.00	0.00
002178	延华智能	0	0	0.00	0.00	0.00	0.00	0.00	0.00/-23.26	0.00	0.00
002179	中航光电	0	0	0.00	0.00	0.00	0.00	0.00	0.00/-23.26	0.00	0.00
002180	奔图科技	0	0	0.00	0.00	0.00	0.00	0.00	0.00/-23.26	0.00	0.00
002182	宝武镁业	0	0	0.00	0.00	0.00	0.00	0.00	0.00/-23.26	0.00	0.00
002183	怡 亚 通	0	0	0.00	0.00	0.00	0.00	0.00	0.00/-23.26	0.00	0.00
002184	海得控制	0	0	0.00	0.00	0.00	0.00	0.00	0.00/-23.26	0.00	0.00
002185	华天科技	0	0	0.00	0.00	0.00	0.00	0.00	0.00/-23.26	0.00	0.00
002189	中光学	0	0	0.00	0.00	0.00	0.00	0.00	0.00/-23.26	0.00	0.00
002192	融捷股份	0	0	0.00	0.00	0.00	0.00	0.00	0.00/-23.26	0.00	0.00
002193	ST如意	0	0	0.00	0.00	0.00	0.00	0.00	0.00/-23.26	0.00	0.00
002194	武汉凡谷	0	0	0.00	0.00	0.00	0.00	0.00	0.00/-23.26	0.00	0.00
002195	岩山科技	0	0	0.00	0.00	0.00	0.00	0.00	0.00/-23.26	0.00	0.00
002198	ST嘉应	0	0	0.00	0.00	0.00	0.00	0.00	0.00/-23.26	0.00	0.00
002202	金风科技	0	0	0.00	0.00	0.00	0.00	0.00	0.00/-23.26	0.00	0.00
002205	国统股份	0	0	0.00	0.00	0.00	0.00	0.00	0.00/-23.26	0.00	0.00
002207	*ST准油	0	0	0.00	0.00	0.00	0.00	0.00	0.00/-23.26	0.00	0.00
002210	飞马国际	0	0	0.00	0.00	0.00	0.00	0.00	0.00/-23.26	0.00	0.00
002211	ST宏达	0	0	0.00	0.00	0.00	0.00	0.00	0.00/-23.26	0.00	0.00
002212	天融信	0	0	0.00	0.00	0.00	0.00	0.00	0.00/-23.26	0.00	0.00
002214	大立科技	0	0	0.00	0.00	0.00	0.00	0.00	0.00/-23.26	0.00	0.00
002215	诺 普 信	0	0	0.00	0.00	0.00	0.00	0.00	0.00/-23.26	0.00	0.00
002216	三全食品	0	0	0.00	0.00	0.00	0.00	0.00	0.00/-23.26	0.00	0.00
002217	ST合力泰	0	0	0.00	0.00	0.00	0.00	0.00	0.00/-23.26	0.00	0.00
002222	福晶科技	0	0	0.00	0.00	0.00	0.00	0.00	0.00/-23.26	0.00	0.00
002223	鱼跃医疗	0	0	0.00	0.00	0.00	0.00	0.00	0.00/-23.26	0.00	0.00
002226	江南化工	0	0	0.00	0.00	0.00	0.00	0.00	0.00/-23.26	0.00	0.00
002227	*ST特迅	0	0	0.00	0.00	0.00	0.00	0.00	0.00/-23.26	0.00	0.00
002229	鸿博股份	0	0	0.00	0.00	0.00	0.00	0.00	0.00/-23.26	0.00	0.00
002230	科大讯飞	0	0	0.00	0.00	0.00	0.00	0.00	0.00/-23.26	0.00	0.00
002235	安妮股份	0	0	0.00	0.00	0.00	0.00	0.00	0.00/-23.26	0.00	0.00
002236	大华股份	0	0	0.00	0.00	0.00	0.00	0.00	0.00/-23.26	0.00	0.00
002237	恒邦股份	0	0	0.00	0.00	0.00	0.00	0.00	0.00/-23.26	0.00	0.00
002238	天威视讯	0	0	0.00	0.00	0.00	0.00	0.00	0.00/-23.26	0.00	0.00
002240	盛新锂能	0	0	0.00	0.00	0.00	0.00	0.00	0.00/-23.26	0.00	0.00
002241	歌尔股份	0	0	0.00	0.00	0.00	0.00	0.00	0.00/-23.26	0.00	0.00
002242	九阳股份	0	0	0.00	0.00	0.00	0.00	0.00	0.00/-23.26	0.00	0.00
002243	力合科创	0	0	0.00	0.00	0.00	0.00	0.00	0.00/-23.26	0.00	0.00
002245	蔚蓝锂芯	0	0	0.00	0.00	0.00	0.00	0.00	0.00/-23.26	0.00	0.00
002248	华东数控	0	0	0.00	0.00	0.00	0.00	0.00	0.00/-23.26	0.00	0.00
002249	大洋电机	0	0	0.00	0.00	0.00	0.00	0.00	0.00/-23.26	0.00	0.00
002252	上海莱士	0	0	0.00	0.00	0.00	0.00	0.00	0.00/-23.26	0.00	0.00
002256	兆新股份	0	0	0.00	0.00	0.00	0.00	0.00	0.00/-23.26	0.00	0.00
002261	拓维信息	0	0	0.00	0.00	0.00	0.00	0.00	0.00/-23.26	0.00	0.00
002262	恩华药业	0	0	0.00	0.00	0.00	0.00	0.00	0.00/-23.26	0.00	0.00
002266	浙富控股	0	0	0.00	0.00	0.00	0.00	0.00	0.00/-23.26	0.00	0.00
002267	陕天然气	0	0	0.00	0.00	0.00	0.00	0.00	0.00/-23.26	0.00	0.00
002268	电科网安	0	0	0.00	0.00	0.00	0.00	0.00	0.00/-23.26	0.00	0.00
002270	华明装备	0	0	0.00	0.00	0.00	0.00	0.00	0.00/-23.26	0.00	0.00
002271	东方雨虹	0	0	0.00	0.00	0.00	0.00	0.00	0.00/-23.26	0.00	0.00
002273	水晶光电	0	0	0.00	0.00	0.00	0.00	0.00	0.00/-23.26	0.00	0.00
002274	华昌化工	0	0	0.00	0.00	0.00	0.00	0.00	0.00/-23.26	0.00	0.00
002276	万马股份	0	0	0.00	0.00	0.00	0.00	0.00	0.00/-23.26	0.00	0.00
002279	久其软件	0	0	0.00	0.00	0.00	0.00	0.00	0.00/-23.26	0.00	0.00
002281	光迅科技	0	0	0.00	0.00	0.00	0.00	0.00	0.00/-23.26	0.00	0.00
002284	亚太股份	0	0	0.00	0.00	0.00	0.00	0.00	0.00/-23.26	0.00	0.00
002289	宇顺电子	0	0	0.00	0.00	0.00	0.00	0.00	0.00/-23.26	0.00	0.00
002290	禾盛新材	0	0	0.00	0.00	0.00	0.00	0.00	0.00/-23.26	0.00	0.00
002291	遥望科技	0	0	0.00	0.00	0.00	0.00	0.00	0.00/-23.26	0.00	0.00
002292	奥飞娱乐	0	0	0.00	0.00	0.00	0.00	0.00	0.00/-23.26	0.00	0.00
002293	罗莱生活	0	0	0.00	0.00	0.00	0.00	0.00	0.00/-23.26	0.00	0.00
002294	信立泰	0	0	0.00	0.00	0.00	0.00	0.00	0.00/-23.26	0.00	0.00
002302	西部建设	0	0	0.00	0.00	0.00	0.00	0.00	0.00/-23.26	0.00	0.00
002303	美盈森	0	0	0.00	0.00	0.00	0.00	0.00	0.00/-23.26	0.00	0.00
002304	洋河股份	0	0	0.00	0.00	0.00	0.00	0.00	0.00/-23.26	0.00	0.00
002305	*ST南置	0	0	0.00	0.00	0.00	0.00	0.00	0.00/-23.26	0.00	0.00
002306	ST云网	0	0	0.00	0.00	0.00	0.00	0.00	0.00/-23.26	0.00	0.00
002310	东方新能	0	0	0.00	0.00	0.00	0.00	0.00	0.00/-23.26	0.00	0.00
002311	海大集团	0	0	0.00	0.00	0.00	0.00	0.00	0.00/-23.26	0.00	0.00
002313	日海智能	0	0	0.00	0.00	0.00	0.00	0.00	0.00/-23.26	0.00	0.00
002315	焦点科技	0	0	0.00	0.00	0.00	0.00	0.00	0.00/-23.26	0.00	0.00
002318	久立特材	0	0	0.00	0.00	0.00	0.00	0.00	0.00/-23.26	0.00	0.00
002319	乐通股份	0	0	0.00	0.00	0.00	0.00	0.00	0.00/-23.26	0.00	0.00
002321	华英农业	0	0	0.00	0.00	0.00	0.00	0.00	0.00/-23.26	0.00	0.00
002323	*ST雅博	0	0	0.00	0.00	0.00	0.00	0.00	0.00/-23.26	0.00	0.00
002327	富安娜	0	0	0.00	0.00	0.00	0.00	0.00	0.00/-23.26	0.00	0.00
002332	仙琚制药	0	0	0.00	0.00	0.00	0.00	0.00	0.00/-23.26	0.00	0.00
002335	科华数据	0	0	0.00	0.00	0.00	0.00	0.00	0.00/-23.26	0.00	0.00
002339	积成电子	0	0	0.00	0.00	0.00	0.00	0.00	0.00/-23.26	0.00	0.00
002340	格林美	0	0	0.00	0.00	0.00	0.00	0.00	0.00/-23.26	0.00	0.00
002343	慈文传媒	0	0	0.00	0.00	0.00	0.00	0.00	0.00/-23.26	0.00	0.00
002344	海宁皮城	0	0	0.00	0.00	0.00	0.00	0.00	0.00/-23.26	0.00	0.00
002345	潮宏基	0	0	0.00	0.00	0.00	0.00	0.00	0.00/-23.26	0.00	0.00
002346	柘中股份	0	0	0.00	0.00	0.00	0.00	0.00	0.00/-23.26	0.00	0.00
002351	漫步者	0	0	0.00	0.00	0.00	0.00	0.00	0.00/-23.26	0.00	0.00
002352	顺丰控股	0	0	0.00	0.00	0.00	0.00	0.00	0.00/-23.26	0.00	0.00
002353	杰瑞股份	0	0	0.00	0.00	0.00	0.00	0.00	0.00/-23.26	0.00	0.00
002354	天娱数科	0	0	0.00	0.00	0.00	0.00	0.00	0.00/-23.26	0.00	0.00
002356	鹏飞绿能	0	0	0.00	0.00	0.00	0.00	0.00	0.00/-23.26	0.00	0.00
002358	森源电气	0	0	0.00	0.00	0.00	0.00	0.00	0.00/-23.26	0.00	0.00
002360	ST同德	0	0	0.00	0.00	0.00	0.00	0.00	0.00/-23.26	0.00	0.00
002367	康力电梯	0	0	0.00	0.00	0.00	0.00	0.00	0.00/-23.26	0.00	0.00
002368	太极股份	0	0	0.00	0.00	0.00	0.00	0.00	0.00/-23.26	0.00	0.00
002369	卓翼科技	0	0	0.00	0.00	0.00	0.00	0.00	0.00/-23.26	0.00	0.00
002371	北方华创	0	0	0.00	0.00	0.00	0.00	0.00	0.00/-23.26	0.00	0.00
002372	伟星新材	0	0	0.00	0.00	0.00	0.00	0.00	0.00/-23.26	0.00	0.00
002373	千方科技	0	0	0.00	0.00	0.00	0.00	0.00	0.00/-23.26	0.00	0.00
002379	宏桥控股	0	0	0.00	0.00	0.00	0.00	0.00	0.00/-23.26	0.00	0.00
002383	合众思壮	0	0	0.00	0.00	0.00	0.00	0.00	0.00/-23.26	0.00	0.00
002384	东山精密	0	0	0.00	0.00	0.00	0.00	0.00	0.00/-23.26	0.00	0.00
002387	维信诺	0	0	0.00	0.00	0.00	0.00	0.00	0.00/-23.26	0.00	0.00
002389	航天彩虹	0	0	0.00	0.00	0.00	0.00	0.00	0.00/-23.26	0.00	0.00
002396	星网锐捷	0	0	0.00	0.00	0.00	0.00	0.00	0.00/-23.26	0.00	0.00
002399	海普瑞	0	0	0.00	0.00	0.00	0.00	0.00	0.00/-23.26	0.00	0.00
002404	嘉欣丝绸	0	0	0.00	0.00	0.00	0.00	0.00	0.00/-23.26	0.00	0.00
002405	四维图新	0	0	0.00	0.00	0.00	0.00	0.00	0.00/-23.26	0.00	0.00
002407	多氟多	0	0	0.00	0.00	0.00	0.00	0.00	0.00/-23.26	0.00	0.00
002409	雅克科技	0	0	0.00	0.00	0.00	0.00	0.00	0.00/-23.26	0.00	0.00
002410	广联达	0	0	0.00	0.00	0.00	0.00	0.00	0.00/-23.26	0.00	0.00
002414	高德红外	0	0	0.00	0.00	0.00	0.00	0.00	0.00/-23.26	0.00	0.00
002415	海康威视	0	0	0.00	0.00	0.00	0.00	0.00	0.00/-23.26	0.00	0.00
002416	爱施德	0	0	0.00	0.00	0.00	0.00	0.00	0.00/-23.26	0.00	0.00
002418	康盛股份	0	0	0.00	0.00	0.00	0.00	0.00	0.00/-23.26	0.00	0.00
002422	科伦药业	0	0	0.00	0.00	0.00	0.00	0.00	0.00/-23.26	0.00	0.00
002423	中粮资本	0	0	0.00	0.00	0.00	0.00	0.00	0.00/-23.26	0.00	0.00
002424	ST百灵	0	0	0.00	0.00	0.00	0.00	0.00	0.00/-23.26	0.00	0.00
002425	凯撒文化	0	0	0.00	0.00	0.00	0.00	0.00	0.00/-23.26	0.00	0.00
002426	胜利精密	0	0	0.00	0.00	0.00	0.00	0.00	0.00/-23.26	0.00	0.00
002430	杭氧股份	0	0	0.00	0.00	0.00	0.00	0.00	0.00/-23.26	0.00	0.00
002431	ST棕榈	0	0	0.00	0.00	0.00	0.00	0.00	0.00/-23.26	0.00	0.00
002432	九安医疗	0	0	0.00	0.00	0.00	0.00	0.00	0.00/-23.26	0.00	0.00
002436	兴森科技	0	0	0.00	0.00	0.00	0.00	0.00	0.00/-23.26	0.00	0.00
002438	江苏神通	0	0	0.00	0.00	0.00	0.00	0.00	0.00/-23.26	0.00	0.00
002439	启明星辰	0	0	0.00	0.00	0.00	0.00	0.00	0.00/-23.26	0.00	0.00
002444	巨星科技	0	0	0.00	0.00	0.00	0.00	0.00	0.00/-23.26	0.00	0.00
002445	中南文化	0	0	0.00	0.00	0.00	0.00	0.00	0.00/-23.26	0.00	0.00
002452	长高电气	0	0	0.00	0.00	0.00	0.00	0.00	0.00/-23.26	0.00	0.00
002456	欧菲光	0	0	0.00	0.00	0.00	0.00	0.00	0.00/-23.26	0.00	0.00
002459	晶澳科技	0	0	0.00	0.00	0.00	0.00	0.00	0.00/-23.26	0.00	0.00
002460	赣锋锂业	0	0	0.00	0.00	0.00	0.00	0.00	0.00/-23.26	0.00	0.00
002461	珠江啤酒	0	0	0.00	0.00	0.00	0.00	0.00	0.00/-23.26	0.00	0.00
002463	沪电股份	0	0	0.00	0.00	0.00	0.00	0.00	0.00/-23.26	0.00	0.00
002465	海格通信	0	0	0.00	0.00	0.00	0.00	0.00	0.00/-23.26	0.00	0.00
002466	天齐锂业	0	0	0.00	0.00	0.00	0.00	0.00	0.00/-23.26	0.00	0.00
002468	申通快递	0	0	0.00	0.00	0.00	0.00	0.00	0.00/-23.26	0.00	0.00
002472	双环传动	0	0	0.00	0.00	0.00	0.00	0.00	0.00/-23.26	0.00	0.00
002475	立讯精密	0	0	0.00	0.00	0.00	0.00	0.00	0.00/-23.26	0.00	0.00
002484	江海股份	0	0	0.00	0.00	0.00	0.00	0.00	0.00/-23.26	0.00	0.00
002485	ST雪发	0	0	0.00	0.00	0.00	0.00	0.00	0.00/-23.26	0.00	0.00
002486	嘉麟杰	0	0	0.00	0.00	0.00	0.00	0.00	0.00/-23.26	0.00	0.00
002488	金固股份	0	0	0.00	0.00	0.00	0.00	0.00	0.00/-23.26	0.00	0.00
002489	浙江永强	0	0	0.00	0.00	0.00	0.00	0.00	0.00/-23.26	0.00	0.00
002493	荣盛石化	0	0	0.00	0.00	0.00	0.00	0.00	0.00/-23.26	0.00	0.00
002497	雅化集团	0	0	0.00	0.00	0.00	0.00	0.00	0.00/-23.26	0.00	0.00
002500	山西证券	0	0	0.00	0.00	0.00	0.00	0.00	0.00/-23.26	0.00	0.00
002501	*ST利源	0	0	0.00	0.00	0.00	0.00	0.00	0.00/-23.26	0.00	0.00
002506	协鑫集成	0	0	0.00	0.00	0.00	0.00	0.00	0.00/-23.26	0.00	0.00
002507	涪陵榨菜	0	0	0.00	0.00	0.00	0.00	0.00	0.00/-23.26	0.00	0.00
002508	老板电器	0	0	0.00	0.00	0.00	0.00	0.00	0.00/-23.26	0.00	0.00
002512	ST达华	0	0	0.00	0.00	0.00	0.00	0.00	0.00/-23.26	0.00	0.00
002513	蓝丰生化	0	0	0.00	0.00	0.00	0.00	0.00	0.00/-23.26	0.00	0.00
002514	*ST宝馨	0	0	0.00	0.00	0.00	0.00	0.00	0.00/-23.26	0.00	0.00
002515	金字火腿	0	0	0.00	0.00	0.00	0.00	0.00	0.00/-23.26	0.00	0.00
002517	恺英网络	0	0	0.00	0.00	0.00	0.00	0.00	0.00/-23.26	0.00	0.00
002518	科士达	0	0	0.00	0.00	0.00	0.00	0.00	0.00/-23.26	0.00	0.00
002528	*ST英飞	0	0	0.00	0.00	0.00	0.00	0.00	0.00/-23.26	0.00	0.00
002529	海源复材	0	0	0.00	0.00	0.00	0.00	0.00	0.00/-23.26	0.00	0.00
002530	金财互联	0	0	0.00	0.00	0.00	0.00	0.00	0.00/-23.26	0.00	0.00
002531	天顺风能	0	0	0.00	0.00	0.00	0.00	0.00	0.00/-23.26	0.00	0.00
002532	天山铝业	0	0	0.00	0.00	0.00	0.00	0.00	0.00/-23.26	0.00	0.00
002533	金杯电工	0	0	0.00	0.00	0.00	0.00	0.00	0.00/-23.26	0.00	0.00
002536	飞龙股份	0	0	0.00	0.00	0.00	0.00	0.00	0.00/-23.26	0.00	0.00
002537	海联金汇	0	0	0.00	0.00	0.00	0.00	0.00	0.00/-23.26	0.00	0.00
002538	ST司特	0	0	0.00	0.00	0.00	0.00	0.00	0.00/-23.26	0.00	0.00
002542	*ST中岩	0	0	0.00	0.00	0.00	0.00	0.00	0.00/-23.26	0.00	0.00
002544	普天科技	0	0	0.00	0.00	0.00	0.00	0.00	0.00/-23.26	0.00	0.00
002547	*ST春兴	0	0	0.00	0.00	0.00	0.00	0.00	0.00/-23.26	0.00	0.00
002549	凯美特气	0	0	0.00	0.00	0.00	0.00	0.00	0.00/-23.26	0.00	0.00
002552	宝鼎科技	0	0	0.00	0.00	0.00	0.00	0.00	0.00/-23.26	0.00	0.00
002555	三七互娱	0	0	0.00	0.00	0.00	0.00	0.00	0.00/-23.26	0.00	0.00
002557	洽洽食品	0	0	0.00	0.00	0.00	0.00	0.00	0.00/-23.26	0.00	0.00
002561	徐家汇	0	0	0.00	0.00	0.00	0.00	0.00	0.00/-23.26	0.00	0.00
002562	兄弟科技	0	0	0.00	0.00	0.00	0.00	0.00	0.00/-23.26	0.00	0.00
002563	森马服饰	0	0	0.00	0.00	0.00	0.00	0.00	0.00/-23.26	0.00	0.00
002568	百润股份	0	0	0.00	0.00	0.00	0.00	0.00	0.00/-23.26	0.00	0.00
002569	*ST步森	0	0	0.00	0.00	0.00	0.00	0.00	0.00/-23.26	0.00	0.00
002570	贝因美	0	0	0.00	0.00	0.00	0.00	0.00	0.00/-23.26	0.00	0.00
002572	索菲亚	0	0	0.00	0.00	0.00	0.00	0.00	0.00/-23.26	0.00	0.00
002577	雷柏科技	0	0	0.00	0.00	0.00	0.00	0.00	0.00/-23.26	0.00	0.00
002581	*ST未名	0	0	0.00	0.00	0.00	0.00	0.00	0.00/-23.26	0.00	0.00
002582	好想你	0	0	0.00	0.00	0.00	0.00	0.00	0.00/-23.26	0.00	0.00
002584	西陇科学	0	0	0.00	0.00	0.00	0.00	0.00	0.00/-23.26	0.00	0.00
002588	史丹利	0	0	0.00	0.00	0.00	0.00	0.00	0.00/-23.26	0.00	0.00
002590	万安科技	0	0	0.00	0.00	0.00	0.00	0.00	0.00/-23.26	0.00	0.00
002591	恒大高新	0	0	0.00	0.00	0.00	0.00	0.00	0.00/-23.26	0.00	0.00
002592	ST八菱	0	0	0.00	0.00	0.00	0.00	0.00	0.00/-23.26	0.00	0.00
002594	比亚迪	0	0	0.00	0.00	0.00	0.00	0.00	0.00/-23.26	0.00	0.00
002595	豪迈科技	0	0	0.00	0.00	0.00	0.00	0.00	0.00/-23.26	0.00	0.00
002596	海南瑞泽	0	0	0.00	0.00	0.00	0.00	0.00	0.00/-23.26	0.00	0.00
002597	金禾实业	0	0	0.00	0.00	0.00	0.00	0.00	0.00/-23.26	0.00	0.00
002598	ST章鼓	0	0	0.00	0.00	0.00	0.00	0.00	0.00/-23.26	0.00	0.00
002600	领益智造	0	0	0.00	0.00	0.00	0.00	0.00	0.00/-23.26	0.00	0.00
002601	龙佰集团	0	0	0.00	0.00	0.00	0.00	0.00	0.00/-23.26	0.00	0.00
002602	世纪华通	0	0	0.00	0.00	0.00	0.00	0.00	0.00/-23.26	0.00	0.00
002605	姚记科技	0	0	0.00	0.00	0.00	0.00	0.00	0.00/-23.26	0.00	0.00
002607	中公教育	0	0	0.00	0.00	0.00	0.00	0.00	0.00/-23.26	0.00	0.00
002608	江苏国信	0	0	0.00	0.00	0.00	0.00	0.00	0.00/-23.26	0.00	0.00
002611	东方精工	0	0	0.00	0.00	0.00	0.00	0.00	0.00/-23.26	0.00	0.00
002613	北玻股份	0	0	0.00	0.00	0.00	0.00	0.00	0.00/-23.26	0.00	0.00
002617	露笑科技	0	0	0.00	0.00	0.00	0.00	0.00	0.00/-23.26	0.00	0.00
002620	*ST瑞和	0	0	0.00	0.00	0.00	0.00	0.00	0.00/-23.26	0.00	0.00
002622	皓宸医疗	0	0	0.00	0.00	0.00	0.00	0.00	0.00/-23.26	0.00	0.00
002623	亚玛顿	0	0	0.00	0.00	0.00	0.00	0.00	0.00/-23.26	0.00	0.00
002624	完美世界	0	0	0.00	0.00	0.00	0.00	0.00	0.00/-23.26	0.00	0.00
002625	光启技术	0	0	0.00	0.00	0.00	0.00	0.00	0.00/-23.26	0.00	0.00
002630	*ST华西	0	0	0.00	0.00	0.00	0.00	0.00	0.00/-23.26	0.00	0.00
002632	道明光学	0	0	0.00	0.00	0.00	0.00	0.00	0.00/-23.26	0.00	0.00
002634	*ST棒杰	0	0	0.00	0.00	0.00	0.00	0.00	0.00/-23.26	0.00	0.00
002635	安洁科技	0	0	0.00	0.00	0.00	0.00	0.00	0.00/-23.26	0.00	0.00
002638	勤上股份	0	0	0.00	0.00	0.00	0.00	0.00	0.00/-23.26	0.00	0.00
002640	跨境通	0	0	0.00	0.00	0.00	0.00	0.00	0.00/-23.26	0.00	0.00
002642	荣联科技	0	0	0.00	0.00	0.00	0.00	0.00	0.00/-23.26	0.00	0.00
002643	万润股份	0	0	0.00	0.00	0.00	0.00	0.00	0.00/-23.26	0.00	0.00
002647	仁东控股	0	0	0.00	0.00	0.00	0.00	0.00	0.00/-23.26	0.00	0.00
002648	卫星化学	0	0	0.00	0.00	0.00	0.00	0.00	0.00/-23.26	0.00	0.00
002650	ST加加	0	0	0.00	0.00	0.00	0.00	0.00	0.00/-23.26	0.00	0.00
002652	扬子新材	0	0	0.00	0.00	0.00	0.00	0.00	0.00/-23.26	0.00	0.00
002653	海思科	0	0	0.00	0.00	0.00	0.00	0.00	0.00/-23.26	0.00	0.00
002656	摩登大道	0	0	0.00	0.00	0.00	0.00	0.00	0.00/-23.26	0.00	0.00
002659	凯文教育	0	0	0.00	0.00	0.00	0.00	0.00	0.00/-23.26	0.00	0.00
002660	茂硕电源	0	0	0.00	0.00	0.00	0.00	0.00	0.00/-23.26	0.00	0.00
002667	*ST威领	0	0	0.00	0.00	0.00	0.00	0.00	0.00/-23.26	0.00	0.00
002668	TCL智家	0	0	0.00	0.00	0.00	0.00	0.00	0.00/-23.26	0.00	0.00
002673	西部证券	0	0	0.00	0.00	0.00	0.00	0.00	0.00/-23.26	0.00	0.00
002674	兴业科技	0	0	0.00	0.00	0.00	0.00	0.00	0.00/-23.26	0.00	0.00
002683	广东宏大	0	0	0.00	0.00	0.00	0.00	0.00	0.00/-23.26	0.00	0.00
002689	ST远智	0	0	0.00	0.00	0.00	0.00	0.00	0.00/-23.26	0.00	0.00
002690	美亚光电	0	0	0.00	0.00	0.00	0.00	0.00	0.00/-23.26	0.00	0.00
002691	*ST冀凯	0	0	0.00	0.00	0.00	0.00	0.00	0.00/-23.26	0.00	0.00
002693	双成药业	0	0	0.00	0.00	0.00	0.00	0.00	0.00/-23.26	0.00	0.00
002694	*ST顾地	0	0	0.00	0.00	0.00	0.00	0.00	0.00/-23.26	0.00	0.00
002698	博实股份	0	0	0.00	0.00	0.00	0.00	0.00	0.00/-23.26	0.00	0.00
002701	奥瑞金	0	0	0.00	0.00	0.00	0.00	0.00	0.00/-23.26	0.00	0.00
002705	新宝股份	0	0	0.00	0.00	0.00	0.00	0.00	0.00/-23.26	0.00	0.00
002706	良信股份	0	0	0.00	0.00	0.00	0.00	0.00	0.00/-23.26	0.00	0.00
002707	众信旅游	0	0	0.00	0.00	0.00	0.00	0.00	0.00/-23.26	0.00	0.00
002709	天赐材料	0	0	0.00	0.00	0.00	0.00	0.00	0.00/-23.26	0.00	0.00
002712	思美传媒	0	0	0.00	0.00	0.00	0.00	0.00	0.00/-23.26	0.00	0.00
002714	牧原股份	0	0	0.00	0.00	0.00	0.00	0.00	0.00/-23.26	0.00	0.00
002716	湖南白银	0	0	0.00	0.00	0.00	0.00	0.00	0.00/-23.26	0.00	0.00
002717	*ST岭南	0	0	0.00	0.00	0.00	0.00	0.00	0.00/-23.26	0.00	0.00
002719	ST麦趣	0	0	0.00	0.00	0.00	0.00	0.00	0.00/-23.26	0.00	0.00
002721	金一文化	0	0	0.00	0.00	0.00	0.00	0.00	0.00/-23.26	0.00	0.00
002726	ST龙大	0	0	0.00	0.00	0.00	0.00	0.00	0.00/-23.26	0.00	0.00
002727	一心堂	0	0	0.00	0.00	0.00	0.00	0.00	0.00/-23.26	0.00	0.00
002731	*ST萃华	0	0	0.00	0.00	0.00	0.00	0.00	0.00/-23.26	0.00	0.00
002736	国信证券	0	0	0.00	0.00	0.00	0.00	0.00	0.00/-23.26	0.00	0.00
002737	葵花药业	0	0	0.00	0.00	0.00	0.00	0.00	0.00/-23.26	0.00	0.00
002738	中矿资源	0	0	0.00	0.00	0.00	0.00	0.00	0.00/-23.26	0.00	0.00
002739	儒意电影	0	0	0.00	0.00	0.00	0.00	0.00	0.00/-23.26	0.00	0.00
002741	光华科技	0	0	0.00	0.00	0.00	0.00	0.00	0.00/-23.26	0.00	0.00
002742	冀衡医药	0	0	0.00	0.00	0.00	0.00	0.00	0.00/-23.26	0.00	0.00
002743	ST富煌	0	0	0.00	0.00	0.00	0.00	0.00	0.00/-23.26	0.00	0.00
002745	木林森	0	0	0.00	0.00	0.00	0.00	0.00	0.00/-23.26	0.00	0.00
002747	埃斯顿	0	0	0.00	0.00	0.00	0.00	0.00	0.00/-23.26	0.00	0.00
002755	奥赛康	0	0	0.00	0.00	0.00	0.00	0.00	0.00/-23.26	0.00	0.00
002756	永兴材料	0	0	0.00	0.00	0.00	0.00	0.00	0.00/-23.26	0.00	0.00
002759	ST天际	0	0	0.00	0.00	0.00	0.00	0.00	0.00/-23.26	0.00	0.00
002761	浙江建投	0	0	0.00	0.00	0.00	0.00	0.00	0.00/-23.26	0.00	0.00
002762	金发拉比	0	0	0.00	0.00	0.00	0.00	0.00	0.00/-23.26	0.00	0.00
002766	索菱股份	0	0	0.00	0.00	0.00	0.00	0.00	0.00/-23.26	0.00	0.00
002773	康弘药业	0	0	0.00	0.00	0.00	0.00	0.00	0.00/-23.26	0.00	0.00
002777	久远银海	0	0	0.00	0.00	0.00	0.00	0.00	0.00/-23.26	0.00	0.00
002778	中晟高科	0	0	0.00	0.00	0.00	0.00	0.00	0.00/-23.26	0.00	0.00
002785	万里石	0	0	0.00	0.00	0.00	0.00	0.00	0.00/-23.26	0.00	0.00
002786	银宝山新	0	0	0.00	0.00	0.00	0.00	0.00	0.00/-23.26	0.00	0.00
002789	*ST建艺	0	0	0.00	0.00	0.00	0.00	0.00	0.00/-23.26	0.00	0.00
002792	通宇通讯	0	0	0.00	0.00	0.00	0.00	0.00	0.00/-23.26	0.00	0.00
002796	世嘉科技	0	0	0.00	0.00	0.00	0.00	0.00	0.00/-23.26	0.00	0.00
002797	第一创业	0	0	0.00	0.00	0.00	0.00	0.00	0.00/-23.26	0.00	0.00
002798	帝欧水华	0	0	0.00	0.00	0.00	0.00	0.00	0.00/-23.26	0.00	0.00
002799	环球印务	0	0	0.00	0.00	0.00	0.00	0.00	0.00/-23.26	0.00	0.00
002801	微光股份	0	0	0.00	0.00	0.00	0.00	0.00	0.00/-23.26	0.00	0.00
002803	吉宏股份	0	0	0.00	0.00	0.00	0.00	0.00	0.00/-23.26	0.00	0.00
002806	华锋股份	0	0	0.00	0.00	0.00	0.00	0.00	0.00/-23.26	0.00	0.00
002811	郑中设计	0	0	0.00	0.00	0.00	0.00	0.00	0.00/-23.26	0.00	0.00
002812	恩捷股份	0	0	0.00	0.00	0.00	0.00	0.00	0.00/-23.26	0.00	0.00
002813	路畅科技	0	0	0.00	0.00	0.00	0.00	0.00	0.00/-23.26	0.00	0.00
002815	崇达技术	0	0	0.00	0.00	0.00	0.00	0.00	0.00/-23.26	0.00	0.00
002816	*ST和科	0	0	0.00	0.00	0.00	0.00	0.00	0.00/-23.26	0.00	0.00
002819	东方中科	0	0	0.00	0.00	0.00	0.00	0.00	0.00/-23.26	0.00	0.00
002821	凯莱英	0	0	0.00	0.00	0.00	0.00	0.00	0.00/-23.26	0.00	0.00
002822	ST中装	0	0	0.00	0.00	0.00	0.00	0.00	0.00/-23.26	0.00	0.00
002823	凯中精密	0	0	0.00	0.00	0.00	0.00	0.00	0.00/-23.26	0.00	0.00
002824	和胜股份	0	0	0.00	0.00	0.00	0.00	0.00	0.00/-23.26	0.00	0.00
002831	裕同科技	0	0	0.00	0.00	0.00	0.00	0.00	0.00/-23.26	0.00	0.00
002832	比音勒芬	0	0	0.00	0.00	0.00	0.00	0.00	0.00/-23.26	0.00	0.00
002833	弘亚数控	0	0	0.00	0.00	0.00	0.00	0.00	0.00/-23.26	0.00	0.00
002835	同为股份	0	0	0.00	0.00	0.00	0.00	0.00	0.00/-23.26	0.00	0.00
002837	英维克	0	0	0.00	0.00	0.00	0.00	0.00	0.00/-23.26	0.00	0.00
002839	张家港行	0	0	0.00	0.00	0.00	0.00	0.00	0.00/-23.26	0.00	0.00
002841	视源股份	0	0	0.00	0.00	0.00	0.00	0.00	0.00/-23.26	0.00	0.00
002845	同兴达	0	0	0.00	0.00	0.00	0.00	0.00	0.00/-23.26	0.00	0.00
002846	英联股份	0	0	0.00	0.00	0.00	0.00	0.00	0.00/-23.26	0.00	0.00
002847	盐津铺子	0	0	0.00	0.00	0.00	0.00	0.00	0.00/-23.26	0.00	0.00
002850	科达利	0	0	0.00	0.00	0.00	0.00	0.00	0.00/-23.26	0.00	0.00
002852	道道全	0	0	0.00	0.00	0.00	0.00	0.00	0.00/-23.26	0.00	0.00
002856	*ST美芝	0	0	0.00	0.00	0.00	0.00	0.00	0.00/-23.26	0.00	0.00
002859	洁美科技	0	0	0.00	0.00	0.00	0.00	0.00	0.00/-23.26	0.00	0.00
002862	实丰文化	0	0	0.00	0.00	0.00	0.00	0.00	0.00/-23.26	0.00	0.00
002866	传艺科技	0	0	0.00	0.00	0.00	0.00	0.00	0.00/-23.26	0.00	0.00
002867	周大生	0	0	0.00	0.00	0.00	0.00	0.00	0.00/-23.26	0.00	0.00
002869	金溢科技	0	0	0.00	0.00	0.00	0.00	0.00	0.00/-23.26	0.00	0.00
002872	ST天圣	0	0	0.00	0.00	0.00	0.00	0.00	0.00/-23.26	0.00	0.00
002875	安奈儿	0	0	0.00	0.00	0.00	0.00	0.00	0.00/-23.26	0.00	0.00
002876	三利谱	0	0	0.00	0.00	0.00	0.00	0.00	0.00/-23.26	0.00	0.00
002883	*ST中设	0	0	0.00	0.00	0.00	0.00	0.00	0.00/-23.26	0.00	0.00
002884	凌霄泵业	0	0	0.00	0.00	0.00	0.00	0.00	0.00/-23.26	0.00	0.00
002886	沃特股份	0	0	0.00	0.00	0.00	0.00	0.00	0.00/-23.26	0.00	0.00
002887	绿茵生态	0	0	0.00	0.00	0.00	0.00	0.00	0.00/-23.26	0.00	0.00
002888	惠威科技	0	0	0.00	0.00	0.00	0.00	0.00	0.00/-23.26	0.00	0.00
002891	中宠股份	0	0	0.00	0.00	0.00	0.00	0.00	0.00/-23.26	0.00	0.00
002895	川恒股份	0	0	0.00	0.00	0.00	0.00	0.00	0.00/-23.26	0.00	0.00
002897	意华股份	0	0	0.00	0.00	0.00	0.00	0.00	0.00/-23.26	0.00	0.00
002901	大博医疗	0	0	0.00	0.00	0.00	0.00	0.00	0.00/-23.26	0.00	0.00
002903	宇环数控	0	0	0.00	0.00	0.00	0.00	0.00	0.00/-23.26	0.00	0.00
002906	华阳集团	0	0	0.00	0.00	0.00	0.00	0.00	0.00/-23.26	0.00	0.00
002908	德生科技	0	0	0.00	0.00	0.00	0.00	0.00	0.00/-23.26	0.00	0.00
002911	佛燃能源	0	0	0.00	0.00	0.00	0.00	0.00	0.00/-23.26	0.00	0.00
002912	中新赛克	0	0	0.00	0.00	0.00	0.00	0.00	0.00/-23.26	0.00	0.00
002915	中欣氟材	0	0	0.00	0.00	0.00	0.00	0.00	0.00/-23.26	0.00	0.00
002916	深南电路	0	0	0.00	0.00	0.00	0.00	0.00	0.00/-23.26	0.00	0.00
002920	德赛西威	0	0	0.00	0.00	0.00	0.00	0.00	0.00/-23.26	0.00	0.00
002926	华西证券	0	0	0.00	0.00	0.00	0.00	0.00	0.00/-23.26	0.00	0.00
002928	华夏航空	0	0	0.00	0.00	0.00	0.00	0.00	0.00/-23.26	0.00	0.00
002930	宏川智慧	0	0	0.00	0.00	0.00	0.00	0.00	0.00/-23.26	0.00	0.00
002932	*ST明德	0	0	0.00	0.00	0.00	0.00	0.00	0.00/-23.26	0.00	0.00
002935	天奥电子	0	0	0.00	0.00	0.00	0.00	0.00	0.00/-23.26	0.00	0.00
002936	郑州银行	0	0	0.00	0.00	0.00	0.00	0.00	0.00/-23.26	0.00	0.00
002937	兴瑞科技	0	0	0.00	0.00	0.00	0.00	0.00	0.00/-23.26	0.00	0.00
002938	鹏鼎控股	0	0	0.00	0.00	0.00	0.00	0.00	0.00/-23.26	0.00	0.00
002939	长城证券	0	0	0.00	0.00	0.00	0.00	0.00	0.00/-23.26	0.00	0.00
002940	昂利康	0	0	0.00	0.00	0.00	0.00	0.00	0.00/-23.26	0.00	0.00
002941	新疆交建	0	0	0.00	0.00	0.00	0.00	0.00	0.00/-23.26	0.00	0.00
002945	华林证券	0	0	0.00	0.00	0.00	0.00	0.00	0.00/-23.26	0.00	0.00
002947	恒铭达	0	0	0.00	0.00	0.00	0.00	0.00	0.00/-23.26	0.00	0.00
002948	青岛银行	0	0	0.00	0.00	0.00	0.00	0.00	0.00/-23.26	0.00	0.00
002949	华阳国际	0	0	0.00	0.00	0.00	0.00	0.00	0.00/-23.26	0.00	0.00
002950	奥美医疗	0	0	0.00	0.00	0.00	0.00	0.00	0.00/-23.26	0.00	0.00
002951	金时科技	0	0	0.00	0.00	0.00	0.00	0.00	0.00/-23.26	0.00	0.00
002952	亚世光电	0	0	0.00	0.00	0.00	0.00	0.00	0.00/-23.26	0.00	0.00
002956	西麦食品	0	0	0.00	0.00	0.00	0.00	0.00	0.00/-23.26	0.00	0.00
002958	青农商行	0	0	0.00	0.00	0.00	0.00	0.00	0.00/-23.26	0.00	0.00
002959	小熊电器	0	0	0.00	0.00	0.00	0.00	0.00	0.00/-23.26	0.00	0.00
002960	青鸟智控	0	0	0.00	0.00	0.00	0.00	0.00	0.00/-23.26	0.00	0.00
002961	瑞达期货	0	0	0.00	0.00	0.00	0.00	0.00	0.00/-23.26	0.00	0.00
002962	五方光电	0	0	0.00	0.00	0.00	0.00	0.00	0.00/-23.26	0.00	0.00
002965	祥鑫科技	0	0	0.00	0.00	0.00	0.00	0.00	0.00/-23.26	0.00	0.00
002966	苏州银行	0	0	0.00	0.00	0.00	0.00	0.00	0.00/-23.26	0.00	0.00
002968	新大正	0	0	0.00	0.00	0.00	0.00	0.00	0.00/-23.26	0.00	0.00
002970	锐明技术	0	0	0.00	0.00	0.00	0.00	0.00	0.00/-23.26	0.00	0.00
002971	和远气体	0	0	0.00	0.00	0.00	0.00	0.00	0.00/-23.26	0.00	0.00
002973	侨银股份	0	0	0.00	0.00	0.00	0.00	0.00	0.00/-23.26	0.00	0.00
002975	博杰股份	0	0	0.00	0.00	0.00	0.00	0.00	0.00/-23.26	0.00	0.00
002976	瑞玛精密	0	0	0.00	0.00	0.00	0.00	0.00	0.00/-23.26	0.00	0.00
002977	*ST天箭	0	0	0.00	0.00	0.00	0.00	0.00	0.00/-23.26	0.00	0.00
002978	安宁股份	0	0	0.00	0.00	0.00	0.00	0.00	0.00/-23.26	0.00	0.00
002979	雷赛智能	0	0	0.00	0.00	0.00	0.00	0.00	0.00/-23.26	0.00	0.00
002981	朝阳科技	0	0	0.00	0.00	0.00	0.00	0.00	0.00/-23.26	0.00	0.00
002983	芯瑞达	0	0	0.00	0.00	0.00	0.00	0.00	0.00/-23.26	0.00	0.00
002984	森麒麟	0	0	0.00	0.00	0.00	0.00	0.00	0.00/-23.26	0.00	0.00
002985	北摩高科	0	0	0.00	0.00	0.00	0.00	0.00	0.00/-23.26	0.00	0.00
002987	京北方	0	0	0.00	0.00	0.00	0.00	0.00	0.00/-23.26	0.00	0.00
002989	中天精装	0	0	0.00	0.00	0.00	0.00	0.00	0.00/-23.26	0.00	0.00
002990	盛视科技	0	0	0.00	0.00	0.00	0.00	0.00	0.00/-23.26	0.00	0.00
002991	甘源食品	0	0	0.00	0.00	0.00	0.00	0.00	0.00/-23.26	0.00	0.00
002992	宝明科技	0	0	0.00	0.00	0.00	0.00	0.00	0.00/-23.26	0.00	0.00
002993	奥海科技	0	0	0.00	0.00	0.00	0.00	0.00	0.00/-23.26	0.00	0.00
002995	天地在线	0	0	0.00	0.00	0.00	0.00	0.00	0.00/-23.26	0.00	0.00
002997	瑞鹄模具	0	0	0.00	0.00	0.00	0.00	0.00	0.00/-23.26	0.00	0.00
003000	劲仔食品	0	0	0.00	0.00	0.00	0.00	0.00	0.00/-23.26	0.00	0.00
003001	中岩大地	0	0	0.00	0.00	0.00	0.00	0.00	0.00/-23.26	0.00	0.00
003002	壶化股份	0	0	0.00	0.00	0.00	0.00	0.00	0.00/-23.26	0.00	0.00
003004	声迅股份	0	0	0.00	0.00	0.00	0.00	0.00	0.00/-23.26	0.00	0.00
003005	竞业达	0	0	0.00	0.00	0.00	0.00	0.00	0.00/-23.26	0.00	0.00
003006	百亚股份	0	0	0.00	0.00	0.00	0.00	0.00	0.00/-23.26	0.00	0.00
003007	直真科技	0	0	0.00	0.00	0.00	0.00	0.00	0.00/-23.26	0.00	0.00
003010	若羽臣	0	0	0.00	0.00	0.00	0.00	0.00	0.00/-23.26	0.00	0.00
003011	海象新材	0	0	0.00	0.00	0.00	0.00	0.00	0.00/-23.26	0.00	0.00
003012	东鹏控股	0	0	0.00	0.00	0.00	0.00	0.00	0.00/-23.26	0.00	0.00
003013	地铁设计	0	0	0.00	0.00	0.00	0.00	0.00	0.00/-23.26	0.00	0.00
003016	欣贺股份	0	0	0.00	0.00	0.00	0.00	0.00	0.00/-23.26	0.00	0.00
003019	宸展光电	0	0	0.00	0.00	0.00	0.00	0.00	0.00/-23.26	0.00	0.00
003021	兆威机电	0	0	0.00	0.00	0.00	0.00	0.00	0.00/-23.26	0.00	0.00
003025	思进智能	0	0	0.00	0.00	0.00	0.00	0.00	0.00/-23.26	0.00	0.00
003026	中晶科技	0	0	0.00	0.00	0.00	0.00	0.00	0.00/-23.26	0.00	0.00
003028	振邦智能	0	0	0.00	0.00	0.00	0.00	0.00	0.00/-23.26	0.00	0.00
003029	吉大正元	0	0	0.00	0.00	0.00	0.00	0.00	0.00/-23.26	0.00	0.00
003031	中瓷电子	0	0	0.00	0.00	0.00	0.00	0.00	0.00/-23.26	0.00	0.00
003032	传智教育	0	0	0.00	0.00	0.00	0.00	0.00	0.00/-23.26	0.00	0.00
003033	征和工业	0	0	0.00	0.00	0.00	0.00	0.00	0.00/-23.26	0.00	0.00
003036	泰坦股份	0	0	0.00	0.00	0.00	0.00	0.00	0.00/-23.26	0.00	0.00
003043	华亚智能	0	0	0.00	0.00	0.00	0.00	0.00	0.00/-23.26	0.00	0.00
003816	中国广核	0	0	0.00	0.00	0.00	0.00	0.00	0.00/-23.26	0.00	0.00
300001	特锐德	0	0	0.00	0.00	0.00	0.00	0.00	0.00/-23.26	0.00	0.00
300003	乐普医疗	0	0	0.00	0.00	0.00	0.00	0.00	0.00/-23.26	0.00	0.00
300010	ST豆神	0	0	0.00	0.00	0.00	0.00	0.00	0.00/-23.26	0.00	0.00
300012	华测检测	0	0	0.00	0.00	0.00	0.00	0.00	0.00/-23.26	0.00	0.00
300014	亿纬锂能	0	0	0.00	0.00	0.00	0.00	0.00	0.00/-23.26	0.00	0.00
300015	爱尔眼科	0	0	0.00	0.00	0.00	0.00	0.00	0.00/-23.26	0.00	0.00
300016	北陆药业	0	0	0.00	0.00	0.00	0.00	0.00	0.00/-23.26	0.00	0.00
300017	网宿科技	0	0	0.00	0.00	0.00	0.00	0.00	0.00/-23.26	0.00	0.00
300019	硅宝科技	0	0	0.00	0.00	0.00	0.00	0.00	0.00/-23.26	0.00	0.00
300020	ST银江	0	0	0.00	0.00	0.00	0.00	0.00	0.00/-23.26	0.00	0.00
300027	ST华谊	0	0	0.00	0.00	0.00	0.00	0.00	0.00/-23.26	0.00	0.00
300030	阳普医疗	0	0	0.00	0.00	0.00	0.00	0.00	0.00/-23.26	0.00	0.00
300031	宝通科技	0	0	0.00	0.00	0.00	0.00	0.00	0.00/-23.26	0.00	0.00
300032	金龙机电	0	0	0.00	0.00	0.00	0.00	0.00	0.00/-23.26	0.00	0.00
300033	同花顺	0	0	0.00	0.00	0.00	0.00	0.00	0.00/-23.26	0.00	0.00
300036	超图软件	0	0	0.00	0.00	0.00	0.00	0.00	0.00/-23.26	0.00	0.00
300037	新宙邦	0	0	0.00	0.00	0.00	0.00	0.00	0.00/-23.26	0.00	0.00
300044	*ST赛为	0	0	0.00	0.00	0.00	0.00	0.00	0.00/-23.26	0.00	0.00
300045	华力创通	0	0	0.00	0.00	0.00	0.00	0.00	0.00/-23.26	0.00	0.00
300046	台基股份	0	0	0.00	0.00	0.00	0.00	0.00	0.00/-23.26	0.00	0.00
300047	天源迪科	0	0	0.00	0.00	0.00	0.00	0.00	0.00/-23.26	0.00	0.00
300049	福瑞医科	0	0	0.00	0.00	0.00	0.00	0.00	0.00/-23.26	0.00	0.00
300052	中青宝	0	0	0.00	0.00	0.00	0.00	0.00	0.00/-23.26	0.00	0.00
300054	鼎龙股份	0	0	0.00	0.00	0.00	0.00	0.00	0.00/-23.26	0.00	0.00
300058	蓝色光标	0	0	0.00	0.00	0.00	0.00	0.00	0.00/-23.26	0.00	0.00
300059	东方财富	0	0	0.00	0.00	0.00	0.00	0.00	0.00/-23.26	0.00	0.00
300068	ST南都	0	0	0.00	0.00	0.00	0.00	0.00	0.00/-23.26	0.00	0.00
300070	碧水源	0	0	0.00	0.00	0.00	0.00	0.00	0.00/-23.26	0.00	0.00
300072	海新能科	0	0	0.00	0.00	0.00	0.00	0.00	0.00/-23.26	0.00	0.00
300073	当升科技	0	0	0.00	0.00	0.00	0.00	0.00	0.00/-23.26	0.00	0.00
300075	数字政通	0	0	0.00	0.00	0.00	0.00	0.00	0.00/-23.26	0.00	0.00
300076	*ST宁视	0	0	0.00	0.00	0.00	0.00	0.00	0.00/-23.26	0.00	0.00
300077	国民技术	0	0	0.00	0.00	0.00	0.00	0.00	0.00/-23.26	0.00	0.00
300080	易成新能	0	0	0.00	0.00	0.00	0.00	0.00	0.00/-23.26	0.00	0.00
300081	ST恒信	0	0	0.00	0.00	0.00	0.00	0.00	0.00/-23.26	0.00	0.00
300082	奥克股份	0	0	0.00	0.00	0.00	0.00	0.00	0.00/-23.26	0.00	0.00
300083	创世纪	0	0	0.00	0.00	0.00	0.00	0.00	0.00/-23.26	0.00	0.00
300085	银之杰	0	0	0.00	0.00	0.00	0.00	0.00	0.00/-23.26	0.00	0.00
300087	ST荃银	0	0	0.00	0.00	0.00	0.00	0.00	0.00/-23.26	0.00	0.00
300088	长信科技	0	0	0.00	0.00	0.00	0.00	0.00	0.00/-23.26	0.00	0.00
300091	*ST金灵	0	0	0.00	0.00	0.00	0.00	0.00	0.00/-23.26	0.00	0.00
300095	华伍股份	0	0	0.00	0.00	0.00	0.00	0.00	0.00/-23.26	0.00	0.00
300096	易联众	0	0	0.00	0.00	0.00	0.00	0.00	0.00/-23.26	0.00	0.00
300098	高新兴	0	0	0.00	0.00	0.00	0.00	0.00	0.00/-23.26	0.00	0.00
300101	振芯科技	0	0	0.00	0.00	0.00	0.00	0.00	0.00/-23.26	0.00	0.00
300102	乾照光电	0	0	0.00	0.00	0.00	0.00	0.00	0.00/-23.26	0.00	0.00
300109	新开源	0	0	0.00	0.00	0.00	0.00	0.00	0.00/-23.26	0.00	0.00
300118	东方日升	0	0	0.00	0.00	0.00	0.00	0.00	0.00/-23.26	0.00	0.00
300119	瑞普生物	0	0	0.00	0.00	0.00	0.00	0.00	0.00/-23.26	0.00	0.00
300120	经纬辉开	0	0	0.00	0.00	0.00	0.00	0.00	0.00/-23.26	0.00	0.00
300122	智飞生物	0	0	0.00	0.00	0.00	0.00	0.00	0.00/-23.26	0.00	0.00
300123	ST亚光	0	0	0.00	0.00	0.00	0.00	0.00	0.00/-23.26	0.00	0.00
300124	汇川技术	0	0	0.00	0.00	0.00	0.00	0.00	0.00/-23.26	0.00	0.00
300131	英唐智控	0	0	0.00	0.00	0.00	0.00	0.00	0.00/-23.26	0.00	0.00
300133	华策影视	0	0	0.00	0.00	0.00	0.00	0.00	0.00/-23.26	0.00	0.00
300136	信维通信	0	0	0.00	0.00	0.00	0.00	0.00	0.00/-23.26	0.00	0.00
300139	晓程科技	0	0	0.00	0.00	0.00	0.00	0.00	0.00/-23.26	0.00	0.00
300144	宋城演艺	0	0	0.00	0.00	0.00	0.00	0.00	0.00/-23.26	0.00	0.00
300146	汤臣倍健	0	0	0.00	0.00	0.00	0.00	0.00	0.00/-23.26	0.00	0.00
300147	*ST香雪	0	0	0.00	0.00	0.00	0.00	0.00	0.00/-23.26	0.00	0.00
300149	睿智医药	0	0	0.00	0.00	0.00	0.00	0.00	0.00/-23.26	0.00	0.00
300152	*ST动力	0	0	0.00	0.00	0.00	0.00	0.00	0.00/-23.26	0.00	0.00
300157	新锦动力	0	0	0.00	0.00	0.00	0.00	0.00	0.00/-23.26	0.00	0.00
300158	振东制药	0	0	0.00	0.00	0.00	0.00	0.00	0.00/-23.26	0.00	0.00
300159	新研股份	0	0	0.00	0.00	0.00	0.00	0.00	0.00/-23.26	0.00	0.00
300162	雷曼光电	0	0	0.00	0.00	0.00	0.00	0.00	0.00/-23.26	0.00	0.00
300166	东方国信	0	0	0.00	0.00	0.00	0.00	0.00	0.00/-23.26	0.00	0.00
300167	ST迪威迅	0	0	0.00	0.00	0.00	0.00	0.00	0.00/-23.26	0.00	0.00
300170	汉得信息	0	0	0.00	0.00	0.00	0.00	0.00	0.00/-23.26	0.00	0.00
300173	ST福能	0	0	0.00	0.00	0.00	0.00	0.00	0.00/-23.26	0.00	0.00
300180	华峰超纤	0	0	0.00	0.00	0.00	0.00	0.00	0.00/-23.26	0.00	0.00
300181	佐力药业	0	0	0.00	0.00	0.00	0.00	0.00	0.00/-23.26	0.00	0.00
300182	捷成股份	0	0	0.00	0.00	0.00	0.00	0.00	0.00/-23.26	0.00	0.00
300183	东软载波	0	0	0.00	0.00	0.00	0.00	0.00	0.00/-23.26	0.00	0.00
300192	科德教育	0	0	0.00	0.00	0.00	0.00	0.00	0.00/-23.26	0.00	0.00
300197	节能铁汉	0	0	0.00	0.00	0.00	0.00	0.00	0.00/-23.26	0.00	0.00
300198	*ST纳川	0	0	0.00	0.00	0.00	0.00	0.00	0.00/-23.26	0.00	0.00
300199	翰宇药业	0	0	0.00	0.00	0.00	0.00	0.00	0.00/-23.26	0.00	0.00
300205	*ST天喻	0	0	0.00	0.00	0.00	0.00	0.00	0.00/-23.26	0.00	0.00
300207	欣旺达	0	0	0.00	0.00	0.00	0.00	0.00	0.00/-23.26	0.00	0.00
300209	行云科技	0	0	0.00	0.00	0.00	0.00	0.00	0.00/-23.26	0.00	0.00
300210	森远股份	0	0	0.00	0.00	0.00	0.00	0.00	0.00/-23.26	0.00	0.00
300211	亿通科技	0	0	0.00	0.00	0.00	0.00	0.00	0.00/-23.26	0.00	0.00
300212	*ST易录	0	0	0.00	0.00	0.00	0.00	0.00	0.00/-23.26	0.00	0.00
300219	鸿利智汇	0	0	0.00	0.00	0.00	0.00	0.00	0.00/-23.26	0.00	0.00
300223	君正股份	0	0	0.00	0.00	0.00	0.00	0.00	0.00/-23.26	0.00	0.00
300225	金力泰	0	0	0.00	0.00	0.00	0.00	0.00	0.00/-23.26	0.00	0.00
300226	上海钢联	0	0	0.00	0.00	0.00	0.00	0.00	0.00/-23.26	0.00	0.00
300237	ST美晨	0	0	0.00	0.00	0.00	0.00	0.00	0.00/-23.26	0.00	0.00
300238	冠昊生物	0	0	0.00	0.00	0.00	0.00	0.00	0.00/-23.26	0.00	0.00
300242	佳云科技	0	0	0.00	0.00	0.00	0.00	0.00	0.00/-23.26	0.00	0.00
300245	ST天玑	0	0	0.00	0.00	0.00	0.00	0.00	0.00/-23.26	0.00	0.00
300248	新开普	0	0	0.00	0.00	0.00	0.00	0.00	0.00/-23.26	0.00	0.00
300251	光线传媒	0	0	0.00	0.00	0.00	0.00	0.00	0.00/-23.26	0.00	0.00
300253	卫宁健康	0	0	0.00	0.00	0.00	0.00	0.00	0.00/-23.26	0.00	0.00
300256	星星科技	0	0	0.00	0.00	0.00	0.00	0.00	0.00/-23.26	0.00	0.00
300257	开山股份	0	0	0.00	0.00	0.00	0.00	0.00	0.00/-23.26	0.00	0.00
300268	佳沃食品	0	0	0.00	0.00	0.00	0.00	0.00	0.00/-23.26	0.00	0.00
300269	联建光电	0	0	0.00	0.00	0.00	0.00	0.00	0.00/-23.26	0.00	0.00
300271	华宇软件	0	0	0.00	0.00	0.00	0.00	0.00	0.00/-23.26	0.00	0.00
300272	开能健康	0	0	0.00	0.00	0.00	0.00	0.00	0.00/-23.26	0.00	0.00
300274	阳光电源	0	0	0.00	0.00	0.00	0.00	0.00	0.00/-23.26	0.00	0.00
300275	梅安森	0	0	0.00	0.00	0.00	0.00	0.00	0.00/-23.26	0.00	0.00
300285	国瓷材料	0	0	0.00	0.00	0.00	0.00	0.00	0.00/-23.26	0.00	0.00
300286	安科瑞	0	0	0.00	0.00	0.00	0.00	0.00	0.00/-23.26	0.00	0.00
300287	飞利信	0	0	0.00	0.00	0.00	0.00	0.00	0.00/-23.26	0.00	0.00
300290	ST荣科	0	0	0.00	0.00	0.00	0.00	0.00	0.00/-23.26	0.00	0.00
300292	吴通控股	0	0	0.00	0.00	0.00	0.00	0.00	0.00/-23.26	0.00	0.00
300295	*ST三六	0	0	0.00	0.00	0.00	0.00	0.00	0.00/-23.26	0.00	0.00
300298	三诺生物	0	0	0.00	0.00	0.00	0.00	0.00	0.00/-23.26	0.00	0.00
300299	富春股份	0	0	0.00	0.00	0.00	0.00	0.00	0.00/-23.26	0.00	0.00
300301	ST长方	0	0	0.00	0.00	0.00	0.00	0.00	0.00/-23.26	0.00	0.00
300304	云意电气	0	0	0.00	0.00	0.00	0.00	0.00	0.00/-23.26	0.00	0.00
300308	中际旭创	0	0	0.00	0.00	0.00	0.00	0.00	0.00/-23.26	0.00	0.00
300310	宜通世纪	0	0	0.00	0.00	0.00	0.00	0.00	0.00/-23.26	0.00	0.00
300311	任子行	0	0	0.00	0.00	0.00	0.00	0.00	0.00/-23.26	0.00	0.00
300316	晶盛机电	0	0	0.00	0.00	0.00	0.00	0.00	0.00/-23.26	0.00	0.00
300319	麦捷科技	0	0	0.00	0.00	0.00	0.00	0.00	0.00/-23.26	0.00	0.00
300322	硕贝德	0	0	0.00	0.00	0.00	0.00	0.00	0.00/-23.26	0.00	0.00
300324	旋极信息	0	0	0.00	0.00	0.00	0.00	0.00	0.00/-23.26	0.00	0.00
300326	ST凯利	0	0	0.00	0.00	0.00	0.00	0.00	0.00/-23.26	0.00	0.00
300327	中颖电子	0	0	0.00	0.00	0.00	0.00	0.00	0.00/-23.26	0.00	0.00
300328	宜安科技	0	0	0.00	0.00	0.00	0.00	0.00	0.00/-23.26	0.00	0.00
300332	天壕能源	0	0	0.00	0.00	0.00	0.00	0.00	0.00/-23.26	0.00	0.00
300338	*ST开元	0	0	0.00	0.00	0.00	0.00	0.00	0.00/-23.26	0.00	0.00
300339	润和软件	0	0	0.00	0.00	0.00	0.00	0.00	0.00/-23.26	0.00	0.00
300343	联创股份	0	0	0.00	0.00	0.00	0.00	0.00	0.00/-23.26	0.00	0.00
300346	南大光电	0	0	0.00	0.00	0.00	0.00	0.00	0.00/-23.26	0.00	0.00
300347	泰格医药	0	0	0.00	0.00	0.00	0.00	0.00	0.00/-23.26	0.00	0.00
300348	长亮科技	0	0	0.00	0.00	0.00	0.00	0.00	0.00/-23.26	0.00	0.00
300349	金卡智能	0	0	0.00	0.00	0.00	0.00	0.00	0.00/-23.26	0.00	0.00
300350	华鹏飞	0	0	0.00	0.00	0.00	0.00	0.00	0.00/-23.26	0.00	0.00
300351	永贵电器	0	0	0.00	0.00	0.00	0.00	0.00	0.00/-23.26	0.00	0.00
300352	ST信源	0	0	0.00	0.00	0.00	0.00	0.00	0.00/-23.26	0.00	0.00
300353	东土科技	0	0	0.00	0.00	0.00	0.00	0.00	0.00/-23.26	0.00	0.00
300357	我武生物	0	0	0.00	0.00	0.00	0.00	0.00	0.00/-23.26	0.00	0.00
300359	全通教育	0	0	0.00	0.00	0.00	0.00	0.00	0.00/-23.26	0.00	0.00
300360	炬华科技	0	0	0.00	0.00	0.00	0.00	0.00	0.00/-23.26	0.00	0.00
300363	博腾股份	0	0	0.00	0.00	0.00	0.00	0.00	0.00/-23.26	0.00	0.00
300364	中文在线	0	0	0.00	0.00	0.00	0.00	0.00	0.00/-23.26	0.00	0.00
300366	ST创意	0	0	0.00	0.00	0.00	0.00	0.00	0.00/-23.26	0.00	0.00
300369	绿盟科技	0	0	0.00	0.00	0.00	0.00	0.00	0.00/-23.26	0.00	0.00
300370	安控科技	0	0	0.00	0.00	0.00	0.00	0.00	0.00/-23.26	0.00	0.00
300374	中铁装配	0	0	0.00	0.00	0.00	0.00	0.00	0.00/-23.26	0.00	0.00
300375	鹏翎股份	0	0	0.00	0.00	0.00	0.00	0.00	0.00/-23.26	0.00	0.00
300376	易事特	0	0	0.00	0.00	0.00	0.00	0.00	0.00/-23.26	0.00	0.00
300377	赢时胜	0	0	0.00	0.00	0.00	0.00	0.00	0.00/-23.26	0.00	0.00
300382	斯莱克	0	0	0.00	0.00	0.00	0.00	0.00	0.00/-23.26	0.00	0.00
300383	光环新网	0	0	0.00	0.00	0.00	0.00	0.00	0.00/-23.26	0.00	0.00
300384	三联虹普	0	0	0.00	0.00	0.00	0.00	0.00	0.00/-23.26	0.00	0.00
300385	ST雪浪	0	0	0.00	0.00	0.00	0.00	0.00	0.00/-23.26	0.00	0.00
300389	艾比森	0	0	0.00	0.00	0.00	0.00	0.00	0.00/-23.26	0.00	0.00
300390	天华新能	0	0	0.00	0.00	0.00	0.00	0.00	0.00/-23.26	0.00	0.00
300393	中来股份	0	0	0.00	0.00	0.00	0.00	0.00	0.00/-23.26	0.00	0.00
300394	天孚通信	0	0	0.00	0.00	0.00	0.00	0.00	0.00/-23.26	0.00	0.00
300395	菲利华	0	0	0.00	0.00	0.00	0.00	0.00	0.00/-23.26	0.00	0.00
300396	ST迪瑞	0	0	0.00	0.00	0.00	0.00	0.00	0.00/-23.26	0.00	0.00
300397	天和防务	0	0	0.00	0.00	0.00	0.00	0.00	0.00/-23.26	0.00	0.00
300400	劲拓股份	0	0	0.00	0.00	0.00	0.00	0.00	0.00/-23.26	0.00	0.00
300401	花园生物	0	0	0.00	0.00	0.00	0.00	0.00	0.00/-23.26	0.00	0.00
300406	九强生物	0	0	0.00	0.00	0.00	0.00	0.00	0.00/-23.26	0.00	0.00
300408	三环集团	0	0	0.00	0.00	0.00	0.00	0.00	0.00/-23.26	0.00	0.00
300413	芒果超媒	0	0	0.00	0.00	0.00	0.00	0.00	0.00/-23.26	0.00	0.00
300415	伊之密	0	0	0.00	0.00	0.00	0.00	0.00	0.00/-23.26	0.00	0.00
300418	昆仑万维	0	0	0.00	0.00	0.00	0.00	0.00	0.00/-23.26	0.00	0.00
300419	ST浩丰	0	0	0.00	0.00	0.00	0.00	0.00	0.00/-23.26	0.00	0.00
300425	中建环能	0	0	0.00	0.00	0.00	0.00	0.00	0.00/-23.26	0.00	0.00
300428	立中集团	0	0	0.00	0.00	0.00	0.00	0.00	0.00/-23.26	0.00	0.00
300429	强力新材	0	0	0.00	0.00	0.00	0.00	0.00	0.00/-23.26	0.00	0.00
300430	*ST益通	0	0	0.00	0.00	0.00	0.00	0.00	0.00/-23.26	0.00	0.00
300433	蓝思科技	0	0	0.00	0.00	0.00	0.00	0.00	0.00/-23.26	0.00	0.00
300434	金石亚药	0	0	0.00	0.00	0.00	0.00	0.00	0.00/-23.26	0.00	0.00
300436	广生堂	0	0	0.00	0.00	0.00	0.00	0.00	0.00/-23.26	0.00	0.00
300438	鹏辉能源	0	0	0.00	0.00	0.00	0.00	0.00	0.00/-23.26	0.00	0.00
300442	润泽科技	0	0	0.00	0.00	0.00	0.00	0.00	0.00/-23.26	0.00	0.00
300443	金雷股份	0	0	0.00	0.00	0.00	0.00	0.00	0.00/-23.26	0.00	0.00
300446	航天智造	0	0	0.00	0.00	0.00	0.00	0.00	0.00/-23.26	0.00	0.00
300447	全信股份	0	0	0.00	0.00	0.00	0.00	0.00	0.00/-23.26	0.00	0.00
300448	浩云科技	0	0	0.00	0.00	0.00	0.00	0.00	0.00/-23.26	0.00	0.00
300450	先导智能	0	0	0.00	0.00	0.00	0.00	0.00	0.00/-23.26	0.00	0.00
300454	深信服	0	0	0.00	0.00	0.00	0.00	0.00	0.00/-23.26	0.00	0.00
300456	赛微电子	0	0	0.00	0.00	0.00	0.00	0.00	0.00/-23.26	0.00	0.00
300457	赢合科技	0	0	0.00	0.00	0.00	0.00	0.00	0.00/-23.26	0.00	0.00
300458	全志科技	0	0	0.00	0.00	0.00	0.00	0.00	0.00/-23.26	0.00	0.00
300460	ST惠伦	0	0	0.00	0.00	0.00	0.00	0.00	0.00/-23.26	0.00	0.00
300462	ST华铭	0	0	0.00	0.00	0.00	0.00	0.00	0.00/-23.26	0.00	0.00
300464	星徽股份	0	0	0.00	0.00	0.00	0.00	0.00	0.00/-23.26	0.00	0.00
300467	迅游科技	0	0	0.00	0.00	0.00	0.00	0.00	0.00/-23.26	0.00	0.00
300468	四方精创	0	0	0.00	0.00	0.00	0.00	0.00	0.00/-23.26	0.00	0.00
300472	ST新元	0	0	0.00	0.00	0.00	0.00	0.00	0.00/-23.26	0.00	0.00
300474	景嘉微	0	0	0.00	0.00	0.00	0.00	0.00	0.00/-23.26	0.00	0.00
300477	ST合纵	0	0	0.00	0.00	0.00	0.00	0.00	0.00/-23.26	0.00	0.00
300479	神思电子	0	0	0.00	0.00	0.00	0.00	0.00	0.00/-23.26	0.00	0.00
300480	光力科技	0	0	0.00	0.00	0.00	0.00	0.00	0.00/-23.26	0.00	0.00
300487	蓝晓科技	0	0	0.00	0.00	0.00	0.00	0.00	0.00/-23.26	0.00	0.00
300496	中科创达	0	0	0.00	0.00	0.00	0.00	0.00	0.00/-23.26	0.00	0.00
300497	富祥股份	0	0	0.00	0.00	0.00	0.00	0.00	0.00/-23.26	0.00	0.00
300498	温氏股份	0	0	0.00	0.00	0.00	0.00	0.00	0.00/-23.26	0.00	0.00
300501	海顺新材	0	0	0.00	0.00	0.00	0.00	0.00	0.00/-23.26	0.00	0.00
300502	新易盛	0	0	0.00	0.00	0.00	0.00	0.00	0.00/-23.26	0.00	0.00
300503	昊志机电	0	0	0.00	0.00	0.00	0.00	0.00	0.00/-23.26	0.00	0.00
300511	雪榕生物	0	0	0.00	0.00	0.00	0.00	0.00	0.00/-23.26	0.00	0.00
300520	科大国创	0	0	0.00	0.00	0.00	0.00	0.00	0.00/-23.26	0.00	0.00
300521	爱司凯	0	0	0.00	0.00	0.00	0.00	0.00	0.00/-23.26	0.00	0.00
300525	博思软件	0	0	0.00	0.00	0.00	0.00	0.00	0.00/-23.26	0.00	0.00
300529	健帆生物	0	0	0.00	0.00	0.00	0.00	0.00	0.00/-23.26	0.00	0.00
300532	今天国际	0	0	0.00	0.00	0.00	0.00	0.00	0.00/-23.26	0.00	0.00
300533	冰川网络	0	0	0.00	0.00	0.00	0.00	0.00	0.00/-23.26	0.00	0.00
300540	蜀道装备	0	0	0.00	0.00	0.00	0.00	0.00	0.00/-23.26	0.00	0.00
300541	先进数通	0	0	0.00	0.00	0.00	0.00	0.00	0.00/-23.26	0.00	0.00
300543	朗科智能	0	0	0.00	0.00	0.00	0.00	0.00	0.00/-23.26	0.00	0.00
300545	联得装备	0	0	0.00	0.00	0.00	0.00	0.00	0.00/-23.26	0.00	0.00
300546	雄帝科技	0	0	0.00	0.00	0.00	0.00	0.00	0.00/-23.26	0.00	0.00
300548	长芯博创	0	0	0.00	0.00	0.00	0.00	0.00	0.00/-23.26	0.00	0.00
300552	万集科技	0	0	0.00	0.00	0.00	0.00	0.00	0.00/-23.26	0.00	0.00
300555	ST路通	0	0	0.00	0.00	0.00	0.00	0.00	0.00/-23.26	0.00	0.00
300558	贝达药业	0	0	0.00	0.00	0.00	0.00	0.00	0.00/-23.26	0.00	0.00
300563	神宇股份	0	0	0.00	0.00	0.00	0.00	0.00	0.00/-23.26	0.00	0.00
300565	科信技术	0	0	0.00	0.00	0.00	0.00	0.00	0.00/-23.26	0.00	0.00
300566	激智科技	0	0	0.00	0.00	0.00	0.00	0.00	0.00/-23.26	0.00	0.00
300567	精测电子	0	0	0.00	0.00	0.00	0.00	0.00	0.00/-23.26	0.00	0.00
300568	星源材质	0	0	0.00	0.00	0.00	0.00	0.00	0.00/-23.26	0.00	0.00
300573	兴齐眼药	0	0	0.00	0.00	0.00	0.00	0.00	0.00/-23.26	0.00	0.00
300576	容大感光	0	0	0.00	0.00	0.00	0.00	0.00	0.00/-23.26	0.00	0.00
300580	贝斯特	0	0	0.00	0.00	0.00	0.00	0.00	0.00/-23.26	0.00	0.00
300582	英飞特	0	0	0.00	0.00	0.00	0.00	0.00	0.00/-23.26	0.00	0.00
300587	天铁科技	0	0	0.00	0.00	0.00	0.00	0.00	0.00/-23.26	0.00	0.00
300589	江龙船艇	0	0	0.00	0.00	0.00	0.00	0.00	0.00/-23.26	0.00	0.00
300590	移为通信	0	0	0.00	0.00	0.00	0.00	0.00	0.00/-23.26	0.00	0.00
300593	新雷能	0	0	0.00	0.00	0.00	0.00	0.00	0.00/-23.26	0.00	0.00
300594	ST朗进	0	0	0.00	0.00	0.00	0.00	0.00	0.00/-23.26	0.00	0.00
300595	欧普康视	0	0	0.00	0.00	0.00	0.00	0.00	0.00/-23.26	0.00	0.00
300601	康泰生物	0	0	0.00	0.00	0.00	0.00	0.00	0.00/-23.26	0.00	0.00
300602	飞荣达	0	0	0.00	0.00	0.00	0.00	0.00	0.00/-23.26	0.00	0.00
300604	长川科技	0	0	0.00	0.00	0.00	0.00	0.00	0.00/-23.26	0.00	0.00
300607	拓斯达	0	0	0.00	0.00	0.00	0.00	0.00	0.00/-23.26	0.00	0.00
300609	汇纳科技	0	0	0.00	0.00	0.00	0.00	0.00	0.00/-23.26	0.00	0.00
300612	宣亚国际	0	0	0.00	0.00	0.00	0.00	0.00	0.00/-23.26	0.00	0.00
300613	富瀚微	0	0	0.00	0.00	0.00	0.00	0.00	0.00/-23.26	0.00	0.00
300615	欣天科技	0	0	0.00	0.00	0.00	0.00	0.00	0.00/-23.26	0.00	0.00
300616	尚品宅配	0	0	0.00	0.00	0.00	0.00	0.00	0.00/-23.26	0.00	0.00
300617	安靠智电	0	0	0.00	0.00	0.00	0.00	0.00	0.00/-23.26	0.00	0.00
300618	寒锐钴业	0	0	0.00	0.00	0.00	0.00	0.00	0.00/-23.26	0.00	0.00
300620	光库科技	0	0	0.00	0.00	0.00	0.00	0.00	0.00/-23.26	0.00	0.00
300623	捷捷微电	0	0	0.00	0.00	0.00	0.00	0.00	0.00/-23.26	0.00	0.00
300624	万兴科技	0	0	0.00	0.00	0.00	0.00	0.00	0.00/-23.26	0.00	0.00
300627	华测导航	0	0	0.00	0.00	0.00	0.00	0.00	0.00/-23.26	0.00	0.00
300628	亿联网络	0	0	0.00	0.00	0.00	0.00	0.00	0.00/-23.26	0.00	0.00
300633	开立医疗	0	0	0.00	0.00	0.00	0.00	0.00	0.00/-23.26	0.00	0.00
300634	彩讯股份	0	0	0.00	0.00	0.00	0.00	0.00	0.00/-23.26	0.00	0.00
300635	中达安	0	0	0.00	0.00	0.00	0.00	0.00	0.00/-23.26	0.00	0.00
300638	广和通	0	0	0.00	0.00	0.00	0.00	0.00	0.00/-23.26	0.00	0.00
300643	万通智控	0	0	0.00	0.00	0.00	0.00	0.00	0.00/-23.26	0.00	0.00
300645	正元智慧	0	0	0.00	0.00	0.00	0.00	0.00	0.00/-23.26	0.00	0.00
300647	超频三	0	0	0.00	0.00	0.00	0.00	0.00	0.00/-23.26	0.00	0.00
300651	金陵体育	0	0	0.00	0.00	0.00	0.00	0.00	0.00/-23.26	0.00	0.00
300653	正海生物	0	0	0.00	0.00	0.00	0.00	0.00	0.00/-23.26	0.00	0.00
300655	晶瑞电材	0	0	0.00	0.00	0.00	0.00	0.00	0.00/-23.26	0.00	0.00
300657	弘信电子	0	0	0.00	0.00	0.00	0.00	0.00	0.00/-23.26	0.00	0.00
300659	中孚信息	0	0	0.00	0.00	0.00	0.00	0.00	0.00/-23.26	0.00	0.00
300661	圣邦股份	0	0	0.00	0.00	0.00	0.00	0.00	0.00/-23.26	0.00	0.00
300662	科锐国际	0	0	0.00	0.00	0.00	0.00	0.00	0.00/-23.26	0.00	0.00
300663	科蓝软件	0	0	0.00	0.00	0.00	0.00	0.00	0.00/-23.26	0.00	0.00
300666	江丰电子	0	0	0.00	0.00	0.00	0.00	0.00	0.00/-23.26	0.00	0.00
300667	必创科技	0	0	0.00	0.00	0.00	0.00	0.00	0.00/-23.26	0.00	0.00
300670	大烨智能	0	0	0.00	0.00	0.00	0.00	0.00	0.00/-23.26	0.00	0.00
300671	富满微	0	0	0.00	0.00	0.00	0.00	0.00	0.00/-23.26	0.00	0.00
300674	宇信科技	0	0	0.00	0.00	0.00	0.00	0.00	0.00/-23.26	0.00	0.00
300677	英科医疗	0	0	0.00	0.00	0.00	0.00	0.00	0.00/-23.26	0.00	0.00
300679	电连技术	0	0	0.00	0.00	0.00	0.00	0.00	0.00/-23.26	0.00	0.00
300682	朗新科技	0	0	0.00	0.00	0.00	0.00	0.00	0.00/-23.26	0.00	0.00
300684	中石科技	0	0	0.00	0.00	0.00	0.00	0.00	0.00/-23.26	0.00	0.00
300687	赛意信息	0	0	0.00	0.00	0.00	0.00	0.00	0.00/-23.26	0.00	0.00
300688	创业黑马	0	0	0.00	0.00	0.00	0.00	0.00	0.00/-23.26	0.00	0.00
300693	盛弘股份	0	0	0.00	0.00	0.00	0.00	0.00	0.00/-23.26	0.00	0.00
300698	万马科技	0	0	0.00	0.00	0.00	0.00	0.00	0.00/-23.26	0.00	0.00
300699	光威复材	0	0	0.00	0.00	0.00	0.00	0.00	0.00/-23.26	0.00	0.00
300701	森霸传感	0	0	0.00	0.00	0.00	0.00	0.00	0.00/-23.26	0.00	0.00
300705	九典制药	0	0	0.00	0.00	0.00	0.00	0.00	0.00/-23.26	0.00	0.00
300709	精研科技	0	0	0.00	0.00	0.00	0.00	0.00	0.00/-23.26	0.00	0.00
300716	*ST泉为	0	0	0.00	0.00	0.00	0.00	0.00	0.00/-23.26	0.00	0.00
300719	安达维尔	0	0	0.00	0.00	0.00	0.00	0.00	0.00/-23.26	0.00	0.00
300722	新余国科	0	0	0.00	0.00	0.00	0.00	0.00	0.00/-23.26	0.00	0.00
300724	捷佳伟创	0	0	0.00	0.00	0.00	0.00	0.00	0.00/-23.26	0.00	0.00
300725	药石科技	0	0	0.00	0.00	0.00	0.00	0.00	0.00/-23.26	0.00	0.00
300726	宏达电子	0	0	0.00	0.00	0.00	0.00	0.00	0.00/-23.26	0.00	0.00
300737	科顺股份	0	0	0.00	0.00	0.00	0.00	0.00	0.00/-23.26	0.00	0.00
300739	明阳电路	0	0	0.00	0.00	0.00	0.00	0.00	0.00/-23.26	0.00	0.00
300740	水羊股份	0	0	0.00	0.00	0.00	0.00	0.00	0.00/-23.26	0.00	0.00
300747	锐科激光	0	0	0.00	0.00	0.00	0.00	0.00	0.00/-23.26	0.00	0.00
300748	金力永磁	0	0	0.00	0.00	0.00	0.00	0.00	0.00/-23.26	0.00	0.00
300750	宁德时代	0	0	0.00	0.00	0.00	0.00	0.00	0.00/-23.26	0.00	0.00
300751	迈为股份	0	0	0.00	0.00	0.00	0.00	0.00	0.00/-23.26	0.00	0.00
300752	隆利科技	0	0	0.00	0.00	0.00	0.00	0.00	0.00/-23.26	0.00	0.00
300753	爱朋医疗	0	0	0.00	0.00	0.00	0.00	0.00	0.00/-23.26	0.00	0.00
300755	华致酒行	0	0	0.00	0.00	0.00	0.00	0.00	0.00/-23.26	0.00	0.00
300758	七彩化学	0	0	0.00	0.00	0.00	0.00	0.00	0.00/-23.26	0.00	0.00
300759	康龙化成	0	0	0.00	0.00	0.00	0.00	0.00	0.00/-23.26	0.00	0.00
300760	迈瑞医疗	0	0	0.00	0.00	0.00	0.00	0.00	0.00/-23.26	0.00	0.00
300761	立华股份	0	0	0.00	0.00	0.00	0.00	0.00	0.00/-23.26	0.00	0.00
300762	上海瀚讯	0	0	0.00	0.00	0.00	0.00	0.00	0.00/-23.26	0.00	0.00
300763	锦浪科技	0	0	0.00	0.00	0.00	0.00	0.00	0.00/-23.26	0.00	0.00
300765	石药创新	0	0	0.00	0.00	0.00	0.00	0.00	0.00/-23.26	0.00	0.00
300766	每日互动	0	0	0.00	0.00	0.00	0.00	0.00	0.00/-23.26	0.00	0.00
300769	德方纳米	0	0	0.00	0.00	0.00	0.00	0.00	0.00/-23.26	0.00	0.00
300773	拉卡拉	0	0	0.00	0.00	0.00	0.00	0.00	0.00/-23.26	0.00	0.00
300774	倍杰特	0	0	0.00	0.00	0.00	0.00	0.00	0.00/-23.26	0.00	0.00
300775	三角防务	0	0	0.00	0.00	0.00	0.00	0.00	0.00/-23.26	0.00	0.00
300776	帝尔激光	0	0	0.00	0.00	0.00	0.00	0.00	0.00/-23.26	0.00	0.00
300779	惠城环保	0	0	0.00	0.00	0.00	0.00	0.00	0.00/-23.26	0.00	0.00
300782	卓胜微	0	0	0.00	0.00	0.00	0.00	0.00	0.00/-23.26	0.00	0.00
300783	三只松鼠	0	0	0.00	0.00	0.00	0.00	0.00	0.00/-23.26	0.00	0.00
300785	值得买	0	0	0.00	0.00	0.00	0.00	0.00	0.00/-23.26	0.00	0.00
300787	海能实业	0	0	0.00	0.00	0.00	0.00	0.00	0.00/-23.26	0.00	0.00
300788	中信出版	0	0	0.00	0.00	0.00	0.00	0.00	0.00/-23.26	0.00	0.00
300790	宇瞳光学	0	0	0.00	0.00	0.00	0.00	0.00	0.00/-23.26	0.00	0.00
300791	仙乐健康	0	0	0.00	0.00	0.00	0.00	0.00	0.00/-23.26	0.00	0.00
300792	壹网壹创	0	0	0.00	0.00	0.00	0.00	0.00	0.00/-23.26	0.00	0.00
300793	佳禾智能	0	0	0.00	0.00	0.00	0.00	0.00	0.00/-23.26	0.00	0.00
300795	米奥会展	0	0	0.00	0.00	0.00	0.00	0.00	0.00/-23.26	0.00	0.00
300796	贝斯美	0	0	0.00	0.00	0.00	0.00	0.00	0.00/-23.26	0.00	0.00
300797	钢研纳克	0	0	0.00	0.00	0.00	0.00	0.00	0.00/-23.26	0.00	0.00
300801	泰和科技	0	0	0.00	0.00	0.00	0.00	0.00	0.00/-23.26	0.00	0.00
300803	指南针	0	0	0.00	0.00	0.00	0.00	0.00	0.00/-23.26	0.00	0.00
300806	斯迪克	0	0	0.00	0.00	0.00	0.00	0.00	0.00/-23.26	0.00	0.00
300807	天迈科技	0	0	0.00	0.00	0.00	0.00	0.00	0.00/-23.26	0.00	0.00
300808	久量股份	0	0	0.00	0.00	0.00	0.00	0.00	0.00/-23.26	0.00	0.00
300811	铂科新材	0	0	0.00	0.00	0.00	0.00	0.00	0.00/-23.26	0.00	0.00
300812	易天股份	0	0	0.00	0.00	0.00	0.00	0.00	0.00/-23.26	0.00	0.00
300814	中富电路	0	0	0.00	0.00	0.00	0.00	0.00	0.00/-23.26	0.00	0.00
300816	艾可蓝	0	0	0.00	0.00	0.00	0.00	0.00	0.00/-23.26	0.00	0.00
300817	双飞集团	0	0	0.00	0.00	0.00	0.00	0.00	0.00/-23.26	0.00	0.00
300822	贝仕达克	0	0	0.00	0.00	0.00	0.00	0.00	0.00/-23.26	0.00	0.00
300825	阿尔特	0	0	0.00	0.00	0.00	0.00	0.00	0.00/-23.26	0.00	0.00
300827	上能电气	0	0	0.00	0.00	0.00	0.00	0.00	0.00/-23.26	0.00	0.00
300830	金现代	0	0	0.00	0.00	0.00	0.00	0.00	0.00/-23.26	0.00	0.00
300831	ST派瑞	0	0	0.00	0.00	0.00	0.00	0.00	0.00/-23.26	0.00	0.00
300832	新产业	0	0	0.00	0.00	0.00	0.00	0.00	0.00/-23.26	0.00	0.00
300836	佰奥智能	0	0	0.00	0.00	0.00	0.00	0.00	0.00/-23.26	0.00	0.00
300837	浙矿股份	0	0	0.00	0.00	0.00	0.00	0.00	0.00/-23.26	0.00	0.00
300839	博汇股份	0	0	0.00	0.00	0.00	0.00	0.00	0.00/-23.26	0.00	0.00
300840	酷特智能	0	0	0.00	0.00	0.00	0.00	0.00	0.00/-23.26	0.00	0.00
300841	康华生物	0	0	0.00	0.00	0.00	0.00	0.00	0.00/-23.26	0.00	0.00
300842	帝科股份	0	0	0.00	0.00	0.00	0.00	0.00	0.00/-23.26	0.00	0.00
300843	胜蓝股份	0	0	0.00	0.00	0.00	0.00	0.00	0.00/-23.26	0.00	0.00
300844	山水比德	0	0	0.00	0.00	0.00	0.00	0.00	0.00/-23.26	0.00	0.00
300845	捷安高科	0	0	0.00	0.00	0.00	0.00	0.00	0.00/-23.26	0.00	0.00
300846	首都在线	0	0	0.00	0.00	0.00	0.00	0.00	0.00/-23.26	0.00	0.00
300847	中船汉光	0	0	0.00	0.00	0.00	0.00	0.00	0.00/-23.26	0.00	0.00
300848	美瑞新材	0	0	0.00	0.00	0.00	0.00	0.00	0.00/-23.26	0.00	0.00
300850	新强联	0	0	0.00	0.00	0.00	0.00	0.00	0.00/-23.26	0.00	0.00
300851	交大思诺	0	0	0.00	0.00	0.00	0.00	0.00	0.00/-23.26	0.00	0.00
300852	四会富仕	0	0	0.00	0.00	0.00	0.00	0.00	0.00/-23.26	0.00	0.00
300855	图南股份	0	0	0.00	0.00	0.00	0.00	0.00	0.00/-23.26	0.00	0.00
300856	科思股份	0	0	0.00	0.00	0.00	0.00	0.00	0.00/-23.26	0.00	0.00
300857	协创数据	0	0	0.00	0.00	0.00	0.00	0.00	0.00/-23.26	0.00	0.00
300859	西域旅游	0	0	0.00	0.00	0.00	0.00	0.00	0.00/-23.26	0.00	0.00
300861	美畅股份	0	0	0.00	0.00	0.00	0.00	0.00	0.00/-23.26	0.00	0.00
300862	蓝盾光电	0	0	0.00	0.00	0.00	0.00	0.00	0.00/-23.26	0.00	0.00
300863	卡倍亿	0	0	0.00	0.00	0.00	0.00	0.00	0.00/-23.26	0.00	0.00
300865	大宏立	0	0	0.00	0.00	0.00	0.00	0.00	0.00/-23.26	0.00	0.00
300866	安克创新	0	0	0.00	0.00	0.00	0.00	0.00	0.00/-23.26	0.00	0.00
300867	圣元环保	0	0	0.00	0.00	0.00	0.00	0.00	0.00/-23.26	0.00	0.00
300868	杰美特	0	0	0.00	0.00	0.00	0.00	0.00	0.00/-23.26	0.00	0.00
300870	欧陆通	0	0	0.00	0.00	0.00	0.00	0.00	0.00/-23.26	0.00	0.00
300872	天阳科技	0	0	0.00	0.00	0.00	0.00	0.00	0.00/-23.26	0.00	0.00
300875	捷强装备	0	0	0.00	0.00	0.00	0.00	0.00	0.00/-23.26	0.00	0.00
300881	盛德鑫泰	0	0	0.00	0.00	0.00	0.00	0.00	0.00/-23.26	0.00	0.00
300882	万胜智能	0	0	0.00	0.00	0.00	0.00	0.00	0.00/-23.26	0.00	0.00
300884	狄耐克	0	0	0.00	0.00	0.00	0.00	0.00	0.00/-23.26	0.00	0.00
300885	海昌新材	0	0	0.00	0.00	0.00	0.00	0.00	0.00/-23.26	0.00	0.00
300886	华业香料	0	0	0.00	0.00	0.00	0.00	0.00	0.00/-23.26	0.00	0.00
300889	爱克股份	0	0	0.00	0.00	0.00	0.00	0.00	0.00/-23.26	0.00	0.00
300890	翔丰华	0	0	0.00	0.00	0.00	0.00	0.00	0.00/-23.26	0.00	0.00
300892	品渥食品	0	0	0.00	0.00	0.00	0.00	0.00	0.00/-23.26	0.00	0.00
300893	松原安全	0	0	0.00	0.00	0.00	0.00	0.00	0.00/-23.26	0.00	0.00
300894	火星人	0	0	0.00	0.00	0.00	0.00	0.00	0.00/-23.26	0.00	0.00
300895	铜牛信息	0	0	0.00	0.00	0.00	0.00	0.00	0.00/-23.26	0.00	0.00
300896	爱美客	0	0	0.00	0.00	0.00	0.00	0.00	0.00/-23.26	0.00	0.00
300900	广联航空	0	0	0.00	0.00	0.00	0.00	0.00	0.00/-23.26	0.00	0.00
300901	中胤时尚	0	0	0.00	0.00	0.00	0.00	0.00	0.00/-23.26	0.00	0.00
300902	国安达	0	0	0.00	0.00	0.00	0.00	0.00	0.00/-23.26	0.00	0.00
300904	威力传动	0	0	0.00	0.00	0.00	0.00	0.00	0.00/-23.26	0.00	0.00
300905	宝丽迪	0	0	0.00	0.00	0.00	0.00	0.00	0.00/-23.26	0.00	0.00
300908	仲景食品	0	0	0.00	0.00	0.00	0.00	0.00	0.00/-23.26	0.00	0.00
300909	汇创达	0	0	0.00	0.00	0.00	0.00	0.00	0.00/-23.26	0.00	0.00
300910	瑞丰新材	0	0	0.00	0.00	0.00	0.00	0.00	0.00/-23.26	0.00	0.00
300911	亿田智能	0	0	0.00	0.00	0.00	0.00	0.00	0.00/-23.26	0.00	0.00
300913	兆龙互连	0	0	0.00	0.00	0.00	0.00	0.00	0.00/-23.26	0.00	0.00
300915	海融科技	0	0	0.00	0.00	0.00	0.00	0.00	0.00/-23.26	0.00	0.00
300916	朗特智能	0	0	0.00	0.00	0.00	0.00	0.00	0.00/-23.26	0.00	0.00
300917	特发服务	0	0	0.00	0.00	0.00	0.00	0.00	0.00/-23.26	0.00	0.00
300918	南山智尚	0	0	0.00	0.00	0.00	0.00	0.00	0.00/-23.26	0.00	0.00
300919	中伟新材	0	0	0.00	0.00	0.00	0.00	0.00	0.00/-23.26	0.00	0.00
300921	南凌科技	0	0	0.00	0.00	0.00	0.00	0.00	0.00/-23.26	0.00	0.00
300922	天秦装备	0	0	0.00	0.00	0.00	0.00	0.00	0.00/-23.26	0.00	0.00
300925	法本信息	0	0	0.00	0.00	0.00	0.00	0.00	0.00/-23.26	0.00	0.00
300926	博俊科技	0	0	0.00	0.00	0.00	0.00	0.00	0.00/-23.26	0.00	0.00
300927	江天化学	0	0	0.00	0.00	0.00	0.00	0.00	0.00/-23.26	0.00	0.00
300928	华安鑫创	0	0	0.00	0.00	0.00	0.00	0.00	0.00/-23.26	0.00	0.00
300930	屹通新材	0	0	0.00	0.00	0.00	0.00	0.00	0.00/-23.26	0.00	0.00
300931	通用电梯	0	0	0.00	0.00	0.00	0.00	0.00	0.00/-23.26	0.00	0.00
300935	盈建科	0	0	0.00	0.00	0.00	0.00	0.00	0.00/-23.26	0.00	0.00
300941	创识科技	0	0	0.00	0.00	0.00	0.00	0.00	0.00/-23.26	0.00	0.00
300942	易瑞生物	0	0	0.00	0.00	0.00	0.00	0.00	0.00/-23.26	0.00	0.00
300945	曼卡龙	0	0	0.00	0.00	0.00	0.00	0.00	0.00/-23.26	0.00	0.00
300946	恒而达	0	0	0.00	0.00	0.00	0.00	0.00	0.00/-23.26	0.00	0.00
300948	冠中生态	0	0	0.00	0.00	0.00	0.00	0.00	0.00/-23.26	0.00	0.00
300949	奥雅股份	0	0	0.00	0.00	0.00	0.00	0.00	0.00/-23.26	0.00	0.00
300950	德固特	0	0	0.00	0.00	0.00	0.00	0.00	0.00/-23.26	0.00	0.00
300951	博硕科技	0	0	0.00	0.00	0.00	0.00	0.00	0.00/-23.26	0.00	0.00
300952	恒辉安防	0	0	0.00	0.00	0.00	0.00	0.00	0.00/-23.26	0.00	0.00
300953	震裕科技	0	0	0.00	0.00	0.00	0.00	0.00	0.00/-23.26	0.00	0.00
300956	英力股份	0	0	0.00	0.00	0.00	0.00	0.00	0.00/-23.26	0.00	0.00
300957	贝泰妮	0	0	0.00	0.00	0.00	0.00	0.00	0.00/-23.26	0.00	0.00
300961	深水海纳	0	0	0.00	0.00	0.00	0.00	0.00	0.00/-23.26	0.00	0.00
300965	恒宇信通	0	0	0.00	0.00	0.00	0.00	0.00	0.00/-23.26	0.00	0.00
300966	共同药业	0	0	0.00	0.00	0.00	0.00	0.00	0.00/-23.26	0.00	0.00
300967	晓鸣股份	0	0	0.00	0.00	0.00	0.00	0.00	0.00/-23.26	0.00	0.00
300968	格林精密	0	0	0.00	0.00	0.00	0.00	0.00	0.00/-23.26	0.00	0.00
300969	恒帅股份	0	0	0.00	0.00	0.00	0.00	0.00	0.00/-23.26	0.00	0.00
300972	万辰集团	0	0	0.00	0.00	0.00	0.00	0.00	0.00/-23.26	0.00	0.00
300973	立高食品	0	0	0.00	0.00	0.00	0.00	0.00	0.00/-23.26	0.00	0.00
300975	商络电子	0	0	0.00	0.00	0.00	0.00	0.00	0.00/-23.26	0.00	0.00
300976	达瑞电子	0	0	0.00	0.00	0.00	0.00	0.00	0.00/-23.26	0.00	0.00
300977	深圳瑞捷	0	0	0.00	0.00	0.00	0.00	0.00	0.00/-23.26	0.00	0.00
300978	东箭科技	0	0	0.00	0.00	0.00	0.00	0.00	0.00/-23.26	0.00	0.00
300979	华利集团	0	0	0.00	0.00	0.00	0.00	0.00	0.00/-23.26	0.00	0.00
300980	祥源新材	0	0	0.00	0.00	0.00	0.00	0.00	0.00/-23.26	0.00	0.00
300981	中红医疗	0	0	0.00	0.00	0.00	0.00	0.00	0.00/-23.26	0.00	0.00
300985	致远新能	0	0	0.00	0.00	0.00	0.00	0.00	0.00/-23.26	0.00	0.00
300986	志特新材	0	0	0.00	0.00	0.00	0.00	0.00	0.00/-23.26	0.00	0.00
300988	津荣天宇	0	0	0.00	0.00	0.00	0.00	0.00	0.00/-23.26	0.00	0.00
300990	同飞股份	0	0	0.00	0.00	0.00	0.00	0.00	0.00/-23.26	0.00	0.00
300991	创益通	0	0	0.00	0.00	0.00	0.00	0.00	0.00/-23.26	0.00	0.00
300996	普联软件	0	0	0.00	0.00	0.00	0.00	0.00	0.00/-23.26	0.00	0.00
300999	金龙鱼	0	0	0.00	0.00	0.00	0.00	0.00	0.00/-23.26	0.00	0.00
301001	凯淳股份	0	0	0.00	0.00	0.00	0.00	0.00	0.00/-23.26	0.00	0.00
301002	崧盛股份	0	0	0.00	0.00	0.00	0.00	0.00	0.00/-23.26	0.00	0.00
301004	嘉益股份	0	0	0.00	0.00	0.00	0.00	0.00	0.00/-23.26	0.00	0.00
301005	超捷股份	0	0	0.00	0.00	0.00	0.00	0.00	0.00/-23.26	0.00	0.00
301006	迈拓股份	0	0	0.00	0.00	0.00	0.00	0.00	0.00/-23.26	0.00	0.00
301007	德迈仕	0	0	0.00	0.00	0.00	0.00	0.00	0.00/-23.26	0.00	0.00
301008	宏昌科技	0	0	0.00	0.00	0.00	0.00	0.00	0.00/-23.26	0.00	0.00
301011	华立科技	0	0	0.00	0.00	0.00	0.00	0.00	0.00/-23.26	0.00	0.00
301012	扬电科技	0	0	0.00	0.00	0.00	0.00	0.00	0.00/-23.26	0.00	0.00
301013	利和兴	0	0	0.00	0.00	0.00	0.00	0.00	0.00/-23.26	0.00	0.00
301015	百洋医药	0	0	0.00	0.00	0.00	0.00	0.00	0.00/-23.26	0.00	0.00
301016	雷尔伟	0	0	0.00	0.00	0.00	0.00	0.00	0.00/-23.26	0.00	0.00
301017	漱玉平民	0	0	0.00	0.00	0.00	0.00	0.00	0.00/-23.26	0.00	0.00
301018	申菱环境	0	0	0.00	0.00	0.00	0.00	0.00	0.00/-23.26	0.00	0.00
301021	英诺激光	0	0	0.00	0.00	0.00	0.00	0.00	0.00/-23.26	0.00	0.00
301022	海泰科	0	0	0.00	0.00	0.00	0.00	0.00	0.00/-23.26	0.00	0.00
301023	奕帆传动	0	0	0.00	0.00	0.00	0.00	0.00	0.00/-23.26	0.00	0.00
301024	霍普股份	0	0	0.00	0.00	0.00	0.00	0.00	0.00/-23.26	0.00	0.00
301026	浩通科技	0	0	0.00	0.00	0.00	0.00	0.00	0.00/-23.26	0.00	0.00
301027	华蓝集团	0	0	0.00	0.00	0.00	0.00	0.00	0.00/-23.26	0.00	0.00
301028	鼎熔岩	0	0	0.00	0.00	0.00	0.00	0.00	0.00/-23.26	0.00	0.00
301029	怡合达	0	0	0.00	0.00	0.00	0.00	0.00	0.00/-23.26	0.00	0.00
301030	*ST仕净	0	0	0.00	0.00	0.00	0.00	0.00	0.00/-23.26	0.00	0.00
301031	中熔电气	0	0	0.00	0.00	0.00	0.00	0.00	0.00/-23.26	0.00	0.00
301033	迈普医学	0	0	0.00	0.00	0.00	0.00	0.00	0.00/-23.26	0.00	0.00
301035	润丰股份	0	0	0.00	0.00	0.00	0.00	0.00	0.00/-23.26	0.00	0.00
301036	双乐股份	0	0	0.00	0.00	0.00	0.00	0.00	0.00/-23.26	0.00	0.00
301038	深水规院	0	0	0.00	0.00	0.00	0.00	0.00	0.00/-23.26	0.00	0.00
301041	金百泽	0	0	0.00	0.00	0.00	0.00	0.00	0.00/-23.26	0.00	0.00
301045	天禄科技	0	0	0.00	0.00	0.00	0.00	0.00	0.00/-23.26	0.00	0.00
301046	能辉科技	0	0	0.00	0.00	0.00	0.00	0.00	0.00/-23.26	0.00	0.00
301047	义翘神州	0	0	0.00	0.00	0.00	0.00	0.00	0.00/-23.26	0.00	0.00
301049	超越科技	0	0	0.00	0.00	0.00	0.00	0.00	0.00/-23.26	0.00	0.00
301050	雷电微力	0	0	0.00	0.00	0.00	0.00	0.00	0.00/-23.26	0.00	0.00
301051	信濠光电	0	0	0.00	0.00	0.00	0.00	0.00	0.00/-23.26	0.00	0.00
301052	果麦文化	0	0	0.00	0.00	0.00	0.00	0.00	0.00/-23.26	0.00	0.00
301055	张小泉	0	0	0.00	0.00	0.00	0.00	0.00	0.00/-23.26	0.00	0.00
301056	森赫股份	0	0	0.00	0.00	0.00	0.00	0.00	0.00/-23.26	0.00	0.00
301057	汇隆新材	0	0	0.00	0.00	0.00	0.00	0.00	0.00/-23.26	0.00	0.00
301058	中粮科工	0	0	0.00	0.00	0.00	0.00	0.00	0.00/-23.26	0.00	0.00
301059	金三江	0	0	0.00	0.00	0.00	0.00	0.00	0.00/-23.26	0.00	0.00
301060	兰卫医学	0	0	0.00	0.00	0.00	0.00	0.00	0.00/-23.26	0.00	0.00
301061	匠心家居	0	0	0.00	0.00	0.00	0.00	0.00	0.00/-23.26	0.00	0.00
301062	上海艾录	0	0	0.00	0.00	0.00	0.00	0.00	0.00/-23.26	0.00	0.00
301063	海锅股份	0	0	0.00	0.00	0.00	0.00	0.00	0.00/-23.26	0.00	0.00
301067	显盈科技	0	0	0.00	0.00	0.00	0.00	0.00	0.00/-23.26	0.00	0.00
301070	开勒股份	0	0	0.00	0.00	0.00	0.00	0.00	0.00/-23.26	0.00	0.00
301071	力量钻石	0	0	0.00	0.00	0.00	0.00	0.00	0.00/-23.26	0.00	0.00
301072	中捷精工	0	0	0.00	0.00	0.00	0.00	0.00	0.00/-23.26	0.00	0.00
301073	君亭酒店	0	0	0.00	0.00	0.00	0.00	0.00	0.00/-23.26	0.00	0.00
301075	多瑞医药	0	0	0.00	0.00	0.00	0.00	0.00	0.00/-23.26	0.00	0.00
301076	新瀚新材	0	0	0.00	0.00	0.00	0.00	0.00	0.00/-23.26	0.00	0.00
301078	孩子王	0	0	0.00	0.00	0.00	0.00	0.00	0.00/-23.26	0.00	0.00
301079	邵阳液压	0	0	0.00	0.00	0.00	0.00	0.00	0.00/-23.26	0.00	0.00
301082	久盛电气	0	0	0.00	0.00	0.00	0.00	0.00	0.00/-23.26	0.00	0.00
301083	百胜智能	0	0	0.00	0.00	0.00	0.00	0.00	0.00/-23.26	0.00	0.00
301086	鸿富瀚	0	0	0.00	0.00	0.00	0.00	0.00	0.00/-23.26	0.00	0.00
301087	可孚医疗	0	0	0.00	0.00	0.00	0.00	0.00	0.00/-23.26	0.00	0.00
301089	拓新药业	0	0	0.00	0.00	0.00	0.00	0.00	0.00/-23.26	0.00	0.00
301090	华润材料	0	0	0.00	0.00	0.00	0.00	0.00	0.00/-23.26	0.00	0.00
301091	深城交	0	0	0.00	0.00	0.00	0.00	0.00	0.00/-23.26	0.00	0.00
301095	广立微	0	0	0.00	0.00	0.00	0.00	0.00	0.00/-23.26	0.00	0.00
301096	百诚医药	0	0	0.00	0.00	0.00	0.00	0.00	0.00/-23.26	0.00	0.00
301097	天益医疗	0	0	0.00	0.00	0.00	0.00	0.00	0.00/-23.26	0.00	0.00
301099	雅创电子	0	0	0.00	0.00	0.00	0.00	0.00	0.00/-23.26	0.00	0.00
301101	明月镜片	0	0	0.00	0.00	0.00	0.00	0.00	0.00/-23.26	0.00	0.00
301102	兆讯传媒	0	0	0.00	0.00	0.00	0.00	0.00	0.00/-23.26	0.00	0.00
301103	何氏眼科	0	0	0.00	0.00	0.00	0.00	0.00	0.00/-23.26	0.00	0.00
301106	骏成科技	0	0	0.00	0.00	0.00	0.00	0.00	0.00/-23.26	0.00	0.00
301107	瑜欣电子	0	0	0.00	0.00	0.00	0.00	0.00	0.00/-23.26	0.00	0.00
301108	洁雅股份	0	0	0.00	0.00	0.00	0.00	0.00	0.00/-23.26	0.00	0.00
301109	军信股份	0	0	0.00	0.00	0.00	0.00	0.00	0.00/-23.26	0.00	0.00
301110	青木科技	0	0	0.00	0.00	0.00	0.00	0.00	0.00/-23.26	0.00	0.00
301111	粤万年青	0	0	0.00	0.00	0.00	0.00	0.00	0.00/-23.26	0.00	0.00
301112	信邦智能	0	0	0.00	0.00	0.00	0.00	0.00	0.00/-23.26	0.00	0.00
301117	ST佳缘	0	0	0.00	0.00	0.00	0.00	0.00	0.00/-23.26	0.00	0.00
301118	恒光股份	0	0	0.00	0.00	0.00	0.00	0.00	0.00/-23.26	0.00	0.00
301120	新特电气	0	0	0.00	0.00	0.00	0.00	0.00	0.00/-23.26	0.00	0.00
301122	采纳股份	0	0	0.00	0.00	0.00	0.00	0.00	0.00/-23.26	0.00	0.00
301123	奕东电子	0	0	0.00	0.00	0.00	0.00	0.00	0.00/-23.26	0.00	0.00
301127	武汉天源	0	0	0.00	0.00	0.00	0.00	0.00	0.00/-23.26	0.00	0.00
301128	强瑞技术	0	0	0.00	0.00	0.00	0.00	0.00	0.00/-23.26	0.00	0.00
301129	瑞纳智能	0	0	0.00	0.00	0.00	0.00	0.00	0.00/-23.26	0.00	0.00
301131	聚赛龙	0	0	0.00	0.00	0.00	0.00	0.00	0.00/-23.26	0.00	0.00
301133	金钟股份	0	0	0.00	0.00	0.00	0.00	0.00	0.00/-23.26	0.00	0.00
301136	招标股份	0	0	0.00	0.00	0.00	0.00	0.00	0.00/-23.26	0.00	0.00
301137	哈焊华通	0	0	0.00	0.00	0.00	0.00	0.00	0.00/-23.26	0.00	0.00
301141	中科磁业	0	0	0.00	0.00	0.00	0.00	0.00	0.00/-23.26	0.00	0.00
301149	隆华新材	0	0	0.00	0.00	0.00	0.00	0.00	0.00/-23.26	0.00	0.00
301150	中一科技	0	0	0.00	0.00	0.00	0.00	0.00	0.00/-23.26	0.00	0.00
301152	天力锂能	0	0	0.00	0.00	0.00	0.00	0.00	0.00/-23.26	0.00	0.00
301153	中科江南	0	0	0.00	0.00	0.00	0.00	0.00	0.00/-23.26	0.00	0.00
301155	海力风电	0	0	0.00	0.00	0.00	0.00	0.00	0.00/-23.26	0.00	0.00
301156	美农生物	0	0	0.00	0.00	0.00	0.00	0.00	0.00/-23.26	0.00	0.00
301157	华塑科技	0	0	0.00	0.00	0.00	0.00	0.00	0.00/-23.26	0.00	0.00
301159	三维天地	0	0	0.00	0.00	0.00	0.00	0.00	0.00/-23.26	0.00	0.00
301160	翔楼新材	0	0	0.00	0.00	0.00	0.00	0.00	0.00/-23.26	0.00	0.00
301162	国能日新	0	0	0.00	0.00	0.00	0.00	0.00	0.00/-23.26	0.00	0.00
301165	锐捷网络	0	0	0.00	0.00	0.00	0.00	0.00	0.00/-23.26	0.00	0.00
301170	锡南科技	0	0	0.00	0.00	0.00	0.00	0.00	0.00/-23.26	0.00	0.00
301171	易点天下	0	0	0.00	0.00	0.00	0.00	0.00	0.00/-23.26	0.00	0.00
301172	君逸数码	0	0	0.00	0.00	0.00	0.00	0.00	0.00/-23.26	0.00	0.00
301173	毓恬冠佳	0	0	0.00	0.00	0.00	0.00	0.00	0.00/-23.26	0.00	0.00
301176	逸豪新材	0	0	0.00	0.00	0.00	0.00	0.00	0.00/-23.26	0.00	0.00
301178	天亿马	0	0	0.00	0.00	0.00	0.00	0.00	0.00/-23.26	0.00	0.00
301179	泽宇智能	0	0	0.00	0.00	0.00	0.00	0.00	0.00/-23.26	0.00	0.00
301182	凯旺科技	0	0	0.00	0.00	0.00	0.00	0.00	0.00/-23.26	0.00	0.00
301183	东田微	0	0	0.00	0.00	0.00	0.00	0.00	0.00/-23.26	0.00	0.00
301185	鸥玛软件	0	0	0.00	0.00	0.00	0.00	0.00	0.00/-23.26	0.00	0.00
301187	欧圣电气	0	0	0.00	0.00	0.00	0.00	0.00	0.00/-23.26	0.00	0.00
301188	力诺药包	0	0	0.00	0.00	0.00	0.00	0.00	0.00/-23.26	0.00	0.00
301191	菲菱科思	0	0	0.00	0.00	0.00	0.00	0.00	0.00/-23.26	0.00	0.00
301192	泰祥股份	0	0	0.00	0.00	0.00	0.00	0.00	0.00/-23.26	0.00	0.00
301195	北路智控	0	0	0.00	0.00	0.00	0.00	0.00	0.00/-23.26	0.00	0.00
301196	唯科科技	0	0	0.00	0.00	0.00	0.00	0.00	0.00/-23.26	0.00	0.00
301197	工大科雅	0	0	0.00	0.00	0.00	0.00	0.00	0.00/-23.26	0.00	0.00
301200	大族数控	0	0	0.00	0.00	0.00	0.00	0.00	0.00/-23.26	0.00	0.00
301202	朗威股份	0	0	0.00	0.00	0.00	0.00	0.00	0.00/-23.26	0.00	0.00
301205	联特科技	0	0	0.00	0.00	0.00	0.00	0.00	0.00/-23.26	0.00	0.00
301207	华兰疫苗	0	0	0.00	0.00	0.00	0.00	0.00	0.00/-23.26	0.00	0.00
301208	中亦科技	0	0	0.00	0.00	0.00	0.00	0.00	0.00/-23.26	0.00	0.00
301209	联合化学	0	0	0.00	0.00	0.00	0.00	0.00	0.00/-23.26	0.00	0.00
301210	金杨精密	0	0	0.00	0.00	0.00	0.00	0.00	0.00/-23.26	0.00	0.00
301212	联盛化学	0	0	0.00	0.00	0.00	0.00	0.00	0.00/-23.26	0.00	0.00
301213	观想科技	0	0	0.00	0.00	0.00	0.00	0.00	0.00/-23.26	0.00	0.00
301215	中汽股份	0	0	0.00	0.00	0.00	0.00	0.00	0.00/-23.26	0.00	0.00
301216	万凯新材	0	0	0.00	0.00	0.00	0.00	0.00	0.00/-23.26	0.00	0.00
301217	铜冠铜箔	0	0	0.00	0.00	0.00	0.00	0.00	0.00/-23.26	0.00	0.00
301218	华是科技	0	0	0.00	0.00	0.00	0.00	0.00	0.00/-23.26	0.00	0.00
301219	腾远钴业	0	0	0.00	0.00	0.00	0.00	0.00	0.00/-23.26	0.00	0.00
301221	光庭信息	0	0	0.00	0.00	0.00	0.00	0.00	0.00/-23.26	0.00	0.00
301222	浙江恒威	0	0	0.00	0.00	0.00	0.00	0.00	0.00/-23.26	0.00	0.00
301225	恒勃股份	0	0	0.00	0.00	0.00	0.00	0.00	0.00/-23.26	0.00	0.00
301226	祥明智能	0	0	0.00	0.00	0.00	0.00	0.00	0.00/-23.26	0.00	0.00
301227	森鹰窗业	0	0	0.00	0.00	0.00	0.00	0.00	0.00/-23.26	0.00	0.00
301228	实朴检测	0	0	0.00	0.00	0.00	0.00	0.00	0.00/-23.26	0.00	0.00
301229	纽泰格	0	0	0.00	0.00	0.00	0.00	0.00	0.00/-23.26	0.00	0.00
301230	泓博医药	0	0	0.00	0.00	0.00	0.00	0.00	0.00/-23.26	0.00	0.00
301231	荣信文化	0	0	0.00	0.00	0.00	0.00	0.00	0.00/-23.26	0.00	0.00
301232	飞沃科技	0	0	0.00	0.00	0.00	0.00	0.00	0.00/-23.26	0.00	0.00
301233	盛帮股份	0	0	0.00	0.00	0.00	0.00	0.00	0.00/-23.26	0.00	0.00
301236	软通动力	0	0	0.00	0.00	0.00	0.00	0.00	0.00/-23.26	0.00	0.00
301237	和顺科技	0	0	0.00	0.00	0.00	0.00	0.00	0.00/-23.26	0.00	0.00
301238	瑞泰新材	0	0	0.00	0.00	0.00	0.00	0.00	0.00/-23.26	0.00	0.00
301239	普瑞眼科	0	0	0.00	0.00	0.00	0.00	0.00	0.00/-23.26	0.00	0.00
301246	宏源药业	0	0	0.00	0.00	0.00	0.00	0.00	0.00/-23.26	0.00	0.00
301248	杰创智能	0	0	0.00	0.00	0.00	0.00	0.00	0.00/-23.26	0.00	0.00
301251	威尔高	0	0	0.00	0.00	0.00	0.00	0.00	0.00/-23.26	0.00	0.00
301252	同星科技	0	0	0.00	0.00	0.00	0.00	0.00	0.00/-23.26	0.00	0.00
301255	通力科技	0	0	0.00	0.00	0.00	0.00	0.00	0.00/-23.26	0.00	0.00
301257	普蕊斯	0	0	0.00	0.00	0.00	0.00	0.00	0.00/-23.26	0.00	0.00
301258	富士莱	0	0	0.00	0.00	0.00	0.00	0.00	0.00/-23.26	0.00	0.00
301260	格力博	0	0	0.00	0.00	0.00	0.00	0.00	0.00/-23.26	0.00	0.00
301261	恒工精密	0	0	0.00	0.00	0.00	0.00	0.00	0.00/-23.26	0.00	0.00
301266	宇邦新材	0	0	0.00	0.00	0.00	0.00	0.00	0.00/-23.26	0.00	0.00
301267	华厦眼科	0	0	0.00	0.00	0.00	0.00	0.00	0.00/-23.26	0.00	0.00
301269	华大九天	0	0	0.00	0.00	0.00	0.00	0.00	0.00/-23.26	0.00	0.00
301270	汉仪股份	0	0	0.00	0.00	0.00	0.00	0.00	0.00/-23.26	0.00	0.00
301272	英华特	0	0	0.00	0.00	0.00	0.00	0.00	0.00/-23.26	0.00	0.00
301275	汉朔科技	0	0	0.00	0.00	0.00	0.00	0.00	0.00/-23.26	0.00	0.00
301276	嘉曼服饰	0	0	0.00	0.00	0.00	0.00	0.00	0.00/-23.26	0.00	0.00
301280	珠城科技	0	0	0.00	0.00	0.00	0.00	0.00	0.00/-23.26	0.00	0.00
301281	科源制药	0	0	0.00	0.00	0.00	0.00	0.00	0.00/-23.26	0.00	0.00
301282	金禄电子	0	0	0.00	0.00	0.00	0.00	0.00	0.00/-23.26	0.00	0.00
301283	聚胶股份	0	0	0.00	0.00	0.00	0.00	0.00	0.00/-23.26	0.00	0.00
301285	鸿日达	0	0	0.00	0.00	0.00	0.00	0.00	0.00/-23.26	0.00	0.00
301286	侨源股份	0	0	0.00	0.00	0.00	0.00	0.00	0.00/-23.26	0.00	0.00
301288	清研环境	0	0	0.00	0.00	0.00	0.00	0.00	0.00/-23.26	0.00	0.00
301289	国缆检测	0	0	0.00	0.00	0.00	0.00	0.00	0.00/-23.26	0.00	0.00
301290	东星医疗	0	0	0.00	0.00	0.00	0.00	0.00	0.00/-23.26	0.00	0.00
301291	明阳电气	0	0	0.00	0.00	0.00	0.00	0.00	0.00/-23.26	0.00	0.00
301292	海科新源	0	0	0.00	0.00	0.00	0.00	0.00	0.00/-23.26	0.00	0.00
301293	三博脑科	0	0	0.00	0.00	0.00	0.00	0.00	0.00/-23.26	0.00	0.00
301295	美硕科技	0	0	0.00	0.00	0.00	0.00	0.00	0.00/-23.26	0.00	0.00
301297	富乐德	0	0	0.00	0.00	0.00	0.00	0.00	0.00/-23.26	0.00	0.00
301299	卓创资讯	0	0	0.00	0.00	0.00	0.00	0.00	0.00/-23.26	0.00	0.00
301300	远翔新材	0	0	0.00	0.00	0.00	0.00	0.00	0.00/-23.26	0.00	0.00
301301	川宁生物	0	0	0.00	0.00	0.00	0.00	0.00	0.00/-23.26	0.00	0.00
301302	华如科技	0	0	0.00	0.00	0.00	0.00	0.00	0.00/-23.26	0.00	0.00
301306	西测测试	0	0	0.00	0.00	0.00	0.00	0.00	0.00/-23.26	0.00	0.00
301307	美利信	0	0	0.00	0.00	0.00	0.00	0.00	0.00/-23.26	0.00	0.00
301308	江波龙	0	0	0.00	0.00	0.00	0.00	0.00	0.00/-23.26	0.00	0.00
301309	万得凯	0	0	0.00	0.00	0.00	0.00	0.00	0.00/-23.26	0.00	0.00
301310	鑫宏业	0	0	0.00	0.00	0.00	0.00	0.00	0.00/-23.26	0.00	0.00
301311	昆船智能	0	0	0.00	0.00	0.00	0.00	0.00	0.00/-23.26	0.00	0.00
301312	智立方	0	0	0.00	0.00	0.00	0.00	0.00	0.00/-23.26	0.00	0.00
301313	凡拓数创	0	0	0.00	0.00	0.00	0.00	0.00	0.00/-23.26	0.00	0.00
301315	威士顿	0	0	0.00	0.00	0.00	0.00	0.00	0.00/-23.26	0.00	0.00
301316	慧博云通	0	0	0.00	0.00	0.00	0.00	0.00	0.00/-23.26	0.00	0.00
301318	维海德	0	0	0.00	0.00	0.00	0.00	0.00	0.00/-23.26	0.00	0.00
301319	唯特偶	0	0	0.00	0.00	0.00	0.00	0.00	0.00/-23.26	0.00	0.00
301321	翰博高新	0	0	0.00	0.00	0.00	0.00	0.00	0.00/-23.26	0.00	0.00
301325	曼恩斯特	0	0	0.00	0.00	0.00	0.00	0.00	0.00/-23.26	0.00	0.00
301326	捷邦科技	0	0	0.00	0.00	0.00	0.00	0.00	0.00/-23.26	0.00	0.00
301327	华宝新能	0	0	0.00	0.00	0.00	0.00	0.00	0.00/-23.26	0.00	0.00
301328	维峰电子	0	0	0.00	0.00	0.00	0.00	0.00	0.00/-23.26	0.00	0.00
301329	信音电子	0	0	0.00	0.00	0.00	0.00	0.00	0.00/-23.26	0.00	0.00
301333	诺思格	0	0	0.00	0.00	0.00	0.00	0.00	0.00/-23.26	0.00	0.00
301335	天元宠物	0	0	0.00	0.00	0.00	0.00	0.00	0.00/-23.26	0.00	0.00
301337	亚华电子	0	0	0.00	0.00	0.00	0.00	0.00	0.00/-23.26	0.00	0.00
301338	凯格精机	0	0	0.00	0.00	0.00	0.00	0.00	0.00/-23.26	0.00	0.00
301339	苏交数智	0	0	0.00	0.00	0.00	0.00	0.00	0.00/-23.26	0.00	0.00
301345	涛涛车业	0	0	0.00	0.00	0.00	0.00	0.00	0.00/-23.26	0.00	0.00
301348	蓝箭电子	0	0	0.00	0.00	0.00	0.00	0.00	0.00/-23.26	0.00	0.00
301349	信德新材	0	0	0.00	0.00	0.00	0.00	0.00	0.00/-23.26	0.00	0.00
301353	普莱得	0	0	0.00	0.00	0.00	0.00	0.00	0.00/-23.26	0.00	0.00
301357	北方长龙	0	0	0.00	0.00	0.00	0.00	0.00	0.00/-23.26	0.00	0.00
301358	湖南裕能	0	0	0.00	0.00	0.00	0.00	0.00	0.00/-23.26	0.00	0.00
301360	荣旗科技	0	0	0.00	0.00	0.00	0.00	0.00	0.00/-23.26	0.00	0.00
301361	众智科技	0	0	0.00	0.00	0.00	0.00	0.00	0.00/-23.26	0.00	0.00
301363	美好医疗	0	0	0.00	0.00	0.00	0.00	0.00	0.00/-23.26	0.00	0.00
301366	一博科技	0	0	0.00	0.00	0.00	0.00	0.00	0.00/-23.26	0.00	0.00
301367	瑞迈特	0	0	0.00	0.00	0.00	0.00	0.00	0.00/-23.26	0.00	0.00
301368	丰立智能	0	0	0.00	0.00	0.00	0.00	0.00	0.00/-23.26	0.00	0.00
301369	联动科技	0	0	0.00	0.00	0.00	0.00	0.00	0.00/-23.26	0.00	0.00
301371	敷尔佳	0	0	0.00	0.00	0.00	0.00	0.00	0.00/-23.26	0.00	0.00
301372	科净源	0	0	0.00	0.00	0.00	0.00	0.00	0.00/-23.26	0.00	0.00
301377	鼎泰高科	0	0	0.00	0.00	0.00	0.00	0.00	0.00/-23.26	0.00	0.00
301378	通达海	0	0	0.00	0.00	0.00	0.00	0.00	0.00/-23.26	0.00	0.00
301381	赛维时代	0	0	0.00	0.00	0.00	0.00	0.00	0.00/-23.26	0.00	0.00
301382	蜂助手	0	0	0.00	0.00	0.00	0.00	0.00	0.00/-23.26	0.00	0.00
301383	天键股份	0	0	0.00	0.00	0.00	0.00	0.00	0.00/-23.26	0.00	0.00
301386	未来电器	0	0	0.00	0.00	0.00	0.00	0.00	0.00/-23.26	0.00	0.00
301387	光大同创	0	0	0.00	0.00	0.00	0.00	0.00	0.00/-23.26	0.00	0.00
301388	欣灵电气	0	0	0.00	0.00	0.00	0.00	0.00	0.00/-23.26	0.00	0.00
301389	隆扬电子	0	0	0.00	0.00	0.00	0.00	0.00	0.00/-23.26	0.00	0.00
301390	经纬股份	0	0	0.00	0.00	0.00	0.00	0.00	0.00/-23.26	0.00	0.00
301391	卡莱特	0	0	0.00	0.00	0.00	0.00	0.00	0.00/-23.26	0.00	0.00
301392	汇成真空	0	0	0.00	0.00	0.00	0.00	0.00	0.00/-23.26	0.00	0.00
301393	昊帆生物	0	0	0.00	0.00	0.00	0.00	0.00	0.00/-23.26	0.00	0.00
301395	仁信新材	0	0	0.00	0.00	0.00	0.00	0.00	0.00/-23.26	0.00	0.00
301397	溯联股份	0	0	0.00	0.00	0.00	0.00	0.00	0.00/-23.26	0.00	0.00
301398	星源卓镁	0	0	0.00	0.00	0.00	0.00	0.00	0.00/-23.26	0.00	0.00
301399	英特科技	0	0	0.00	0.00	0.00	0.00	0.00	0.00/-23.26	0.00	0.00
301413	安培龙	0	0	0.00	0.00	0.00	0.00	0.00	0.00/-23.26	0.00	0.00
301418	协昌科技	0	0	0.00	0.00	0.00	0.00	0.00	0.00/-23.26	0.00	0.00
301419	阿莱德	0	0	0.00	0.00	0.00	0.00	0.00	0.00/-23.26	0.00	0.00
301421	波长光电	0	0	0.00	0.00	0.00	0.00	0.00	0.00/-23.26	0.00	0.00
301428	世纪恒通	0	0	0.00	0.00	0.00	0.00	0.00	0.00/-23.26	0.00	0.00
301448	开创电气	0	0	0.00	0.00	0.00	0.00	0.00	0.00/-23.26	0.00	0.00
301449	天溯计量	0	0	0.00	0.00	0.00	0.00	0.00	0.00/-23.26	0.00	0.00
301456	盘古智能	0	0	0.00	0.00	0.00	0.00	0.00	0.00/-23.26	0.00	0.00
301458	钧崴电子	0	0	0.00	0.00	0.00	0.00	0.00	0.00/-23.26	0.00	0.00
301459	丰茂股份	0	0	0.00	0.00	0.00	0.00	0.00	0.00/-23.26	0.00	0.00
301468	博盈特焊	0	0	0.00	0.00	0.00	0.00	0.00	0.00/-23.26	0.00	0.00
301469	恒达新材	0	0	0.00	0.00	0.00	0.00	0.00	0.00/-23.26	0.00	0.00
301479	弘景光电	0	0	0.00	0.00	0.00	0.00	0.00	0.00/-23.26	0.00	0.00
301486	致尚科技	0	0	0.00	0.00	0.00	0.00	0.00	0.00/-23.26	0.00	0.00
301487	盟固利	0	0	0.00	0.00	0.00	0.00	0.00	0.00/-23.26	0.00	0.00
301488	豪恩汽电	0	0	0.00	0.00	0.00	0.00	0.00	0.00/-23.26	0.00	0.00
301489	思泉新材	0	0	0.00	0.00	0.00	0.00	0.00	0.00/-23.26	0.00	0.00
301491	汉桑科技	0	0	0.00	0.00	0.00	0.00	0.00	0.00/-23.26	0.00	0.00
301498	乖宝宠物	0	0	0.00	0.00	0.00	0.00	0.00	0.00/-23.26	0.00	0.00
301499	维科精密	0	0	0.00	0.00	0.00	0.00	0.00	0.00/-23.26	0.00	0.00
301500	飞南资源	0	0	0.00	0.00	0.00	0.00	0.00	0.00/-23.26	0.00	0.00
301501	恒鑫生活	0	0	0.00	0.00	0.00	0.00	0.00	0.00/-23.26	0.00	0.00
301502	华阳智能	0	0	0.00	0.00	0.00	0.00	0.00	0.00/-23.26	0.00	0.00
301505	苏州规划	0	0	0.00	0.00	0.00	0.00	0.00	0.00/-23.26	0.00	0.00
301507	民生健康	0	0	0.00	0.00	0.00	0.00	0.00	0.00/-23.26	0.00	0.00
301508	中机认检	0	0	0.00	0.00	0.00	0.00	0.00	0.00/-23.26	0.00	0.00
301509	金凯生科	0	0	0.00	0.00	0.00	0.00	0.00	0.00/-23.26	0.00	0.00
301510	固高科技	0	0	0.00	0.00	0.00	0.00	0.00	0.00/-23.26	0.00	0.00
301511	德福科技	0	0	0.00	0.00	0.00	0.00	0.00	0.00/-23.26	0.00	0.00
301512	智信精密	0	0	0.00	0.00	0.00	0.00	0.00	0.00/-23.26	0.00	0.00
301513	尚水智能	0	0	0.00	0.00	0.00	0.00	0.00	0.00/-23.26	0.00	0.00
301515	港通医疗	0	0	0.00	0.00	0.00	0.00	0.00	0.00/-23.26	0.00	0.00
301516	中远通	0	0	0.00	0.00	0.00	0.00	0.00	0.00/-23.26	0.00	0.00
301517	陕西华达	0	0	0.00	0.00	0.00	0.00	0.00	0.00/-23.26	0.00	0.00
301518	长华化学	0	0	0.00	0.00	0.00	0.00	0.00	0.00/-23.26	0.00	0.00
301519	舜禹股份	0	0	0.00	0.00	0.00	0.00	0.00	0.00/-23.26	0.00	0.00
301520	万邦医药	0	0	0.00	0.00	0.00	0.00	0.00	0.00/-23.26	0.00	0.00
301522	上大股份	0	0	0.00	0.00	0.00	0.00	0.00	0.00/-23.26	0.00	0.00
301525	儒竞科技	0	0	0.00	0.00	0.00	0.00	0.00	0.00/-23.26	0.00	0.00
301526	国际复材	0	0	0.00	0.00	0.00	0.00	0.00	0.00/-23.26	0.00	0.00
301528	多浦乐	0	0	0.00	0.00	0.00	0.00	0.00	0.00/-23.26	0.00	0.00
301529	福赛科技	0	0	0.00	0.00	0.00	0.00	0.00	0.00/-23.26	0.00	0.00
301531	春光集团	0	0	0.00	0.00	0.00	0.00	0.00	0.00/-23.26	0.00	0.00
301535	浙江华远	0	0	0.00	0.00	0.00	0.00	0.00	0.00/-23.26	0.00	0.00
301536	星宸科技	0	0	0.00	0.00	0.00	0.00	0.00	0.00/-23.26	0.00	0.00
301538	骏鼎达	0	0	0.00	0.00	0.00	0.00	0.00	0.00/-23.26	0.00	0.00
301539	宏鑫科技	0	0	0.00	0.00	0.00	0.00	0.00	0.00/-23.26	0.00	0.00
301548	崇德科技	0	0	0.00	0.00	0.00	0.00	0.00	0.00/-23.26	0.00	0.00
301550	斯菱智驱	0	0	0.00	0.00	0.00	0.00	0.00	0.00/-23.26	0.00	0.00
301551	无线传媒	0	0	0.00	0.00	0.00	0.00	0.00	0.00/-23.26	0.00	0.00
301552	科力装备	0	0	0.00	0.00	0.00	0.00	0.00	0.00/-23.26	0.00	0.00
301555	惠柏新材	0	0	0.00	0.00	0.00	0.00	0.00	0.00/-23.26	0.00	0.00
301556	托普云农	0	0	0.00	0.00	0.00	0.00	0.00	0.00/-23.26	0.00	0.00
301557	常友科技	0	0	0.00	0.00	0.00	0.00	0.00	0.00/-23.26	0.00	0.00
301558	三态股份	0	0	0.00	0.00	0.00	0.00	0.00	0.00/-23.26	0.00	0.00
301559	中集环科	0	0	0.00	0.00	0.00	0.00	0.00	0.00/-23.26	0.00	0.00
301560	众捷股份	0	0	0.00	0.00	0.00	0.00	0.00	0.00/-23.26	0.00	0.00
301563	云汉芯城	0	0	0.00	0.00	0.00	0.00	0.00	0.00/-23.26	0.00	0.00
301565	中仑新材	0	0	0.00	0.00	0.00	0.00	0.00	0.00/-23.26	0.00	0.00
301566	达利凯普	0	0	0.00	0.00	0.00	0.00	0.00	0.00/-23.26	0.00	0.00
301567	贝隆精密	0	0	0.00	0.00	0.00	0.00	0.00	0.00/-23.26	0.00	0.00
301568	思泰克	0	0	0.00	0.00	0.00	0.00	0.00	0.00/-23.26	0.00	0.00
301571	国科天成	0	0	0.00	0.00	0.00	0.00	0.00	0.00/-23.26	0.00	0.00
301575	艾芬达	0	0	0.00	0.00	0.00	0.00	0.00	0.00/-23.26	0.00	0.00
301577	美信科技	0	0	0.00	0.00	0.00	0.00	0.00	0.00/-23.26	0.00	0.00
301578	辰奕智能	0	0	0.00	0.00	0.00	0.00	0.00	0.00/-23.26	0.00	0.00
301580	爱迪特	0	0	0.00	0.00	0.00	0.00	0.00	0.00/-23.26	0.00	0.00
301581	黄山谷捷	0	0	0.00	0.00	0.00	0.00	0.00	0.00/-23.26	0.00	0.00
301583	托伦斯	0	0	0.00	0.00	0.00	0.00	0.00	0.00/-23.26	0.00	0.00
301584	建发致新	0	0	0.00	0.00	0.00	0.00	0.00	0.00/-23.26	0.00	0.00
301585	蓝宇股份	0	0	0.00	0.00	0.00	0.00	0.00	0.00/-23.26	0.00	0.00
301586	佳力奇	0	0	0.00	0.00	0.00	0.00	0.00	0.00/-23.26	0.00	0.00
301587	中瑞股份	0	0	0.00	0.00	0.00	0.00	0.00	0.00/-23.26	0.00	0.00
301588	美新科技	0	0	0.00	0.00	0.00	0.00	0.00	0.00/-23.26	0.00	0.00
301589	诺瓦星云	0	0	0.00	0.00	0.00	0.00	0.00	0.00/-23.26	0.00	0.00
301590	优优绿能	0	0	0.00	0.00	0.00	0.00	0.00	0.00/-23.26	0.00	0.00
301591	肯特股份	0	0	0.00	0.00	0.00	0.00	0.00	0.00/-23.26	0.00	0.00
301592	六九一二	0	0	0.00	0.00	0.00	0.00	0.00	0.00/-23.26	0.00	0.00
301595	太力科技	0	0	0.00	0.00	0.00	0.00	0.00	0.00/-23.26	0.00	0.00
301596	瑞迪智驱	0	0	0.00	0.00	0.00	0.00	0.00	0.00/-23.26	0.00	0.00
301598	博科测试	0	0	0.00	0.00	0.00	0.00	0.00	0.00/-23.26	0.00	0.00
301599	理奇智能	0	0	0.00	0.00	0.00	0.00	0.00	0.00/-23.26	0.00	0.00
301600	慧翰股份	0	0	0.00	0.00	0.00	0.00	0.00	0.00/-23.26	0.00	0.00
301601	惠通科技	0	0	0.00	0.00	0.00	0.00	0.00	0.00/-23.26	0.00	0.00
301602	超研股份	0	0	0.00	0.00	0.00	0.00	0.00	0.00/-23.26	0.00	0.00
301603	乔锋智能	0	0	0.00	0.00	0.00	0.00	0.00	0.00/-23.26	0.00	0.00
301606	绿联科技	0	0	0.00	0.00	0.00	0.00	0.00	0.00/-23.26	0.00	0.00
301607	富特科技	0	0	0.00	0.00	0.00	0.00	0.00	0.00/-23.26	0.00	0.00
301608	博实结	0	0	0.00	0.00	0.00	0.00	0.00	0.00/-23.26	0.00	0.00
301609	山大电力	0	0	0.00	0.00	0.00	0.00	0.00	0.00/-23.26	0.00	0.00
301611	珂玛科技	0	0	0.00	0.00	0.00	0.00	0.00	0.00/-23.26	0.00	0.00
301613	新铝时代	0	0	0.00	0.00	0.00	0.00	0.00	0.00/-23.26	0.00	0.00
301616	浙江华业	0	0	0.00	0.00	0.00	0.00	0.00	0.00/-23.26	0.00	0.00
301617	博苑新材	0	0	0.00	0.00	0.00	0.00	0.00	0.00/-23.26	0.00	0.00
301618	长联科技	0	0	0.00	0.00	0.00	0.00	0.00	0.00/-23.26	0.00	0.00
301622	英思特	0	0	0.00	0.00	0.00	0.00	0.00	0.00/-23.26	0.00	0.00
301626	苏州天脉	0	0	0.00	0.00	0.00	0.00	0.00	0.00/-23.26	0.00	0.00
301628	强达电路	0	0	0.00	0.00	0.00	0.00	0.00	0.00/-23.26	0.00	0.00
301629	矽电股份	0	0	0.00	0.00	0.00	0.00	0.00	0.00/-23.26	0.00	0.00
301630	同宇新材	0	0	0.00	0.00	0.00	0.00	0.00	0.00/-23.26	0.00	0.00
301631	壹连科技	0	0	0.00	0.00	0.00	0.00	0.00	0.00/-23.26	0.00	0.00
301632	广东建科	0	0	0.00	0.00	0.00	0.00	0.00	0.00/-23.26	0.00	0.00
301633	港迪技术	0	0	0.00	0.00	0.00	0.00	0.00	0.00/-23.26	0.00	0.00
301636	泽润新能	0	0	0.00	0.00	0.00	0.00	0.00	0.00/-23.26	0.00	0.00
301638	南网数字	0	0	0.00	0.00	0.00	0.00	0.00	0.00/-23.26	0.00	0.00
301655	绿控传动	0	0	0.00	0.00	0.00	0.00	0.00	0.00/-23.26	0.00	0.00
301656	联合动力	0	0	0.00	0.00	0.00	0.00	0.00	0.00/-23.26	0.00	0.00
301658	首航新能	0	0	0.00	0.00	0.00	0.00	0.00	0.00/-23.26	0.00	0.00
301662	宏工科技	0	0	0.00	0.00	0.00	0.00	0.00	0.00/-23.26	0.00	0.00
301665	泰禾股份	0	0	0.00	0.00	0.00	0.00	0.00	0.00/-23.26	0.00	0.00
301666	大普微-UW	0	0	0.00	0.00	0.00	0.00	0.00	0.00/-23.26	0.00	0.00
301667	纳百川	0	0	0.00	0.00	0.00	0.00	0.00	0.00/-23.26	0.00	0.00
301668	昊创瑞通	0	0	0.00	0.00	0.00	0.00	0.00	0.00/-23.26	0.00	0.00
301669	高特电子	0	0	0.00	0.00	0.00	0.00	0.00	0.00/-23.26	0.00	0.00
301677	欣兴工具	0	0	0.00	0.00	0.00	0.00	0.00	0.00/-23.26	0.00	0.00
301678	新恒汇	0	0	0.00	0.00	0.00	0.00	0.00	0.00/-23.26	0.00	0.00
301680	固德电材	0	0	0.00	0.00	0.00	0.00	0.00	0.00/-23.26	0.00	0.00
301682	宏明电子	0	0	0.00	0.00	0.00	0.00	0.00	0.00/-23.26	0.00	0.00
301683	慧谷新材	0	0	0.00	0.00	0.00	0.00	0.00	0.00/-23.26	0.00	0.00
301686	中塑股份	0	0	0.00	0.00	0.00	0.00	0.00	0.00/-23.26	0.00	0.00
301687	新广益	0	0	0.00	0.00	0.00	0.00	0.00	0.00/-23.26	0.00	0.00
301688	格林生物	0	0	0.00	0.00	0.00	0.00	0.00	0.00/-23.26	0.00	0.00
301689	电科思仪	0	0	0.00	0.00	0.00	0.00	0.00	0.00/-23.26	0.00	0.00
301696	三瑞智能	0	0	0.00	0.00	0.00	0.00	0.00	0.00/-23.26	0.00	0.00
301697	贝特利	0	0	0.00	0.00	0.00	0.00	0.00	0.00/-23.26	0.00	0.00
301699	洛轴股份	0	0	0.00	0.00	0.00	0.00	0.00	0.00/-23.26	0.00	0.00
301707	展芯股份	0	0	0.00	0.00	0.00	0.00	0.00	0.00/-23.26	0.00	0.00
301716	C鸿富诚	0	0	0.00	0.00	0.00	0.00	0.00	0.00/-23.26	0.00	0.00
301717	超纯应材	0	0	0.00	0.00	0.00	0.00	0.00	0.00/-23.26	0.00	0.00
302132	中航成飞	0	0	0.00	0.00	0.00	0.00	0.00	0.00/-23.26	0.00	0.00
600000	浦发银行	0	0	0.00	0.00	0.00	0.00	0.00	0.00/-23.26	0.00	0.00
600004	白云机场	0	0	0.00	0.00	0.00	0.00	0.00	0.00/-23.26	0.00	0.00
600007	中国国贸	0	0	0.00	0.00	0.00	0.00	0.00	0.00/-23.26	0.00	0.00
600008	首创环保	0	0	0.00	0.00	0.00	0.00	0.00	0.00/-23.26	0.00	0.00
600009	上海机场	0	0	0.00	0.00	0.00	0.00	0.00	0.00/-23.26	0.00	0.00
600010	包钢股份	0	0	0.00	0.00	0.00	0.00	0.00	0.00/-23.26	0.00	0.00
600011	华能国际	0	0	0.00	0.00	0.00	0.00	0.00	0.00/-23.26	0.00	0.00
600015	华夏银行	0	0	0.00	0.00	0.00	0.00	0.00	0.00/-23.26	0.00	0.00
600016	民生银行	0	0	0.00	0.00	0.00	0.00	0.00	0.00/-23.26	0.00	0.00
600018	上港集团	0	0	0.00	0.00	0.00	0.00	0.00	0.00/-23.26	0.00	0.00
600019	宝钢股份	0	0	0.00	0.00	0.00	0.00	0.00	0.00/-23.26	0.00	0.00
600020	中原高速	0	0	0.00	0.00	0.00	0.00	0.00	0.00/-23.26	0.00	0.00
600021	上海电力	0	0	0.00	0.00	0.00	0.00	0.00	0.00/-23.26	0.00	0.00
600022	山东钢铁	0	0	0.00	0.00	0.00	0.00	0.00	0.00/-23.26	0.00	0.00
600023	浙能电力	0	0	0.00	0.00	0.00	0.00	0.00	0.00/-23.26	0.00	0.00
600025	华能水电	0	0	0.00	0.00	0.00	0.00	0.00	0.00/-23.26	0.00	0.00
600026	中远海能	0	0	0.00	0.00	0.00	0.00	0.00	0.00/-23.26	0.00	0.00
600027	华电国际	0	0	0.00	0.00	0.00	0.00	0.00	0.00/-23.26	0.00	0.00
600028	XD中国石	0	0	0.00	0.00	0.00	0.00	0.00	0.00/-23.26	0.00	0.00
600029	南方航空	0	0	0.00	0.00	0.00	0.00	0.00	0.00/-23.26	0.00	0.00
600030	中信证券	0	0	0.00	0.00	0.00	0.00	0.00	0.00/-23.26	0.00	0.00
600031	三一重工	0	0	0.00	0.00	0.00	0.00	0.00	0.00/-23.26	0.00	0.00
600032	浙江新能	0	0	0.00	0.00	0.00	0.00	0.00	0.00/-23.26	0.00	0.00
600036	招商银行	0	0	0.00	0.00	0.00	0.00	0.00	0.00/-23.26	0.00	0.00
600037	歌华有线	0	0	0.00	0.00	0.00	0.00	0.00	0.00/-23.26	0.00	0.00
600038	中直股份	0	0	0.00	0.00	0.00	0.00	0.00	0.00/-23.26	0.00	0.00
600039	四川路桥	0	0	0.00	0.00	0.00	0.00	0.00	0.00/-23.26	0.00	0.00
600048	保利发展	0	0	0.00	0.00	0.00	0.00	0.00	0.00/-23.26	0.00	0.00
600050	中国联通	0	0	0.00	0.00	0.00	0.00	0.00	0.00/-23.26	0.00	0.00
600052	东望时代	0	0	0.00	0.00	0.00	0.00	0.00	0.00/-23.26	0.00	0.00
600053	*ST九鼎	0	0	0.00	0.00	0.00	0.00	0.00	0.00/-23.26	0.00	0.00
600057	厦门象屿	0	0	0.00	0.00	0.00	0.00	0.00	0.00/-23.26	0.00	0.00
600058	五矿发展	0	0	0.00	0.00	0.00	0.00	0.00	0.00/-23.26	0.00	0.00
600060	海信视像	0	0	0.00	0.00	0.00	0.00	0.00	0.00/-23.26	0.00	0.00
600061	国投资本	0	0	0.00	0.00	0.00	0.00	0.00	0.00/-23.26	0.00	0.00
600062	华润双鹤	0	0	0.00	0.00	0.00	0.00	0.00	0.00/-23.26	0.00	0.00
600063	皖维高新	0	0	0.00	0.00	0.00	0.00	0.00	0.00/-23.26	0.00	0.00
600064	南京高科	0	0	0.00	0.00	0.00	0.00	0.00	0.00/-23.26	0.00	0.00
600066	宇通客车	0	0	0.00	0.00	0.00	0.00	0.00	0.00/-23.26	0.00	0.00
600076	康欣新材	0	0	0.00	0.00	0.00	0.00	0.00	0.00/-23.26	0.00	0.00
600078	澄星股份	0	0	0.00	0.00	0.00	0.00	0.00	0.00/-23.26	0.00	0.00
600079	ST人福	0	0	0.00	0.00	0.00	0.00	0.00	0.00/-23.26	0.00	0.00
600080	ST金花	0	0	0.00	0.00	0.00	0.00	0.00	0.00/-23.26	0.00	0.00
600082	ST海泰	0	0	0.00	0.00	0.00	0.00	0.00	0.00/-23.26	0.00	0.00
600084	*ST尼雅	0	0	0.00	0.00	0.00	0.00	0.00	0.00/-23.26	0.00	0.00
600085	同仁堂	0	0	0.00	0.00	0.00	0.00	0.00	0.00/-23.26	0.00	0.00
600088	中视传媒	0	0	0.00	0.00	0.00	0.00	0.00	0.00/-23.26	0.00	0.00
600089	特变电工	0	0	0.00	0.00	0.00	0.00	0.00	0.00/-23.26	0.00	0.00
600094	大名城	0	0	0.00	0.00	0.00	0.00	0.00	0.00/-23.26	0.00	0.00
600095	湘财股份	0	0	0.00	0.00	0.00	0.00	0.00	0.00/-23.26	0.00	0.00
600096	云天化	0	0	0.00	0.00	0.00	0.00	0.00	0.00/-23.26	0.00	0.00
600100	同方股份	0	0	0.00	0.00	0.00	0.00	0.00	0.00/-23.26	0.00	0.00
600104	上汽集团	0	0	0.00	0.00	0.00	0.00	0.00	0.00/-23.26	0.00	0.00
600105	永鼎股份	0	0	0.00	0.00	0.00	0.00	0.00	0.00/-23.26	0.00	0.00
600107	*ST尔雅	0	0	0.00	0.00	0.00	0.00	0.00	0.00/-23.26	0.00	0.00
600109	国金证券	0	0	0.00	0.00	0.00	0.00	0.00	0.00/-23.26	0.00	0.00
600110	诺德股份	0	0	0.00	0.00	0.00	0.00	0.00	0.00/-23.26	0.00	0.00
600111	北方稀土	0	0	0.00	0.00	0.00	0.00	0.00	0.00/-23.26	0.00	0.00
600114	东睦股份	0	0	0.00	0.00	0.00	0.00	0.00	0.00/-23.26	0.00	0.00
600115	中国东航	0	0	0.00	0.00	0.00	0.00	0.00	0.00/-23.26	0.00	0.00
600118	中国卫星	0	0	0.00	0.00	0.00	0.00	0.00	0.00/-23.26	0.00	0.00
600119	*ST长投	0	0	0.00	0.00	0.00	0.00	0.00	0.00/-23.26	0.00	0.00
600120	浙江东方	0	0	0.00	0.00	0.00	0.00	0.00	0.00/-23.26	0.00	0.00
600121	郑州煤电	0	0	0.00	0.00	0.00	0.00	0.00	0.00/-23.26	0.00	0.00
600123	兰花科创	0	0	0.00	0.00	0.00	0.00	0.00	0.00/-23.26	0.00	0.00
600125	铁龙物流	0	0	0.00	0.00	0.00	0.00	0.00	0.00/-23.26	0.00	0.00
600129	太极集团	0	0	0.00	0.00	0.00	0.00	0.00	0.00/-23.26	0.00	0.00
600130	波导股份	0	0	0.00	0.00	0.00	0.00	0.00	0.00/-23.26	0.00	0.00
600131	国网信通	0	0	0.00	0.00	0.00	0.00	0.00	0.00/-23.26	0.00	0.00
600132	重庆啤酒	0	0	0.00	0.00	0.00	0.00	0.00	0.00/-23.26	0.00	0.00
600133	东湖高新	0	0	0.00	0.00	0.00	0.00	0.00	0.00/-23.26	0.00	0.00
600135	乐凯胶片	0	0	0.00	0.00	0.00	0.00	0.00	0.00/-23.26	0.00	0.00
600136	ST明诚	0	0	0.00	0.00	0.00	0.00	0.00	0.00/-23.26	0.00	0.00
600141	兴发集团	0	0	0.00	0.00	0.00	0.00	0.00	0.00/-23.26	0.00	0.00
600143	金发科技	0	0	0.00	0.00	0.00	0.00	0.00	0.00/-23.26	0.00	0.00
600148	长春一东	0	0	0.00	0.00	0.00	0.00	0.00	0.00/-23.26	0.00	0.00
600150	中国船舶	0	0	0.00	0.00	0.00	0.00	0.00	0.00/-23.26	0.00	0.00
600151	航天机电	0	0	0.00	0.00	0.00	0.00	0.00	0.00/-23.26	0.00	0.00
600152	维科技术	0	0	0.00	0.00	0.00	0.00	0.00	0.00/-23.26	0.00	0.00
600153	建发股份	0	0	0.00	0.00	0.00	0.00	0.00	0.00/-23.26	0.00	0.00
600155	华创云信	0	0	0.00	0.00	0.00	0.00	0.00	0.00/-23.26	0.00	0.00
600156	华升股份	0	0	0.00	0.00	0.00	0.00	0.00	0.00/-23.26	0.00	0.00
600157	永泰能源	0	0	0.00	0.00	0.00	0.00	0.00	0.00/-23.26	0.00	0.00
600160	巨化股份	0	0	0.00	0.00	0.00	0.00	0.00	0.00/-23.26	0.00	0.00
600161	天坛生物	0	0	0.00	0.00	0.00	0.00	0.00	0.00/-23.26	0.00	0.00
600162	香江控股	0	0	0.00	0.00	0.00	0.00	0.00	0.00/-23.26	0.00	0.00
600163	中闽能源	0	0	0.00	0.00	0.00	0.00	0.00	0.00/-23.26	0.00	0.00
600165	宁科生物	0	0	0.00	0.00	0.00	0.00	0.00	0.00/-23.26	0.00	0.00
600166	福田汽车	0	0	0.00	0.00	0.00	0.00	0.00	0.00/-23.26	0.00	0.00
600169	ST太重	0	0	0.00	0.00	0.00	0.00	0.00	0.00/-23.26	0.00	0.00
600170	上海建工	0	0	0.00	0.00	0.00	0.00	0.00	0.00/-23.26	0.00	0.00
600171	上海贝岭	0	0	0.00	0.00	0.00	0.00	0.00	0.00/-23.26	0.00	0.00
600173	卧龙新能	0	0	0.00	0.00	0.00	0.00	0.00	0.00/-23.26	0.00	0.00
600176	中国巨石	0	0	0.00	0.00	0.00	0.00	0.00	0.00/-23.26	0.00	0.00
600177	雅戈尔	0	0	0.00	0.00	0.00	0.00	0.00	0.00/-23.26	0.00	0.00
600180	*ST瑞茂	0	0	0.00	0.00	0.00	0.00	0.00	0.00/-23.26	0.00	0.00
600183	生益科技	0	0	0.00	0.00	0.00	0.00	0.00	0.00/-23.26	0.00	0.00
600185	珠免集团	0	0	0.00	0.00	0.00	0.00	0.00	0.00/-23.26	0.00	0.00
600186	莲花控股	0	0	0.00	0.00	0.00	0.00	0.00	0.00/-23.26	0.00	0.00
600187	*ST国中	0	0	0.00	0.00	0.00	0.00	0.00	0.00/-23.26	0.00	0.00
600188	兖矿能源	0	0	0.00	0.00	0.00	0.00	0.00	0.00/-23.26	0.00	0.00
600191	华资实业	0	0	0.00	0.00	0.00	0.00	0.00	0.00/-23.26	0.00	0.00
600195	中牧股份	0	0	0.00	0.00	0.00	0.00	0.00	0.00/-23.26	0.00	0.00
600196	复星医药	0	0	0.00	0.00	0.00	0.00	0.00	0.00/-23.26	0.00	0.00
600197	伊力特	0	0	0.00	0.00	0.00	0.00	0.00	0.00/-23.26	0.00	0.00
600198	大唐电信	0	0	0.00	0.00	0.00	0.00	0.00	0.00/-23.26	0.00	0.00
600199	金种子酒	0	0	0.00	0.00	0.00	0.00	0.00	0.00/-23.26	0.00	0.00
600201	生物股份	0	0	0.00	0.00	0.00	0.00	0.00	0.00/-23.26	0.00	0.00
600203	福日电子	0	0	0.00	0.00	0.00	0.00	0.00	0.00/-23.26	0.00	0.00
600207	安彩高科	0	0	0.00	0.00	0.00	0.00	0.00	0.00/-23.26	0.00	0.00
600208	衢州发展	0	0	0.00	0.00	0.00	0.00	0.00	0.00/-23.26	0.00	0.00
600210	紫江企业	0	0	0.00	0.00	0.00	0.00	0.00	0.00/-23.26	0.00	0.00
600212	绿能慧充	0	0	0.00	0.00	0.00	0.00	0.00	0.00/-23.26	0.00	0.00
600215	派斯林	0	0	0.00	0.00	0.00	0.00	0.00	0.00/-23.26	0.00	0.00
600216	浙江医药	0	0	0.00	0.00	0.00	0.00	0.00	0.00/-23.26	0.00	0.00
600219	南山铝业	0	0	0.00	0.00	0.00	0.00	0.00	0.00/-23.26	0.00	0.00
600221	海航控股	0	0	0.00	0.00	0.00	0.00	0.00	0.00/-23.26	0.00	0.00
600223	福瑞达	0	0	0.00	0.00	0.00	0.00	0.00	0.00/-23.26	0.00	0.00
600226	亨通股份	0	0	0.00	0.00	0.00	0.00	0.00	0.00/-23.26	0.00	0.00
600227	赤天化	0	0	0.00	0.00	0.00	0.00	0.00	0.00/-23.26	0.00	0.00
600228	返利科技	0	0	0.00	0.00	0.00	0.00	0.00	0.00/-23.26	0.00	0.00
600231	凌钢股份	0	0	0.00	0.00	0.00	0.00	0.00	0.00/-23.26	0.00	0.00
600232	金鹰股份	0	0	0.00	0.00	0.00	0.00	0.00	0.00/-23.26	0.00	0.00
600233	圆通速递	0	0	0.00	0.00	0.00	0.00	0.00	0.00/-23.26	0.00	0.00
600236	桂冠电力	0	0	0.00	0.00	0.00	0.00	0.00	0.00/-23.26	0.00	0.00
600237	铜峰电子	0	0	0.00	0.00	0.00	0.00	0.00	0.00/-23.26	0.00	0.00
600238	ST椰岛	0	0	0.00	0.00	0.00	0.00	0.00	0.00/-23.26	0.00	0.00
600239	ST云城	0	0	0.00	0.00	0.00	0.00	0.00	0.00/-23.26	0.00	0.00
600243	*ST海华	0	0	0.00	0.00	0.00	0.00	0.00	0.00/-23.26	0.00	0.00
600255	鑫科材料	0	0	0.00	0.00	0.00	0.00	0.00	0.00/-23.26	0.00	0.00
600256	广汇能源	0	0	0.00	0.00	0.00	0.00	0.00	0.00/-23.26	0.00	0.00
600265	*ST景谷	0	0	0.00	0.00	0.00	0.00	0.00	0.00/-23.26	0.00	0.00
600268	国电南自	0	0	0.00	0.00	0.00	0.00	0.00	0.00/-23.26	0.00	0.00
600271	航天信息	0	0	0.00	0.00	0.00	0.00	0.00	0.00/-23.26	0.00	0.00
600273	嘉化能源	0	0	0.00	0.00	0.00	0.00	0.00	0.00/-23.26	0.00	0.00
600280	中央商场	0	0	0.00	0.00	0.00	0.00	0.00	0.00/-23.26	0.00	0.00
600282	南钢股份	0	0	0.00	0.00	0.00	0.00	0.00	0.00/-23.26	0.00	0.00
600285	羚锐制药	0	0	0.00	0.00	0.00	0.00	0.00	0.00/-23.26	0.00	0.00
600289	ST信通	0	0	0.00	0.00	0.00	0.00	0.00	0.00/-23.26	0.00	0.00
600295	鄂尔多斯	0	0	0.00	0.00	0.00	0.00	0.00	0.00/-23.26	0.00	0.00
600298	安琪酵母	0	0	0.00	0.00	0.00	0.00	0.00	0.00/-23.26	0.00	0.00
600299	安迪苏	0	0	0.00	0.00	0.00	0.00	0.00	0.00/-23.26	0.00	0.00
600301	华锡有色	0	0	0.00	0.00	0.00	0.00	0.00	0.00/-23.26	0.00	0.00
600302	ST标准	0	0	0.00	0.00	0.00	0.00	0.00	0.00/-23.26	0.00	0.00
600305	恒顺醋业	0	0	0.00	0.00	0.00	0.00	0.00	0.00/-23.26	0.00	0.00
600307	酒钢宏兴	0	0	0.00	0.00	0.00	0.00	0.00	0.00/-23.26	0.00	0.00
600308	华泰股份	0	0	0.00	0.00	0.00	0.00	0.00	0.00/-23.26	0.00	0.00
600309	万华化学	0	0	0.00	0.00	0.00	0.00	0.00	0.00/-23.26	0.00	0.00
600310	广西能源	0	0	0.00	0.00	0.00	0.00	0.00	0.00/-23.26	0.00	0.00
600312	平高电气	0	0	0.00	0.00	0.00	0.00	0.00	0.00/-23.26	0.00	0.00
600315	上海家化	0	0	0.00	0.00	0.00	0.00	0.00	0.00/-23.26	0.00	0.00
600316	洪都航空	0	0	0.00	0.00	0.00	0.00	0.00	0.00/-23.26	0.00	0.00
600318	新力金融	0	0	0.00	0.00	0.00	0.00	0.00	0.00/-23.26	0.00	0.00
600319	亚星化学	0	0	0.00	0.00	0.00	0.00	0.00	0.00/-23.26	0.00	0.00
600320	振华重工	0	0	0.00	0.00	0.00	0.00	0.00	0.00/-23.26	0.00	0.00
600322	津投城开	0	0	0.00	0.00	0.00	0.00	0.00	0.00/-23.26	0.00	0.00
600323	瀚蓝环境	0	0	0.00	0.00	0.00	0.00	0.00	0.00/-23.26	0.00	0.00
600325	华发股份	0	0	0.00	0.00	0.00	0.00	0.00	0.00/-23.26	0.00	0.00
600329	达仁堂	0	0	0.00	0.00	0.00	0.00	0.00	0.00/-23.26	0.00	0.00
600330	天通股份	0	0	0.00	0.00	0.00	0.00	0.00	0.00/-23.26	0.00	0.00
600332	白云山	0	0	0.00	0.00	0.00	0.00	0.00	0.00/-23.26	0.00	0.00
600337	ST美克	0	0	0.00	0.00	0.00	0.00	0.00	0.00/-23.26	0.00	0.00
600338	西藏珠峰	0	0	0.00	0.00	0.00	0.00	0.00	0.00/-23.26	0.00	0.00
600339	中油工程	0	0	0.00	0.00	0.00	0.00	0.00	0.00/-23.26	0.00	0.00
600340	*ST华幸	0	0	0.00	0.00	0.00	0.00	0.00	0.00/-23.26	0.00	0.00
600346	恒力石化	0	0	0.00	0.00	0.00	0.00	0.00	0.00/-23.26	0.00	0.00
600348	华阳股份	0	0	0.00	0.00	0.00	0.00	0.00	0.00/-23.26	0.00	0.00
600350	山东高速	0	0	0.00	0.00	0.00	0.00	0.00	0.00/-23.26	0.00	0.00
600352	浙江龙盛	0	0	0.00	0.00	0.00	0.00	0.00	0.00/-23.26	0.00	0.00
600353	旭光电子	0	0	0.00	0.00	0.00	0.00	0.00	0.00/-23.26	0.00	0.00
600360	华微电子	0	0	0.00	0.00	0.00	0.00	0.00	0.00/-23.26	0.00	0.00
600361	创新新材	0	0	0.00	0.00	0.00	0.00	0.00	0.00/-23.26	0.00	0.00
600362	江西铜业	0	0	0.00	0.00	0.00	0.00	0.00	0.00/-23.26	0.00	0.00
600363	ST联光	0	0	0.00	0.00	0.00	0.00	0.00	0.00/-23.26	0.00	0.00
600365	ST通葡	0	0	0.00	0.00	0.00	0.00	0.00	0.00/-23.26	0.00	0.00
600368	五洲交通	0	0	0.00	0.00	0.00	0.00	0.00	0.00/-23.26	0.00	0.00
600369	西南证券	0	0	0.00	0.00	0.00	0.00	0.00	0.00/-23.26	0.00	0.00
600370	*ST三房	0	0	0.00	0.00	0.00	0.00	0.00	0.00/-23.26	0.00	0.00
600371	万向德农	0	0	0.00	0.00	0.00	0.00	0.00	0.00/-23.26	0.00	0.00
600372	中航机载	0	0	0.00	0.00	0.00	0.00	0.00	0.00/-23.26	0.00	0.00
600373	中文传媒	0	0	0.00	0.00	0.00	0.00	0.00	0.00/-23.26	0.00	0.00
600377	宁沪高速	0	0	0.00	0.00	0.00	0.00	0.00	0.00/-23.26	0.00	0.00
600378	昊华科技	0	0	0.00	0.00	0.00	0.00	0.00	0.00/-23.26	0.00	0.00
600380	健康元	0	0	0.00	0.00	0.00	0.00	0.00	0.00/-23.26	0.00	0.00
600381	*ST春天	0	0	0.00	0.00	0.00	0.00	0.00	0.00/-23.26	0.00	0.00
600382	广东明珠	0	0	0.00	0.00	0.00	0.00	0.00	0.00/-23.26	0.00	0.00
600383	金地集团	0	0	0.00	0.00	0.00	0.00	0.00	0.00/-23.26	0.00	0.00
600386	北巴传媒	0	0	0.00	0.00	0.00	0.00	0.00	0.00/-23.26	0.00	0.00
600390	五矿资本	0	0	0.00	0.00	0.00	0.00	0.00	0.00/-23.26	0.00	0.00
600391	航发科技	0	0	0.00	0.00	0.00	0.00	0.00	0.00/-23.26	0.00	0.00
600392	盛和资源	0	0	0.00	0.00	0.00	0.00	0.00	0.00/-23.26	0.00	0.00
600395	盘江股份	0	0	0.00	0.00	0.00	0.00	0.00	0.00/-23.26	0.00	0.00
600396	华电辽能	0	0	0.00	0.00	0.00	0.00	0.00	0.00/-23.26	0.00	0.00
600397	江钨装备	0	0	0.00	0.00	0.00	0.00	0.00	0.00/-23.26	0.00	0.00
600398	海澜之家	0	0	0.00	0.00	0.00	0.00	0.00	0.00/-23.26	0.00	0.00
600399	抚顺特钢	0	0	0.00	0.00	0.00	0.00	0.00	0.00/-23.26	0.00	0.00
600405	动力源	0	0	0.00	0.00	0.00	0.00	0.00	0.00/-23.26	0.00	0.00
600406	国电南瑞	0	0	0.00	0.00	0.00	0.00	0.00	0.00/-23.26	0.00	0.00
600408	安泰集团	0	0	0.00	0.00	0.00	0.00	0.00	0.00/-23.26	0.00	0.00
600410	华胜天成	0	0	0.00	0.00	0.00	0.00	0.00	0.00/-23.26	0.00	0.00
600415	小商品城	0	0	0.00	0.00	0.00	0.00	0.00	0.00/-23.26	0.00	0.00
600416	湘电股份	0	0	0.00	0.00	0.00	0.00	0.00	0.00/-23.26	0.00	0.00
600418	江淮汽车	0	0	0.00	0.00	0.00	0.00	0.00	0.00/-23.26	0.00	0.00
600419	天润乳业	0	0	0.00	0.00	0.00	0.00	0.00	0.00/-23.26	0.00	0.00
600420	国药现代	0	0	0.00	0.00	0.00	0.00	0.00	0.00/-23.26	0.00	0.00
600422	昆药集团	0	0	0.00	0.00	0.00	0.00	0.00	0.00/-23.26	0.00	0.00
600423	*ST柳化	0	0	0.00	0.00	0.00	0.00	0.00	0.00/-23.26	0.00	0.00
600426	华鲁恒升	0	0	0.00	0.00	0.00	0.00	0.00	0.00/-23.26	0.00	0.00
600428	中远海特	0	0	0.00	0.00	0.00	0.00	0.00	0.00/-23.26	0.00	0.00
600435	北方导航	0	0	0.00	0.00	0.00	0.00	0.00	0.00/-23.26	0.00	0.00
600436	片仔癀	0	0	0.00	0.00	0.00	0.00	0.00	0.00/-23.26	0.00	0.00
600438	通威股份	0	0	0.00	0.00	0.00	0.00	0.00	0.00/-23.26	0.00	0.00
600439	ST瑞贝卡	0	0	0.00	0.00	0.00	0.00	0.00	0.00/-23.26	0.00	0.00
600444	国机通用	0	0	0.00	0.00	0.00	0.00	0.00	0.00/-23.26	0.00	0.00
600446	金证股份	0	0	0.00	0.00	0.00	0.00	0.00	0.00/-23.26	0.00	0.00
600449	宁夏建材	0	0	0.00	0.00	0.00	0.00	0.00	0.00/-23.26	0.00	0.00
600452	涪陵电力	0	0	0.00	0.00	0.00	0.00	0.00	0.00/-23.26	0.00	0.00
600456	宝钛股份	0	0	0.00	0.00	0.00	0.00	0.00	0.00/-23.26	0.00	0.00
600458	时代新材	0	0	0.00	0.00	0.00	0.00	0.00	0.00/-23.26	0.00	0.00
600460	士兰微	0	0	0.00	0.00	0.00	0.00	0.00	0.00/-23.26	0.00	0.00
600461	洪城环境	0	0	0.00	0.00	0.00	0.00	0.00	0.00/-23.26	0.00	0.00
600463	空港股份	0	0	0.00	0.00	0.00	0.00	0.00	0.00/-23.26	0.00	0.00
600469	风神股份	0	0	0.00	0.00	0.00	0.00	0.00	0.00/-23.26	0.00	0.00
600476	*ST湘邮	0	0	0.00	0.00	0.00	0.00	0.00	0.00/-23.26	0.00	0.00
600477	杭萧钢构	0	0	0.00	0.00	0.00	0.00	0.00	0.00/-23.26	0.00	0.00
600478	科力远	0	0	0.00	0.00	0.00	0.00	0.00	0.00/-23.26	0.00	0.00
600479	千金药业	0	0	0.00	0.00	0.00	0.00	0.00	0.00/-23.26	0.00	0.00
600480	凌云股份	0	0	0.00	0.00	0.00	0.00	0.00	0.00/-23.26	0.00	0.00
600481	双良节能	0	0	0.00	0.00	0.00	0.00	0.00	0.00/-23.26	0.00	0.00
600482	中国动力	0	0	0.00	0.00	0.00	0.00	0.00	0.00/-23.26	0.00	0.00
600483	福能股份	0	0	0.00	0.00	0.00	0.00	0.00	0.00/-23.26	0.00	0.00
600486	XD扬农化	0	0	0.00	0.00	0.00	0.00	0.00	0.00/-23.26	0.00	0.00
600487	亨通光电	0	0	0.00	0.00	0.00	0.00	0.00	0.00/-23.26	0.00	0.00
600489	中金黄金	0	0	0.00	0.00	0.00	0.00	0.00	0.00/-23.26	0.00	0.00
600490	鹏欣资源	0	0	0.00	0.00	0.00	0.00	0.00	0.00/-23.26	0.00	0.00
600491	ST龙元	0	0	0.00	0.00	0.00	0.00	0.00	0.00/-23.26	0.00	0.00
600497	驰宏锌锗	0	0	0.00	0.00	0.00	0.00	0.00	0.00/-23.26	0.00	0.00
600498	烽火通信	0	0	0.00	0.00	0.00	0.00	0.00	0.00/-23.26	0.00	0.00
600499	科达制造	0	0	0.00	0.00	0.00	0.00	0.00	0.00/-23.26	0.00	0.00
600501	航天晨光	0	0	0.00	0.00	0.00	0.00	0.00	0.00/-23.26	0.00	0.00
600502	安徽建工	0	0	0.00	0.00	0.00	0.00	0.00	0.00/-23.26	0.00	0.00
600503	华丽家族	0	0	0.00	0.00	0.00	0.00	0.00	0.00/-23.26	0.00	0.00
600507	方大特钢	0	0	0.00	0.00	0.00	0.00	0.00	0.00/-23.26	0.00	0.00
600509	天富能源	0	0	0.00	0.00	0.00	0.00	0.00	0.00/-23.26	0.00	0.00
600510	黑牡丹	0	0	0.00	0.00	0.00	0.00	0.00	0.00/-23.26	0.00	0.00
600511	国药股份	0	0	0.00	0.00	0.00	0.00	0.00	0.00/-23.26	0.00	0.00
600515	海南机场	0	0	0.00	0.00	0.00	0.00	0.00	0.00/-23.26	0.00	0.00
600516	方大炭素	0	0	0.00	0.00	0.00	0.00	0.00	0.00/-23.26	0.00	0.00
600517	国网英大	0	0	0.00	0.00	0.00	0.00	0.00	0.00/-23.26	0.00	0.00
600518	康美药业	0	0	0.00	0.00	0.00	0.00	0.00	0.00/-23.26	0.00	0.00
600519	贵州茅台	0	0	0.00	0.00	0.00	0.00	0.00	0.00/-23.26	0.00	0.00
600521	华海药业	0	0	0.00	0.00	0.00	0.00	0.00	0.00/-23.26	0.00	0.00
600522	中天科技	0	0	0.00	0.00	0.00	0.00	0.00	0.00/-23.26	0.00	0.00
600523	贵航股份	0	0	0.00	0.00	0.00	0.00	0.00	0.00/-23.26	0.00	0.00
600528	中铁工业	0	0	0.00	0.00	0.00	0.00	0.00	0.00/-23.26	0.00	0.00
600529	山东药玻	0	0	0.00	0.00	0.00	0.00	0.00	0.00/-23.26	0.00	0.00
600530	ST交昂	0	0	0.00	0.00	0.00	0.00	0.00	0.00/-23.26	0.00	0.00
600533	栖霞建设	0	0	0.00	0.00	0.00	0.00	0.00	0.00/-23.26	0.00	0.00
600535	天士力	0	0	0.00	0.00	0.00	0.00	0.00	0.00/-23.26	0.00	0.00
600536	中国软件	0	0	0.00	0.00	0.00	0.00	0.00	0.00/-23.26	0.00	0.00
600537	*ST亿晶	0	0	0.00	0.00	0.00	0.00	0.00	0.00/-23.26	0.00	0.00
600539	狮头股份	0	0	0.00	0.00	0.00	0.00	0.00	0.00/-23.26	0.00	0.00
600543	*ST莫高	0	0	0.00	0.00	0.00	0.00	0.00	0.00/-23.26	0.00	0.00
600545	卓郎智能	0	0	0.00	0.00	0.00	0.00	0.00	0.00/-23.26	0.00	0.00
600546	山煤国际	0	0	0.00	0.00	0.00	0.00	0.00	0.00/-23.26	0.00	0.00
600547	山东黄金	0	0	0.00	0.00	0.00	0.00	0.00	0.00/-23.26	0.00	0.00
600548	深高速	0	0	0.00	0.00	0.00	0.00	0.00	0.00/-23.26	0.00	0.00
600549	厦门钨业	0	0	0.00	0.00	0.00	0.00	0.00	0.00/-23.26	0.00	0.00
600551	时代出版	0	0	0.00	0.00	0.00	0.00	0.00	0.00/-23.26	0.00	0.00
600552	凯盛科技	0	0	0.00	0.00	0.00	0.00	0.00	0.00/-23.26	0.00	0.00
600556	天下秀	0	0	0.00	0.00	0.00	0.00	0.00	0.00/-23.26	0.00	0.00
600557	康缘药业	0	0	0.00	0.00	0.00	0.00	0.00	0.00/-23.26	0.00	0.00
600559	老白干酒	0	0	0.00	0.00	0.00	0.00	0.00	0.00/-23.26	0.00	0.00
600563	法拉电子	0	0	0.00	0.00	0.00	0.00	0.00	0.00/-23.26	0.00	0.00
600566	济川药业	0	0	0.00	0.00	0.00	0.00	0.00	0.00/-23.26	0.00	0.00
600567	山鹰国际	0	0	0.00	0.00	0.00	0.00	0.00	0.00/-23.26	0.00	0.00
600568	ST中珠	0	0	0.00	0.00	0.00	0.00	0.00	0.00/-23.26	0.00	0.00
600570	恒生电子	0	0	0.00	0.00	0.00	0.00	0.00	0.00/-23.26	0.00	0.00
600571	信雅达	0	0	0.00	0.00	0.00	0.00	0.00	0.00/-23.26	0.00	0.00
600576	祥源文旅	0	0	0.00	0.00	0.00	0.00	0.00	0.00/-23.26	0.00	0.00
600577	精达股份	0	0	0.00	0.00	0.00	0.00	0.00	0.00/-23.26	0.00	0.00
600578	京能电力	0	0	0.00	0.00	0.00	0.00	0.00	0.00/-23.26	0.00	0.00
600579	中化装备	0	0	0.00	0.00	0.00	0.00	0.00	0.00/-23.26	0.00	0.00
600580	卧龙电驱	0	0	0.00	0.00	0.00	0.00	0.00	0.00/-23.26	0.00	0.00
600581	*ST八钢	0	0	0.00	0.00	0.00	0.00	0.00	0.00/-23.26	0.00	0.00
600582	天地科技	0	0	0.00	0.00	0.00	0.00	0.00	0.00/-23.26	0.00	0.00
600583	海油工程	0	0	0.00	0.00	0.00	0.00	0.00	0.00/-23.26	0.00	0.00
600584	长电科技	0	0	0.00	0.00	0.00	0.00	0.00	0.00/-23.26	0.00	0.00
600585	XD海螺水	0	0	0.00	0.00	0.00	0.00	0.00	0.00/-23.26	0.00	0.00
600588	用友网络	0	0	0.00	0.00	0.00	0.00	0.00	0.00/-23.26	0.00	0.00
600589	大位科技	0	0	0.00	0.00	0.00	0.00	0.00	0.00/-23.26	0.00	0.00
600590	泰豪科技	0	0	0.00	0.00	0.00	0.00	0.00	0.00/-23.26	0.00	0.00
600592	龙溪股份	0	0	0.00	0.00	0.00	0.00	0.00	0.00/-23.26	0.00	0.00
600593	大连圣亚	0	0	0.00	0.00	0.00	0.00	0.00	0.00/-23.26	0.00	0.00
600594	益佰制药	0	0	0.00	0.00	0.00	0.00	0.00	0.00/-23.26	0.00	0.00
600595	中孚实业	0	0	0.00	0.00	0.00	0.00	0.00	0.00/-23.26	0.00	0.00
600598	北大荒	0	0	0.00	0.00	0.00	0.00	0.00	0.00/-23.26	0.00	0.00
600600	青岛啤酒	0	0	0.00	0.00	0.00	0.00	0.00	0.00/-23.26	0.00	0.00
600603	广汇物流	0	0	0.00	0.00	0.00	0.00	0.00	0.00/-23.26	0.00	0.00
600604	市北高新	0	0	0.00	0.00	0.00	0.00	0.00	0.00/-23.26	0.00	0.00
600605	汇通能源	0	0	0.00	0.00	0.00	0.00	0.00	0.00/-23.26	0.00	0.00
600606	绿地控股	0	0	0.00	0.00	0.00	0.00	0.00	0.00/-23.26	0.00	0.00
600610	中毅达	0	0	0.00	0.00	0.00	0.00	0.00	0.00/-23.26	0.00	0.00
600612	老凤祥	0	0	0.00	0.00	0.00	0.00	0.00	0.00/-23.26	0.00	0.00
600615	鑫源智造	0	0	0.00	0.00	0.00	0.00	0.00	0.00/-23.26	0.00	0.00
600616	金枫酒业	0	0	0.00	0.00	0.00	0.00	0.00	0.00/-23.26	0.00	0.00
600621	华鑫股份	0	0	0.00	0.00	0.00	0.00	0.00	0.00/-23.26	0.00	0.00
600622	光大嘉宝	0	0	0.00	0.00	0.00	0.00	0.00	0.00/-23.26	0.00	0.00
600624	ST复华	0	0	0.00	0.00	0.00	0.00	0.00	0.00/-23.26	0.00	0.00
600630	龙头股份	0	0	0.00	0.00	0.00	0.00	0.00	0.00/-23.26	0.00	0.00
600633	浙数文化	0	0	0.00	0.00	0.00	0.00	0.00	0.00/-23.26	0.00	0.00
600635	大众公用	0	0	0.00	0.00	0.00	0.00	0.00	0.00/-23.26	0.00	0.00
600637	东方明珠	0	0	0.00	0.00	0.00	0.00	0.00	0.00/-23.26	0.00	0.00
600638	新黄浦	0	0	0.00	0.00	0.00	0.00	0.00	0.00/-23.26	0.00	0.00
600639	浦东金桥	0	0	0.00	0.00	0.00	0.00	0.00	0.00/-23.26	0.00	0.00
600640	国脉文化	0	0	0.00	0.00	0.00	0.00	0.00	0.00/-23.26	0.00	0.00
600641	先导基电	0	0	0.00	0.00	0.00	0.00	0.00	0.00/-23.26	0.00	0.00
600642	申能股份	0	0	0.00	0.00	0.00	0.00	0.00	0.00/-23.26	0.00	0.00
600643	爱建集团	0	0	0.00	0.00	0.00	0.00	0.00	0.00/-23.26	0.00	0.00
600645	中源协和	0	0	0.00	0.00	0.00	0.00	0.00	0.00/-23.26	0.00	0.00
600649	城投控股	0	0	0.00	0.00	0.00	0.00	0.00	0.00/-23.26	0.00	0.00
600653	申华控股	0	0	0.00	0.00	0.00	0.00	0.00	0.00/-23.26	0.00	0.00
600654	中安科	0	0	0.00	0.00	0.00	0.00	0.00	0.00/-23.26	0.00	0.00
600655	豫园股份	0	0	0.00	0.00	0.00	0.00	0.00	0.00/-23.26	0.00	0.00
600657	信达地产	0	0	0.00	0.00	0.00	0.00	0.00	0.00/-23.26	0.00	0.00
600658	电子城	0	0	0.00	0.00	0.00	0.00	0.00	0.00/-23.26	0.00	0.00
600660	福耀玻璃	0	0	0.00	0.00	0.00	0.00	0.00	0.00/-23.26	0.00	0.00
600662	外服控股	0	0	0.00	0.00	0.00	0.00	0.00	0.00/-23.26	0.00	0.00
600663	陆家嘴	0	0	0.00	0.00	0.00	0.00	0.00	0.00/-23.26	0.00	0.00
600665	天地源	0	0	0.00	0.00	0.00	0.00	0.00	0.00/-23.26	0.00	0.00
600666	奥瑞德	0	0	0.00	0.00	0.00	0.00	0.00	0.00/-23.26	0.00	0.00
600667	太极实业	0	0	0.00	0.00	0.00	0.00	0.00	0.00/-23.26	0.00	0.00
600668	尖峰集团	0	0	0.00	0.00	0.00	0.00	0.00	0.00/-23.26	0.00	0.00
600673	东阳光	0	0	0.00	0.00	0.00	0.00	0.00	0.00/-23.26	0.00	0.00
600674	川投能源	0	0	0.00	0.00	0.00	0.00	0.00	0.00/-23.26	0.00	0.00
600675	中华企业	0	0	0.00	0.00	0.00	0.00	0.00	0.00/-23.26	0.00	0.00
600678	ST金顶	0	0	0.00	0.00	0.00	0.00	0.00	0.00/-23.26	0.00	0.00
600679	上海凤凰	0	0	0.00	0.00	0.00	0.00	0.00	0.00/-23.26	0.00	0.00
600682	南京新百	0	0	0.00	0.00	0.00	0.00	0.00	0.00/-23.26	0.00	0.00
600684	珠江股份	0	0	0.00	0.00	0.00	0.00	0.00	0.00/-23.26	0.00	0.00
600685	中船防务	0	0	0.00	0.00	0.00	0.00	0.00	0.00/-23.26	0.00	0.00
600686	金龙汽车	0	0	0.00	0.00	0.00	0.00	0.00	0.00/-23.26	0.00	0.00
600688	上海石化	0	0	0.00	0.00	0.00	0.00	0.00	0.00/-23.26	0.00	0.00
600690	海尔智家	0	0	0.00	0.00	0.00	0.00	0.00	0.00/-23.26	0.00	0.00
600694	大商股份	0	0	0.00	0.00	0.00	0.00	0.00	0.00/-23.26	0.00	0.00
600698	湖南天雁	0	0	0.00	0.00	0.00	0.00	0.00	0.00/-23.26	0.00	0.00
600699	均胜电子	0	0	0.00	0.00	0.00	0.00	0.00	0.00/-23.26	0.00	0.00
600702	舍得酒业	0	0	0.00	0.00	0.00	0.00	0.00	0.00/-23.26	0.00	0.00
600703	三安光电	0	0	0.00	0.00	0.00	0.00	0.00	0.00/-23.26	0.00	0.00
600704	物产中大	0	0	0.00	0.00	0.00	0.00	0.00	0.00/-23.26	0.00	0.00
600707	彩虹股份	0	0	0.00	0.00	0.00	0.00	0.00	0.00/-23.26	0.00	0.00
600708	光明地产	0	0	0.00	0.00	0.00	0.00	0.00	0.00/-23.26	0.00	0.00
600710	苏美达	0	0	0.00	0.00	0.00	0.00	0.00	0.00/-23.26	0.00	0.00
600711	盛屯矿业	0	0	0.00	0.00	0.00	0.00	0.00	0.00/-23.26	0.00	0.00
600715	文投控股	0	0	0.00	0.00	0.00	0.00	0.00	0.00/-23.26	0.00	0.00
600718	东软集团	0	0	0.00	0.00	0.00	0.00	0.00	0.00/-23.26	0.00	0.00
600720	中交设计	0	0	0.00	0.00	0.00	0.00	0.00	0.00/-23.26	0.00	0.00
600721	百花医药	0	0	0.00	0.00	0.00	0.00	0.00	0.00/-23.26	0.00	0.00
600727	鲁北化工	0	0	0.00	0.00	0.00	0.00	0.00	0.00/-23.26	0.00	0.00
600729	重百集团	0	0	0.00	0.00	0.00	0.00	0.00	0.00/-23.26	0.00	0.00
600730	*ST高科	0	0	0.00	0.00	0.00	0.00	0.00	0.00/-23.26	0.00	0.00
600731	湖南海利	0	0	0.00	0.00	0.00	0.00	0.00	0.00/-23.26	0.00	0.00
600732	爱旭股份	0	0	0.00	0.00	0.00	0.00	0.00	0.00/-23.26	0.00	0.00
600733	北汽蓝谷	0	0	0.00	0.00	0.00	0.00	0.00	0.00/-23.26	0.00	0.00
600734	*ST实达	0	0	0.00	0.00	0.00	0.00	0.00	0.00/-23.26	0.00	0.00
600735	ST新华锦	0	0	0.00	0.00	0.00	0.00	0.00	0.00/-23.26	0.00	0.00
600736	苏州高新	0	0	0.00	0.00	0.00	0.00	0.00	0.00/-23.26	0.00	0.00
600737	中粮糖业	0	0	0.00	0.00	0.00	0.00	0.00	0.00/-23.26	0.00	0.00
600739	辽宁成大	0	0	0.00	0.00	0.00	0.00	0.00	0.00/-23.26	0.00	0.00
600740	山西焦化	0	0	0.00	0.00	0.00	0.00	0.00	0.00/-23.26	0.00	0.00
600741	华域汽车	0	0	0.00	0.00	0.00	0.00	0.00	0.00/-23.26	0.00	0.00
600742	XD富维股	0	0	0.00	0.00	0.00	0.00	0.00	0.00/-23.26	0.00	0.00
600743	华远控股	0	0	0.00	0.00	0.00	0.00	0.00	0.00/-23.26	0.00	0.00
600745	*ST闻泰	0	0	0.00	0.00	0.00	0.00	0.00	0.00/-23.26	0.00	0.00
600746	江苏索普	0	0	0.00	0.00	0.00	0.00	0.00	0.00/-23.26	0.00	0.00
600748	上实发展	0	0	0.00	0.00	0.00	0.00	0.00	0.00/-23.26	0.00	0.00
600750	华润江中	0	0	0.00	0.00	0.00	0.00	0.00	0.00/-23.26	0.00	0.00
600751	海航科技	0	0	0.00	0.00	0.00	0.00	0.00	0.00/-23.26	0.00	0.00
600753	ST海钦	0	0	0.00	0.00	0.00	0.00	0.00	0.00/-23.26	0.00	0.00
600754	锦江酒店	0	0	0.00	0.00	0.00	0.00	0.00	0.00/-23.26	0.00	0.00
600755	厦门国贸	0	0	0.00	0.00	0.00	0.00	0.00	0.00/-23.26	0.00	0.00
600756	浪潮软件	0	0	0.00	0.00	0.00	0.00	0.00	0.00/-23.26	0.00	0.00
600757	长江传媒	0	0	0.00	0.00	0.00	0.00	0.00	0.00/-23.26	0.00	0.00
600759	ST洲际	0	0	0.00	0.00	0.00	0.00	0.00	0.00/-23.26	0.00	0.00
600760	中航沈飞	0	0	0.00	0.00	0.00	0.00	0.00	0.00/-23.26	0.00	0.00
600761	安徽合力	0	0	0.00	0.00	0.00	0.00	0.00	0.00/-23.26	0.00	0.00
600763	通策医疗	0	0	0.00	0.00	0.00	0.00	0.00	0.00/-23.26	0.00	0.00
600765	中航重机	0	0	0.00	0.00	0.00	0.00	0.00	0.00/-23.26	0.00	0.00
600769	祥龙电业	0	0	0.00	0.00	0.00	0.00	0.00	0.00/-23.26	0.00	0.00
600770	综艺股份	0	0	0.00	0.00	0.00	0.00	0.00	0.00/-23.26	0.00	0.00
600773	西藏城投	0	0	0.00	0.00	0.00	0.00	0.00	0.00/-23.26	0.00	0.00
600774	汉商集团	0	0	0.00	0.00	0.00	0.00	0.00	0.00/-23.26	0.00	0.00
600776	东方通信	0	0	0.00	0.00	0.00	0.00	0.00	0.00/-23.26	0.00	0.00
600777	XD新潮能	0	0	0.00	0.00	0.00	0.00	0.00	0.00/-23.26	0.00	0.00
600778	友好集团	0	0	0.00	0.00	0.00	0.00	0.00	0.00/-23.26	0.00	0.00
600779	水井坊	0	0	0.00	0.00	0.00	0.00	0.00	0.00/-23.26	0.00	0.00
600782	新钢股份	0	0	0.00	0.00	0.00	0.00	0.00	0.00/-23.26	0.00	0.00
600783	鲁信创投	0	0	0.00	0.00	0.00	0.00	0.00	0.00/-23.26	0.00	0.00
600785	新华百货	0	0	0.00	0.00	0.00	0.00	0.00	0.00/-23.26	0.00	0.00
600787	中储股份	0	0	0.00	0.00	0.00	0.00	0.00	0.00/-23.26	0.00	0.00
600789	鲁抗医药	0	0	0.00	0.00	0.00	0.00	0.00	0.00/-23.26	0.00	0.00
600790	轻纺城	0	0	0.00	0.00	0.00	0.00	0.00	0.00/-23.26	0.00	0.00
600791	京能置业	0	0	0.00	0.00	0.00	0.00	0.00	0.00/-23.26	0.00	0.00
600795	国电电力	0	0	0.00	0.00	0.00	0.00	0.00	0.00/-23.26	0.00	0.00
600797	浙大网新	0	0	0.00	0.00	0.00	0.00	0.00	0.00/-23.26	0.00	0.00
600801	华新建材	0	0	0.00	0.00	0.00	0.00	0.00	0.00/-23.26	0.00	0.00
600802	福建水泥	0	0	0.00	0.00	0.00	0.00	0.00	0.00/-23.26	0.00	0.00
600803	新奥股份	0	0	0.00	0.00	0.00	0.00	0.00	0.00/-23.26	0.00	0.00
600807	济高发展	0	0	0.00	0.00	0.00	0.00	0.00	0.00/-23.26	0.00	0.00
600808	马钢股份	0	0	0.00	0.00	0.00	0.00	0.00	0.00/-23.26	0.00	0.00
600809	山西汾酒	0	0	0.00	0.00	0.00	0.00	0.00	0.00/-23.26	0.00	0.00
600810	神马股份	0	0	0.00	0.00	0.00	0.00	0.00	0.00/-23.26	0.00	0.00
600812	华北制药	0	0	0.00	0.00	0.00	0.00	0.00	0.00/-23.26	0.00	0.00
600815	厦工股份	0	0	0.00	0.00	0.00	0.00	0.00	0.00/-23.26	0.00	0.00
600816	建元信托	0	0	0.00	0.00	0.00	0.00	0.00	0.00/-23.26	0.00	0.00
600817	宇通重工	0	0	0.00	0.00	0.00	0.00	0.00	0.00/-23.26	0.00	0.00
600818	ST中路	0	0	0.00	0.00	0.00	0.00	0.00	0.00/-23.26	0.00	0.00
600820	隧道股份	0	0	0.00	0.00	0.00	0.00	0.00	0.00/-23.26	0.00	0.00
600822	上海物贸	0	0	0.00	0.00	0.00	0.00	0.00	0.00/-23.26	0.00	0.00
600825	新华传媒	0	0	0.00	0.00	0.00	0.00	0.00	0.00/-23.26	0.00	0.00
600826	兰生股份	0	0	0.00	0.00	0.00	0.00	0.00	0.00/-23.26	0.00	0.00
600829	人民同泰	0	0	0.00	0.00	0.00	0.00	0.00	0.00/-23.26	0.00	0.00
600830	香溢融通	0	0	0.00	0.00	0.00	0.00	0.00	0.00/-23.26	0.00	0.00
600831	广电网络	0	0	0.00	0.00	0.00	0.00	0.00	0.00/-23.26	0.00	0.00
600833	第一医药	0	0	0.00	0.00	0.00	0.00	0.00	0.00/-23.26	0.00	0.00
600835	上海机电	0	0	0.00	0.00	0.00	0.00	0.00	0.00/-23.26	0.00	0.00
600838	上海九百	0	0	0.00	0.00	0.00	0.00	0.00	0.00/-23.26	0.00	0.00
600839	四川长虹	0	0	0.00	0.00	0.00	0.00	0.00	0.00/-23.26	0.00	0.00
600843	上工申贝	0	0	0.00	0.00	0.00	0.00	0.00	0.00/-23.26	0.00	0.00
600844	金煤科技	0	0	0.00	0.00	0.00	0.00	0.00	0.00/-23.26	0.00	0.00
600845	宝信软件	0	0	0.00	0.00	0.00	0.00	0.00	0.00/-23.26	0.00	0.00
600846	同济科技	0	0	0.00	0.00	0.00	0.00	0.00	0.00/-23.26	0.00	0.00
600850	电科数字	0	0	0.00	0.00	0.00	0.00	0.00	0.00/-23.26	0.00	0.00
600851	海欣股份	0	0	0.00	0.00	0.00	0.00	0.00	0.00/-23.26	0.00	0.00
600855	航天长峰	0	0	0.00	0.00	0.00	0.00	0.00	0.00/-23.26	0.00	0.00
600857	宁波中百	0	0	0.00	0.00	0.00	0.00	0.00	0.00/-23.26	0.00	0.00
600859	王府井	0	0	0.00	0.00	0.00	0.00	0.00	0.00/-23.26	0.00	0.00
600861	北京人力	0	0	0.00	0.00	0.00	0.00	0.00	0.00/-23.26	0.00	0.00
600862	中航高科	0	0	0.00	0.00	0.00	0.00	0.00	0.00/-23.26	0.00	0.00
600863	华能蒙电	0	0	0.00	0.00	0.00	0.00	0.00	0.00/-23.26	0.00	0.00
600866	星湖科技	0	0	0.00	0.00	0.00	0.00	0.00	0.00/-23.26	0.00	0.00
600867	通化东宝	0	0	0.00	0.00	0.00	0.00	0.00	0.00/-23.26	0.00	0.00
600869	远东股份	0	0	0.00	0.00	0.00	0.00	0.00	0.00/-23.26	0.00	0.00
600871	石化油服	0	0	0.00	0.00	0.00	0.00	0.00	0.00/-23.26	0.00	0.00
600872	中炬高新	0	0	0.00	0.00	0.00	0.00	0.00	0.00/-23.26	0.00	0.00
600873	梅花生物	0	0	0.00	0.00	0.00	0.00	0.00	0.00/-23.26	0.00	0.00
600875	东方电气	0	0	0.00	0.00	0.00	0.00	0.00	0.00/-23.26	0.00	0.00
600879	航天电子	0	0	0.00	0.00	0.00	0.00	0.00	0.00/-23.26	0.00	0.00
600880	博瑞传播	0	0	0.00	0.00	0.00	0.00	0.00	0.00/-23.26	0.00	0.00
600884	杉杉股份	0	0	0.00	0.00	0.00	0.00	0.00	0.00/-23.26	0.00	0.00
600885	宏发股份	0	0	0.00	0.00	0.00	0.00	0.00	0.00/-23.26	0.00	0.00
600886	国投电力	0	0	0.00	0.00	0.00	0.00	0.00	0.00/-23.26	0.00	0.00
600887	伊利股份	0	0	0.00	0.00	0.00	0.00	0.00	0.00/-23.26	0.00	0.00
600889	*ST京化	0	0	0.00	0.00	0.00	0.00	0.00	0.00/-23.26	0.00	0.00
600892	大晟文化	0	0	0.00	0.00	0.00	0.00	0.00	0.00/-23.26	0.00	0.00
600893	航发动力	0	0	0.00	0.00	0.00	0.00	0.00	0.00/-23.26	0.00	0.00
600894	广日股份	0	0	0.00	0.00	0.00	0.00	0.00	0.00/-23.26	0.00	0.00
600895	张江高科	0	0	0.00	0.00	0.00	0.00	0.00	0.00/-23.26	0.00	0.00
600900	长江电力	0	0	0.00	0.00	0.00	0.00	0.00	0.00/-23.26	0.00	0.00
600901	江苏金租	0	0	0.00	0.00	0.00	0.00	0.00	0.00/-23.26	0.00	0.00
600905	三峡能源	0	0	0.00	0.00	0.00	0.00	0.00	0.00/-23.26	0.00	0.00
600906	财达证券	0	0	0.00	0.00	0.00	0.00	0.00	0.00/-23.26	0.00	0.00
600908	无锡银行	0	0	0.00	0.00	0.00	0.00	0.00	0.00/-23.26	0.00	0.00
600909	华安证券	0	0	0.00	0.00	0.00	0.00	0.00	0.00/-23.26	0.00	0.00
600916	中国黄金	0	0	0.00	0.00	0.00	0.00	0.00	0.00/-23.26	0.00	0.00
600917	重庆燃气	0	0	0.00	0.00	0.00	0.00	0.00	0.00/-23.26	0.00	0.00
600918	中泰证券	0	0	0.00	0.00	0.00	0.00	0.00	0.00/-23.26	0.00	0.00
600919	江苏银行	0	0	0.00	0.00	0.00	0.00	0.00	0.00/-23.26	0.00	0.00
600925	苏能股份	0	0	0.00	0.00	0.00	0.00	0.00	0.00/-23.26	0.00	0.00
600926	杭州银行	0	0	0.00	0.00	0.00	0.00	0.00	0.00/-23.26	0.00	0.00
600927	永安期货	0	0	0.00	0.00	0.00	0.00	0.00	0.00/-23.26	0.00	0.00
600928	西安银行	0	0	0.00	0.00	0.00	0.00	0.00	0.00/-23.26	0.00	0.00
600930	华电新能	0	0	0.00	0.00	0.00	0.00	0.00	0.00/-23.26	0.00	0.00
600935	华塑股份	0	0	0.00	0.00	0.00	0.00	0.00	0.00/-23.26	0.00	0.00
600938	中国海油	0	0	0.00	0.00	0.00	0.00	0.00	0.00/-23.26	0.00	0.00
600941	XD中国移	0	0	0.00	0.00	0.00	0.00	0.00	0.00/-23.26	0.00	0.00
600955	维远股份	0	0	0.00	0.00	0.00	0.00	0.00	0.00/-23.26	0.00	0.00
600956	新天绿能	0	0	0.00	0.00	0.00	0.00	0.00	0.00/-23.26	0.00	0.00
600958	东方证券	0	0	0.00	0.00	0.00	0.00	0.00	0.00/-23.26	0.00	0.00
600959	江苏有线	0	0	0.00	0.00	0.00	0.00	0.00	0.00/-23.26	0.00	0.00
600960	渤海汽车	0	0	0.00	0.00	0.00	0.00	0.00	0.00/-23.26	0.00	0.00
600961	株冶集团	0	0	0.00	0.00	0.00	0.00	0.00	0.00/-23.26	0.00	0.00
600965	*ST福成	0	0	0.00	0.00	0.00	0.00	0.00	0.00/-23.26	0.00	0.00
600968	海油发展	0	0	0.00	0.00	0.00	0.00	0.00	0.00/-23.26	0.00	0.00
600971	恒源煤电	0	0	0.00	0.00	0.00	0.00	0.00	0.00/-23.26	0.00	0.00
600975	新五丰	0	0	0.00	0.00	0.00	0.00	0.00	0.00/-23.26	0.00	0.00
600976	健民集团	0	0	0.00	0.00	0.00	0.00	0.00	0.00/-23.26	0.00	0.00
600981	苏豪汇鸿	0	0	0.00	0.00	0.00	0.00	0.00	0.00/-23.26	0.00	0.00
600983	惠而浦	0	0	0.00	0.00	0.00	0.00	0.00	0.00/-23.26	0.00	0.00
600985	淮北矿业	0	0	0.00	0.00	0.00	0.00	0.00	0.00/-23.26	0.00	0.00
600986	浙文互联	0	0	0.00	0.00	0.00	0.00	0.00	0.00/-23.26	0.00	0.00
600988	赤峰黄金	0	0	0.00	0.00	0.00	0.00	0.00	0.00/-23.26	0.00	0.00
600989	宝丰能源	0	0	0.00	0.00	0.00	0.00	0.00	0.00/-23.26	0.00	0.00
600993	马应龙	0	0	0.00	0.00	0.00	0.00	0.00	0.00/-23.26	0.00	0.00
600997	开滦股份	0	0	0.00	0.00	0.00	0.00	0.00	0.00/-23.26	0.00	0.00
600999	招商证券	0	0	0.00	0.00	0.00	0.00	0.00	0.00/-23.26	0.00	0.00
601000	唐山港	0	0	0.00	0.00	0.00	0.00	0.00	0.00/-23.26	0.00	0.00
601001	晋控煤业	0	0	0.00	0.00	0.00	0.00	0.00	0.00/-23.26	0.00	0.00
601006	大秦铁路	0	0	0.00	0.00	0.00	0.00	0.00	0.00/-23.26	0.00	0.00
601009	南京银行	0	0	0.00	0.00	0.00	0.00	0.00	0.00/-23.26	0.00	0.00
601010	ST文峰	0	0	0.00	0.00	0.00	0.00	0.00	0.00/-23.26	0.00	0.00
601011	宝泰隆	0	0	0.00	0.00	0.00	0.00	0.00	0.00/-23.26	0.00	0.00
601012	隆基绿能	0	0	0.00	0.00	0.00	0.00	0.00	0.00/-23.26	0.00	0.00
601016	节能风电	0	0	0.00	0.00	0.00	0.00	0.00	0.00/-23.26	0.00	0.00
601018	宁波港	0	0	0.00	0.00	0.00	0.00	0.00	0.00/-23.26	0.00	0.00
601019	山东出版	0	0	0.00	0.00	0.00	0.00	0.00	0.00/-23.26	0.00	0.00
601020	华钰矿业	0	0	0.00	0.00	0.00	0.00	0.00	0.00/-23.26	0.00	0.00
601021	春秋航空	0	0	0.00	0.00	0.00	0.00	0.00	0.00/-23.26	0.00	0.00
601022	宁波远洋	0	0	0.00	0.00	0.00	0.00	0.00	0.00/-23.26	0.00	0.00
601026	道生天合	0	0	0.00	0.00	0.00	0.00	0.00	0.00/-23.26	0.00	0.00
601033	永兴股份	0	0	0.00	0.00	0.00	0.00	0.00	0.00/-23.26	0.00	0.00
601038	一拖股份	0	0	0.00	0.00	0.00	0.00	0.00	0.00/-23.26	0.00	0.00
601058	赛轮轮胎	0	0	0.00	0.00	0.00	0.00	0.00	0.00/-23.26	0.00	0.00
601059	信达证券	0	0	0.00	0.00	0.00	0.00	0.00	0.00/-23.26	0.00	0.00
601061	中信金属	0	0	0.00	0.00	0.00	0.00	0.00	0.00/-23.26	0.00	0.00
601066	中信建投	0	0	0.00	0.00	0.00	0.00	0.00	0.00/-23.26	0.00	0.00
601068	中铝国际	0	0	0.00	0.00	0.00	0.00	0.00	0.00/-23.26	0.00	0.00
601069	XD西部黄	0	0	0.00	0.00	0.00	0.00	0.00	0.00/-23.26	0.00	0.00
601077	渝农商行	0	0	0.00	0.00	0.00	0.00	0.00	0.00/-23.26	0.00	0.00
601083	锦江航运	0	0	0.00	0.00	0.00	0.00	0.00	0.00/-23.26	0.00	0.00
601086	国芳集团	0	0	0.00	0.00	0.00	0.00	0.00	0.00/-23.26	0.00	0.00
601088	中国神华	0	0	0.00	0.00	0.00	0.00	0.00	0.00/-23.26	0.00	0.00
601091	沈鼓集团	0	0	0.00	0.00	0.00	0.00	0.00	0.00/-23.26	0.00	0.00
601096	宏盛华源	0	0	0.00	0.00	0.00	0.00	0.00	0.00/-23.26	0.00	0.00
601098	中南传媒	0	0	0.00	0.00	0.00	0.00	0.00	0.00/-23.26	0.00	0.00
601099	太平洋	0	0	0.00	0.00	0.00	0.00	0.00	0.00/-23.26	0.00	0.00
601100	恒立液压	0	0	0.00	0.00	0.00	0.00	0.00	0.00/-23.26	0.00	0.00
601101	昊华能源	0	0	0.00	0.00	0.00	0.00	0.00	0.00/-23.26	0.00	0.00
601106	中国一重	0	0	0.00	0.00	0.00	0.00	0.00	0.00/-23.26	0.00	0.00
601108	财通证券	0	0	0.00	0.00	0.00	0.00	0.00	0.00/-23.26	0.00	0.00
601111	中国国航	0	0	0.00	0.00	0.00	0.00	0.00	0.00/-23.26	0.00	0.00
601112	振石股份	0	0	0.00	0.00	0.00	0.00	0.00	0.00/-23.26	0.00	0.00
601117	中国化学	0	0	0.00	0.00	0.00	0.00	0.00	0.00/-23.26	0.00	0.00
601118	海南橡胶	0	0	0.00	0.00	0.00	0.00	0.00	0.00/-23.26	0.00	0.00
601121	宝地矿业	0	0	0.00	0.00	0.00	0.00	0.00	0.00/-23.26	0.00	0.00
601123	马矿股份	0	0	0.00	0.00	0.00	0.00	0.00	0.00/-23.26	0.00	0.00
601126	四方股份	0	0	0.00	0.00	0.00	0.00	0.00	0.00/-23.26	0.00	0.00
601127	赛力斯	0	0	0.00	0.00	0.00	0.00	0.00	0.00/-23.26	0.00	0.00
601128	常熟银行	0	0	0.00	0.00	0.00	0.00	0.00	0.00/-23.26	0.00	0.00
601133	柏诚股份	0	0	0.00	0.00	0.00	0.00	0.00	0.00/-23.26	0.00	0.00
601136	首创证券	0	0	0.00	0.00	0.00	0.00	0.00	0.00/-23.26	0.00	0.00
601137	博威合金	0	0	0.00	0.00	0.00	0.00	0.00	0.00/-23.26	0.00	0.00
601138	工业富联	0	0	0.00	0.00	0.00	0.00	0.00	0.00/-23.26	0.00	0.00
601139	深圳燃气	0	0	0.00	0.00	0.00	0.00	0.00	0.00/-23.26	0.00	0.00
601155	新城控股	0	0	0.00	0.00	0.00	0.00	0.00	0.00/-23.26	0.00	0.00
601156	东航物流	0	0	0.00	0.00	0.00	0.00	0.00	0.00/-23.26	0.00	0.00
601158	重庆水务	0	0	0.00	0.00	0.00	0.00	0.00	0.00/-23.26	0.00	0.00
601162	天风证券	0	0	0.00	0.00	0.00	0.00	0.00	0.00/-23.26	0.00	0.00
601163	三角轮胎	0	0	0.00	0.00	0.00	0.00	0.00	0.00/-23.26	0.00	0.00
601166	兴业银行	0	0	0.00	0.00	0.00	0.00	0.00	0.00/-23.26	0.00	0.00
601168	西部矿业	0	0	0.00	0.00	0.00	0.00	0.00	0.00/-23.26	0.00	0.00
601169	北京银行	0	0	0.00	0.00	0.00	0.00	0.00	0.00/-23.26	0.00	0.00
601179	中国西电	0	0	0.00	0.00	0.00	0.00	0.00	0.00/-23.26	0.00	0.00
601186	中国铁建	0	0	0.00	0.00	0.00	0.00	0.00	0.00/-23.26	0.00	0.00
601187	厦门银行	0	0	0.00	0.00	0.00	0.00	0.00	0.00/-23.26	0.00	0.00
601198	东兴证券	0	0	0.00	0.00	0.00	0.00	0.00	0.00/-23.26	0.00	0.00
601208	东材科技	0	0	0.00	0.00	0.00	0.00	0.00	0.00/-23.26	0.00	0.00
601211	国泰海通	0	0	0.00	0.00	0.00	0.00	0.00	0.00/-23.26	0.00	0.00
601212	白银有色	0	0	0.00	0.00	0.00	0.00	0.00	0.00/-23.26	0.00	0.00
601216	君正集团	0	0	0.00	0.00	0.00	0.00	0.00	0.00/-23.26	0.00	0.00
601218	吉鑫科技	0	0	0.00	0.00	0.00	0.00	0.00	0.00/-23.26	0.00	0.00
601222	林洋能源	0	0	0.00	0.00	0.00	0.00	0.00	0.00/-23.26	0.00	0.00
601225	陕西煤业	0	0	0.00	0.00	0.00	0.00	0.00	0.00/-23.26	0.00	0.00
601226	华电科工	0	0	0.00	0.00	0.00	0.00	0.00	0.00/-23.26	0.00	0.00
601228	广州港	0	0	0.00	0.00	0.00	0.00	0.00	0.00/-23.26	0.00	0.00
601229	上海银行	0	0	0.00	0.00	0.00	0.00	0.00	0.00/-23.26	0.00	0.00
601231	环旭电子	0	0	0.00	0.00	0.00	0.00	0.00	0.00/-23.26	0.00	0.00
601233	桐昆股份	0	0	0.00	0.00	0.00	0.00	0.00	0.00/-23.26	0.00	0.00
601236	红塔证券	0	0	0.00	0.00	0.00	0.00	0.00	0.00/-23.26	0.00	0.00
601238	广汽集团	0	0	0.00	0.00	0.00	0.00	0.00	0.00/-23.26	0.00	0.00
601279	英利汽车	0	0	0.00	0.00	0.00	0.00	0.00	0.00/-23.26	0.00	0.00
601288	农业银行	0	0	0.00	0.00	0.00	0.00	0.00	0.00/-23.26	0.00	0.00
601298	青岛港	0	0	0.00	0.00	0.00	0.00	0.00	0.00/-23.26	0.00	0.00
601311	骆驼股份	0	0	0.00	0.00	0.00	0.00	0.00	0.00/-23.26	0.00	0.00
601318	中国平安	0	0	0.00	0.00	0.00	0.00	0.00	0.00/-23.26	0.00	0.00
601319	中国人保	0	0	0.00	0.00	0.00	0.00	0.00	0.00/-23.26	0.00	0.00
601326	秦港股份	0	0	0.00	0.00	0.00	0.00	0.00	0.00/-23.26	0.00	0.00
601328	交通银行	0	0	0.00	0.00	0.00	0.00	0.00	0.00/-23.26	0.00	0.00
601333	广深铁路	0	0	0.00	0.00	0.00	0.00	0.00	0.00/-23.26	0.00	0.00
601336	新华保险	0	0	0.00	0.00	0.00	0.00	0.00	0.00/-23.26	0.00	0.00
601339	百隆东方	0	0	0.00	0.00	0.00	0.00	0.00	0.00/-23.26	0.00	0.00
601360	三六零	0	0	0.00	0.00	0.00	0.00	0.00	0.00/-23.26	0.00	0.00
601369	陕鼓动力	0	0	0.00	0.00	0.00	0.00	0.00	0.00/-23.26	0.00	0.00
601375	中原证券	0	0	0.00	0.00	0.00	0.00	0.00	0.00/-23.26	0.00	0.00
601377	兴业证券	0	0	0.00	0.00	0.00	0.00	0.00	0.00/-23.26	0.00	0.00
601390	中国中铁	0	0	0.00	0.00	0.00	0.00	0.00	0.00/-23.26	0.00	0.00
601398	工商银行	0	0	0.00	0.00	0.00	0.00	0.00	0.00/-23.26	0.00	0.00
601399	国机重装	0	0	0.00	0.00	0.00	0.00	0.00	0.00/-23.26	0.00	0.00
601456	国联民生	0	0	0.00	0.00	0.00	0.00	0.00	0.00/-23.26	0.00	0.00
601512	中新集团	0	0	0.00	0.00	0.00	0.00	0.00	0.00/-23.26	0.00	0.00
601515	衢州东峰	0	0	0.00	0.00	0.00	0.00	0.00	0.00/-23.26	0.00	0.00
601519	大智慧	0	0	0.00	0.00	0.00	0.00	0.00	0.00/-23.26	0.00	0.00
601528	瑞丰银行	0	0	0.00	0.00	0.00	0.00	0.00	0.00/-23.26	0.00	0.00
601555	东吴证券	0	0	0.00	0.00	0.00	0.00	0.00	0.00/-23.26	0.00	0.00
601567	三星电气	0	0	0.00	0.00	0.00	0.00	0.00	0.00/-23.26	0.00	0.00
601568	北元化工	0	0	0.00	0.00	0.00	0.00	0.00	0.00/-23.26	0.00	0.00
601577	XD长沙银	0	0	0.00	0.00	0.00	0.00	0.00	0.00/-23.26	0.00	0.00
601579	会稽山	0	0	0.00	0.00	0.00	0.00	0.00	0.00/-23.26	0.00	0.00
601595	上海电影	0	0	0.00	0.00	0.00	0.00	0.00	0.00/-23.26	0.00	0.00
601598	中国外运	0	0	0.00	0.00	0.00	0.00	0.00	0.00/-23.26	0.00	0.00
601599	浙文影业	0	0	0.00	0.00	0.00	0.00	0.00	0.00/-23.26	0.00	0.00
601600	中国铝业	0	0	0.00	0.00	0.00	0.00	0.00	0.00/-23.26	0.00	0.00
601601	中国太保	0	0	0.00	0.00	0.00	0.00	0.00	0.00/-23.26	0.00	0.00
601607	上海医药	0	0	0.00	0.00	0.00	0.00	0.00	0.00/-23.26	0.00	0.00
601608	中信重工	0	0	0.00	0.00	0.00	0.00	0.00	0.00/-23.26	0.00	0.00
601609	金田股份	0	0	0.00	0.00	0.00	0.00	0.00	0.00/-23.26	0.00	0.00
601615	明阳智能	0	0	0.00	0.00	0.00	0.00	0.00	0.00/-23.26	0.00	0.00
601618	中国中冶	0	0	0.00	0.00	0.00	0.00	0.00	0.00/-23.26	0.00	0.00
601628	中国人寿	0	0	0.00	0.00	0.00	0.00	0.00	0.00/-23.26	0.00	0.00
601633	长城汽车	0	0	0.00	0.00	0.00	0.00	0.00	0.00/-23.26	0.00	0.00
601636	旗滨集团	0	0	0.00	0.00	0.00	0.00	0.00	0.00/-23.26	0.00	0.00
601658	邮储银行	0	0	0.00	0.00	0.00	0.00	0.00	0.00/-23.26	0.00	0.00
601665	齐鲁银行	0	0	0.00	0.00	0.00	0.00	0.00	0.00/-23.26	0.00	0.00
601666	平煤股份	0	0	0.00	0.00	0.00	0.00	0.00	0.00/-23.26	0.00	0.00
601668	中国建筑	0	0	0.00	0.00	0.00	0.00	0.00	0.00/-23.26	0.00	0.00
601669	中国电建	0	0	0.00	0.00	0.00	0.00	0.00	0.00/-23.26	0.00	0.00
601677	明泰铝业	0	0	0.00	0.00	0.00	0.00	0.00	0.00/-23.26	0.00	0.00
601688	华泰证券	0	0	0.00	0.00	0.00	0.00	0.00	0.00/-23.26	0.00	0.00
601696	中银证券	0	0	0.00	0.00	0.00	0.00	0.00	0.00/-23.26	0.00	0.00
601698	中国卫通	0	0	0.00	0.00	0.00	0.00	0.00	0.00/-23.26	0.00	0.00
601699	潞安环能	0	0	0.00	0.00	0.00	0.00	0.00	0.00/-23.26	0.00	0.00
601702	华峰铝业	0	0	0.00	0.00	0.00	0.00	0.00	0.00/-23.26	0.00	0.00
601717	中创智领	0	0	0.00	0.00	0.00	0.00	0.00	0.00/-23.26	0.00	0.00
601718	ST际华	0	0	0.00	0.00	0.00	0.00	0.00	0.00/-23.26	0.00	0.00
601727	上海电气	0	0	0.00	0.00	0.00	0.00	0.00	0.00/-23.26	0.00	0.00
601728	中国电信	0	0	0.00	0.00	0.00	0.00	0.00	0.00/-23.26	0.00	0.00
601766	中国中车	0	0	0.00	0.00	0.00	0.00	0.00	0.00/-23.26	0.00	0.00
601788	光大证券	0	0	0.00	0.00	0.00	0.00	0.00	0.00/-23.26	0.00	0.00
601798	蓝科高新	0	0	0.00	0.00	0.00	0.00	0.00	0.00/-23.26	0.00	0.00
601799	星宇股份	0	0	0.00	0.00	0.00	0.00	0.00	0.00/-23.26	0.00	0.00
601800	中国交建	0	0	0.00	0.00	0.00	0.00	0.00	0.00/-23.26	0.00	0.00
601801	皖新传媒	0	0	0.00	0.00	0.00	0.00	0.00	0.00/-23.26	0.00	0.00
601808	中海油服	0	0	0.00	0.00	0.00	0.00	0.00	0.00/-23.26	0.00	0.00
601816	京沪高铁	0	0	0.00	0.00	0.00	0.00	0.00	0.00/-23.26	0.00	0.00
601818	光大银行	0	0	0.00	0.00	0.00	0.00	0.00	0.00/-23.26	0.00	0.00
601825	沪农商行	0	0	0.00	0.00	0.00	0.00	0.00	0.00/-23.26	0.00	0.00
601827	三峰环境	0	0	0.00	0.00	0.00	0.00	0.00	0.00/-23.26	0.00	0.00
601828	美凯龙	0	0	0.00	0.00	0.00	0.00	0.00	0.00/-23.26	0.00	0.00
601838	成都银行	0	0	0.00	0.00	0.00	0.00	0.00	0.00/-23.26	0.00	0.00
601857	中国石油	0	0	0.00	0.00	0.00	0.00	0.00	0.00/-23.26	0.00	0.00
601860	紫金银行	0	0	0.00	0.00	0.00	0.00	0.00	0.00/-23.26	0.00	0.00
601865	福莱特	0	0	0.00	0.00	0.00	0.00	0.00	0.00/-23.26	0.00	0.00
601866	中远海发	0	0	0.00	0.00	0.00	0.00	0.00	0.00/-23.26	0.00	0.00
601868	中国能建	0	0	0.00	0.00	0.00	0.00	0.00	0.00/-23.26	0.00	0.00
601872	招商轮船	0	0	0.00	0.00	0.00	0.00	0.00	0.00/-23.26	0.00	0.00
601877	XD正泰电	0	0	0.00	0.00	0.00	0.00	0.00	0.00/-23.26	0.00	0.00
601878	浙商证券	0	0	0.00	0.00	0.00	0.00	0.00	0.00/-23.26	0.00	0.00
601880	辽港股份	0	0	0.00	0.00	0.00	0.00	0.00	0.00/-23.26	0.00	0.00
601881	中国银河	0	0	0.00	0.00	0.00	0.00	0.00	0.00/-23.26	0.00	0.00
601886	江河集团	0	0	0.00	0.00	0.00	0.00	0.00	0.00/-23.26	0.00	0.00
601888	中国中免	0	0	0.00	0.00	0.00	0.00	0.00	0.00/-23.26	0.00	0.00
601898	中煤能源	0	0	0.00	0.00	0.00	0.00	0.00	0.00/-23.26	0.00	0.00
601899	紫金矿业	0	0	0.00	0.00	0.00	0.00	0.00	0.00/-23.26	0.00	0.00
601900	南方传媒	0	0	0.00	0.00	0.00	0.00	0.00	0.00/-23.26	0.00	0.00
601901	方正证券	0	0	0.00	0.00	0.00	0.00	0.00	0.00/-23.26	0.00	0.00
601908	京运通	0	0	0.00	0.00	0.00	0.00	0.00	0.00/-23.26	0.00	0.00
601916	浙商银行	0	0	0.00	0.00	0.00	0.00	0.00	0.00/-23.26	0.00	0.00
601918	新集能源	0	0	0.00	0.00	0.00	0.00	0.00	0.00/-23.26	0.00	0.00
601919	中远海控	0	0	0.00	0.00	0.00	0.00	0.00	0.00/-23.26	0.00	0.00
601928	凤凰传媒	0	0	0.00	0.00	0.00	0.00	0.00	0.00/-23.26	0.00	0.00
601929	吉视传媒	0	0	0.00	0.00	0.00	0.00	0.00	0.00/-23.26	0.00	0.00
601939	建设银行	0	0	0.00	0.00	0.00	0.00	0.00	0.00/-23.26	0.00	0.00
601952	苏垦农发	0	0	0.00	0.00	0.00	0.00	0.00	0.00/-23.26	0.00	0.00
601956	东贝集团	0	0	0.00	0.00	0.00	0.00	0.00	0.00/-23.26	0.00	0.00
601958	金钼股份	0	0	0.00	0.00	0.00	0.00	0.00	0.00/-23.26	0.00	0.00
601963	重庆银行	0	0	0.00	0.00	0.00	0.00	0.00	0.00/-23.26	0.00	0.00
601965	中国汽研	0	0	0.00	0.00	0.00	0.00	0.00	0.00/-23.26	0.00	0.00
601966	玲珑轮胎	0	0	0.00	0.00	0.00	0.00	0.00	0.00/-23.26	0.00	0.00
601968	宝钢包装	0	0	0.00	0.00	0.00	0.00	0.00	0.00/-23.26	0.00	0.00
601969	海南矿业	0	0	0.00	0.00	0.00	0.00	0.00	0.00/-23.26	0.00	0.00
601975	招商南油	0	0	0.00	0.00	0.00	0.00	0.00	0.00/-23.26	0.00	0.00
601985	中国核电	0	0	0.00	0.00	0.00	0.00	0.00	0.00/-23.26	0.00	0.00
601988	中国银行	0	0	0.00	0.00	0.00	0.00	0.00	0.00/-23.26	0.00	0.00
601990	南京证券	0	0	0.00	0.00	0.00	0.00	0.00	0.00/-23.26	0.00	0.00
601991	大唐发电	0	0	0.00	0.00	0.00	0.00	0.00	0.00/-23.26	0.00	0.00
601992	金隅集团	0	0	0.00	0.00	0.00	0.00	0.00	0.00/-23.26	0.00	0.00
601995	中金公司	0	0	0.00	0.00	0.00	0.00	0.00	0.00/-23.26	0.00	0.00
601997	贵阳银行	0	0	0.00	0.00	0.00	0.00	0.00	0.00/-23.26	0.00	0.00
601998	中信银行	0	0	0.00	0.00	0.00	0.00	0.00	0.00/-23.26	0.00	0.00
603000	人民网	0	0	0.00	0.00	0.00	0.00	0.00	0.00/-23.26	0.00	0.00
603004	鼎龙科技	0	0	0.00	0.00	0.00	0.00	0.00	0.00/-23.26	0.00	0.00
603005	晶方科技	0	0	0.00	0.00	0.00	0.00	0.00	0.00/-23.26	0.00	0.00
603007	顺景科技	0	0	0.00	0.00	0.00	0.00	0.00	0.00/-23.26	0.00	0.00
603008	ST喜临门	0	0	0.00	0.00	0.00	0.00	0.00	0.00/-23.26	0.00	0.00
603009	北特科技	0	0	0.00	0.00	0.00	0.00	0.00	0.00/-23.26	0.00	0.00
603011	合锻智能	0	0	0.00	0.00	0.00	0.00	0.00	0.00/-23.26	0.00	0.00
603013	亚普股份	0	0	0.00	0.00	0.00	0.00	0.00	0.00/-23.26	0.00	0.00
603014	威高血净	0	0	0.00	0.00	0.00	0.00	0.00	0.00/-23.26	0.00	0.00
603015	弘讯科技	0	0	0.00	0.00	0.00	0.00	0.00	0.00/-23.26	0.00	0.00
603016	新宏泰	0	0	0.00	0.00	0.00	0.00	0.00	0.00/-23.26	0.00	0.00
603017	中衡设计	0	0	0.00	0.00	0.00	0.00	0.00	0.00/-23.26	0.00	0.00
603018	华设集团	0	0	0.00	0.00	0.00	0.00	0.00	0.00/-23.26	0.00	0.00
603019	中科曙光	0	0	0.00	0.00	0.00	0.00	0.00	0.00/-23.26	0.00	0.00
603021	*ST华鹏	0	0	0.00	0.00	0.00	0.00	0.00	0.00/-23.26	0.00	0.00
603025	大豪科技	0	0	0.00	0.00	0.00	0.00	0.00	0.00/-23.26	0.00	0.00
603027	千禾味业	0	0	0.00	0.00	0.00	0.00	0.00	0.00/-23.26	0.00	0.00
603028	赛福天	0	0	0.00	0.00	0.00	0.00	0.00	0.00/-23.26	0.00	0.00
603029	天鹅股份	0	0	0.00	0.00	0.00	0.00	0.00	0.00/-23.26	0.00	0.00
603031	安孚科技	0	0	0.00	0.00	0.00	0.00	0.00	0.00/-23.26	0.00	0.00
603033	三维股份	0	0	0.00	0.00	0.00	0.00	0.00	0.00/-23.26	0.00	0.00
603038	华立股份	0	0	0.00	0.00	0.00	0.00	0.00	0.00/-23.26	0.00	0.00
603039	泛微网络	0	0	0.00	0.00	0.00	0.00	0.00	0.00/-23.26	0.00	0.00
603040	新坐标	0	0	0.00	0.00	0.00	0.00	0.00	0.00/-23.26	0.00	0.00
603042	华脉科技	0	0	0.00	0.00	0.00	0.00	0.00	0.00/-23.26	0.00	0.00
603043	广州酒家	0	0	0.00	0.00	0.00	0.00	0.00	0.00/-23.26	0.00	0.00
603045	福达合金	0	0	0.00	0.00	0.00	0.00	0.00	0.00/-23.26	0.00	0.00
603048	浙江黎明	0	0	0.00	0.00	0.00	0.00	0.00	0.00/-23.26	0.00	0.00
603049	中策橡胶	0	0	0.00	0.00	0.00	0.00	0.00	0.00/-23.26	0.00	0.00
603050	科林电气	0	0	0.00	0.00	0.00	0.00	0.00	0.00/-23.26	0.00	0.00
603051	鹿山新材	0	0	0.00	0.00	0.00	0.00	0.00	0.00/-23.26	0.00	0.00
603052	可川科技	0	0	0.00	0.00	0.00	0.00	0.00	0.00/-23.26	0.00	0.00
603053	成都燃气	0	0	0.00	0.00	0.00	0.00	0.00	0.00/-23.26	0.00	0.00
603057	紫燕食品	0	0	0.00	0.00	0.00	0.00	0.00	0.00/-23.26	0.00	0.00
603059	倍加洁	0	0	0.00	0.00	0.00	0.00	0.00	0.00/-23.26	0.00	0.00
603060	国检集团	0	0	0.00	0.00	0.00	0.00	0.00	0.00/-23.26	0.00	0.00
603062	麦加芯彩	0	0	0.00	0.00	0.00	0.00	0.00	0.00/-23.26	0.00	0.00
603063	禾望电气	0	0	0.00	0.00	0.00	0.00	0.00	0.00/-23.26	0.00	0.00
603065	宿迁联盛	0	0	0.00	0.00	0.00	0.00	0.00	0.00/-23.26	0.00	0.00
603067	振华股份	0	0	0.00	0.00	0.00	0.00	0.00	0.00/-23.26	0.00	0.00
603068	博通集成	0	0	0.00	0.00	0.00	0.00	0.00	0.00/-23.26	0.00	0.00
603069	海汽集团	0	0	0.00	0.00	0.00	0.00	0.00	0.00/-23.26	0.00	0.00
603070	万控智造	0	0	0.00	0.00	0.00	0.00	0.00	0.00/-23.26	0.00	0.00
603071	物产环能	0	0	0.00	0.00	0.00	0.00	0.00	0.00/-23.26	0.00	0.00
603072	天和磁材	0	0	0.00	0.00	0.00	0.00	0.00	0.00/-23.26	0.00	0.00
603076	乐惠国际	0	0	0.00	0.00	0.00	0.00	0.00	0.00/-23.26	0.00	0.00
603077	和邦生物	0	0	0.00	0.00	0.00	0.00	0.00	0.00/-23.26	0.00	0.00
603078	江化微	0	0	0.00	0.00	0.00	0.00	0.00	0.00/-23.26	0.00	0.00
603082	北自科技	0	0	0.00	0.00	0.00	0.00	0.00	0.00/-23.26	0.00	0.00
603085	天成自控	0	0	0.00	0.00	0.00	0.00	0.00	0.00/-23.26	0.00	0.00
603087	甘李药业	0	0	0.00	0.00	0.00	0.00	0.00	0.00/-23.26	0.00	0.00
603090	宏盛股份	0	0	0.00	0.00	0.00	0.00	0.00	0.00/-23.26	0.00	0.00
603091	众鑫股份	0	0	0.00	0.00	0.00	0.00	0.00	0.00/-23.26	0.00	0.00
603092	德力佳	0	0	0.00	0.00	0.00	0.00	0.00	0.00/-23.26	0.00	0.00
603093	南华期货	0	0	0.00	0.00	0.00	0.00	0.00	0.00/-23.26	0.00	0.00
603095	越剑智能	0	0	0.00	0.00	0.00	0.00	0.00	0.00/-23.26	0.00	0.00
603096	新经典	0	0	0.00	0.00	0.00	0.00	0.00	0.00/-23.26	0.00	0.00
603097	江苏华辰	0	0	0.00	0.00	0.00	0.00	0.00	0.00/-23.26	0.00	0.00
603098	森特股份	0	0	0.00	0.00	0.00	0.00	0.00	0.00/-23.26	0.00	0.00
603099	长白山	0	0	0.00	0.00	0.00	0.00	0.00	0.00/-23.26	0.00	0.00
603100	川仪股份	0	0	0.00	0.00	0.00	0.00	0.00	0.00/-23.26	0.00	0.00
603103	横店影视	0	0	0.00	0.00	0.00	0.00	0.00	0.00/-23.26	0.00	0.00
603106	恒银科技	0	0	0.00	0.00	0.00	0.00	0.00	0.00/-23.26	0.00	0.00
603107	上海汽配	0	0	0.00	0.00	0.00	0.00	0.00	0.00/-23.26	0.00	0.00
603108	润达医疗	0	0	0.00	0.00	0.00	0.00	0.00	0.00/-23.26	0.00	0.00
603109	神驰机电	0	0	0.00	0.00	0.00	0.00	0.00	0.00/-23.26	0.00	0.00
603110	东方材料	0	0	0.00	0.00	0.00	0.00	0.00	0.00/-23.26	0.00	0.00
603111	康尼机电	0	0	0.00	0.00	0.00	0.00	0.00	0.00/-23.26	0.00	0.00
603112	华翔股份	0	0	0.00	0.00	0.00	0.00	0.00	0.00/-23.26	0.00	0.00
603113	金能科技	0	0	0.00	0.00	0.00	0.00	0.00	0.00/-23.26	0.00	0.00
603115	海星股份	0	0	0.00	0.00	0.00	0.00	0.00	0.00/-23.26	0.00	0.00
603118	共进股份	0	0	0.00	0.00	0.00	0.00	0.00	0.00/-23.26	0.00	0.00
603119	浙江荣泰	0	0	0.00	0.00	0.00	0.00	0.00	0.00/-23.26	0.00	0.00
603120	肯特催化	0	0	0.00	0.00	0.00	0.00	0.00	0.00/-23.26	0.00	0.00
603121	华培动力	0	0	0.00	0.00	0.00	0.00	0.00	0.00/-23.26	0.00	0.00
603122	合富中国	0	0	0.00	0.00	0.00	0.00	0.00	0.00/-23.26	0.00	0.00
603124	江南新材	0	0	0.00	0.00	0.00	0.00	0.00	0.00/-23.26	0.00	0.00
603125	常青科技	0	0	0.00	0.00	0.00	0.00	0.00	0.00/-23.26	0.00	0.00
603127	昭衍新药	0	0	0.00	0.00	0.00	0.00	0.00	0.00/-23.26	0.00	0.00
603129	春风动力	0	0	0.00	0.00	0.00	0.00	0.00	0.00/-23.26	0.00	0.00
603131	上海沪工	0	0	0.00	0.00	0.00	0.00	0.00	0.00/-23.26	0.00	0.00
603132	金徽股份	0	0	0.00	0.00	0.00	0.00	0.00	0.00/-23.26	0.00	0.00
603138	海量数据	0	0	0.00	0.00	0.00	0.00	0.00	0.00/-23.26	0.00	0.00
603150	万朗磁塑	0	0	0.00	0.00	0.00	0.00	0.00	0.00/-23.26	0.00	0.00
603151	邦基科技	0	0	0.00	0.00	0.00	0.00	0.00	0.00/-23.26	0.00	0.00
603153	上海建科	0	0	0.00	0.00	0.00	0.00	0.00	0.00/-23.26	0.00	0.00
603155	新亚强	0	0	0.00	0.00	0.00	0.00	0.00	0.00/-23.26	0.00	0.00
603156	养元饮品	0	0	0.00	0.00	0.00	0.00	0.00	0.00/-23.26	0.00	0.00
603160	汇顶科技	0	0	0.00	0.00	0.00	0.00	0.00	0.00/-23.26	0.00	0.00
603161	科华控股	0	0	0.00	0.00	0.00	0.00	0.00	0.00/-23.26	0.00	0.00
603162	海通发展	0	0	0.00	0.00	0.00	0.00	0.00	0.00/-23.26	0.00	0.00
603163	圣晖集成	0	0	0.00	0.00	0.00	0.00	0.00	0.00/-23.26	0.00	0.00
603167	渤海轮渡	0	0	0.00	0.00	0.00	0.00	0.00	0.00/-23.26	0.00	0.00
603168	莎普爱思	0	0	0.00	0.00	0.00	0.00	0.00	0.00/-23.26	0.00	0.00
603170	宝立食品	0	0	0.00	0.00	0.00	0.00	0.00	0.00/-23.26	0.00	0.00
603171	税友股份	0	0	0.00	0.00	0.00	0.00	0.00	0.00/-23.26	0.00	0.00
603172	万丰股份	0	0	0.00	0.00	0.00	0.00	0.00	0.00/-23.26	0.00	0.00
603173	福斯达	0	0	0.00	0.00	0.00	0.00	0.00	0.00/-23.26	0.00	0.00
603175	超颖电子	0	0	0.00	0.00	0.00	0.00	0.00	0.00/-23.26	0.00	0.00
603176	汇通集团	0	0	0.00	0.00	0.00	0.00	0.00	0.00/-23.26	0.00	0.00
603178	圣龙股份	0	0	0.00	0.00	0.00	0.00	0.00	0.00/-23.26	0.00	0.00
603179	新泉股份	0	0	0.00	0.00	0.00	0.00	0.00	0.00/-23.26	0.00	0.00
603180	金牌家居	0	0	0.00	0.00	0.00	0.00	0.00	0.00/-23.26	0.00	0.00
603181	皇马科技	0	0	0.00	0.00	0.00	0.00	0.00	0.00/-23.26	0.00	0.00
603183	建研院	0	0	0.00	0.00	0.00	0.00	0.00	0.00/-23.26	0.00	0.00
603185	弘元绿能	0	0	0.00	0.00	0.00	0.00	0.00	0.00/-23.26	0.00	0.00
603186	华正新材	0	0	0.00	0.00	0.00	0.00	0.00	0.00/-23.26	0.00	0.00
603187	海容冷链	0	0	0.00	0.00	0.00	0.00	0.00	0.00/-23.26	0.00	0.00
603189	*ST网达	0	0	0.00	0.00	0.00	0.00	0.00	0.00/-23.26	0.00	0.00
603190	亚通精工	0	0	0.00	0.00	0.00	0.00	0.00	0.00/-23.26	0.00	0.00
603191	望变电气	0	0	0.00	0.00	0.00	0.00	0.00	0.00/-23.26	0.00	0.00
603192	汇得科技	0	0	0.00	0.00	0.00	0.00	0.00	0.00/-23.26	0.00	0.00
603193	润本股份	0	0	0.00	0.00	0.00	0.00	0.00	0.00/-23.26	0.00	0.00
603194	中力股份	0	0	0.00	0.00	0.00	0.00	0.00	0.00/-23.26	0.00	0.00
603195	公牛集团	0	0	0.00	0.00	0.00	0.00	0.00	0.00/-23.26	0.00	0.00
603196	璞源材料	0	0	0.00	0.00	0.00	0.00	0.00	0.00/-23.26	0.00	0.00
603197	保隆科技	0	0	0.00	0.00	0.00	0.00	0.00	0.00/-23.26	0.00	0.00
603198	迎驾贡酒	0	0	0.00	0.00	0.00	0.00	0.00	0.00/-23.26	0.00	0.00
603199	九华旅游	0	0	0.00	0.00	0.00	0.00	0.00	0.00/-23.26	0.00	0.00
603200	上海洗霸	0	0	0.00	0.00	0.00	0.00	0.00	0.00/-23.26	0.00	0.00
603201	常润股份	0	0	0.00	0.00	0.00	0.00	0.00	0.00/-23.26	0.00	0.00
603202	天有为	0	0	0.00	0.00	0.00	0.00	0.00	0.00/-23.26	0.00	0.00
603203	快克智能	0	0	0.00	0.00	0.00	0.00	0.00	0.00/-23.26	0.00	0.00
603205	健尔康	0	0	0.00	0.00	0.00	0.00	0.00	0.00/-23.26	0.00	0.00
603206	嘉环科技	0	0	0.00	0.00	0.00	0.00	0.00	0.00/-23.26	0.00	0.00
603207	小方制药	0	0	0.00	0.00	0.00	0.00	0.00	0.00/-23.26	0.00	0.00
603210	泰鸿万立	0	0	0.00	0.00	0.00	0.00	0.00	0.00/-23.26	0.00	0.00
603212	赛伍技术	0	0	0.00	0.00	0.00	0.00	0.00	0.00/-23.26	0.00	0.00
603213	镇洋发展	0	0	0.00	0.00	0.00	0.00	0.00	0.00/-23.26	0.00	0.00
603214	爱婴室	0	0	0.00	0.00	0.00	0.00	0.00	0.00/-23.26	0.00	0.00
603215	比依股份	0	0	0.00	0.00	0.00	0.00	0.00	0.00/-23.26	0.00	0.00
603218	日月股份	0	0	0.00	0.00	0.00	0.00	0.00	0.00/-23.26	0.00	0.00
603219	富佳股份	0	0	0.00	0.00	0.00	0.00	0.00	0.00/-23.26	0.00	0.00
603220	中贝通信	0	0	0.00	0.00	0.00	0.00	0.00	0.00/-23.26	0.00	0.00
603221	爱丽家居	0	0	0.00	0.00	0.00	0.00	0.00	0.00/-23.26	0.00	0.00
603222	济民健康	0	0	0.00	0.00	0.00	0.00	0.00	0.00/-23.26	0.00	0.00
603226	菲林格尔	0	0	0.00	0.00	0.00	0.00	0.00	0.00/-23.26	0.00	0.00
603227	雪峰科技	0	0	0.00	0.00	0.00	0.00	0.00	0.00/-23.26	0.00	0.00
603228	景旺电子	0	0	0.00	0.00	0.00	0.00	0.00	0.00/-23.26	0.00	0.00
603230	内蒙新华	0	0	0.00	0.00	0.00	0.00	0.00	0.00/-23.26	0.00	0.00
603231	索宝蛋白	0	0	0.00	0.00	0.00	0.00	0.00	0.00/-23.26	0.00	0.00
603232	格尔软件	0	0	0.00	0.00	0.00	0.00	0.00	0.00/-23.26	0.00	0.00
603233	大参林	0	0	0.00	0.00	0.00	0.00	0.00	0.00/-23.26	0.00	0.00
603235	天新药业	0	0	0.00	0.00	0.00	0.00	0.00	0.00/-23.26	0.00	0.00
603236	移远通信	0	0	0.00	0.00	0.00	0.00	0.00	0.00/-23.26	0.00	0.00
603237	五芳斋	0	0	0.00	0.00	0.00	0.00	0.00	0.00/-23.26	0.00	0.00
603238	诺邦股份	0	0	0.00	0.00	0.00	0.00	0.00	0.00/-23.26	0.00	0.00
603239	浙江仙通	0	0	0.00	0.00	0.00	0.00	0.00	0.00/-23.26	0.00	0.00
603248	锡华科技	0	0	0.00	0.00	0.00	0.00	0.00	0.00/-23.26	0.00	0.00
603255	鼎际得	0	0	0.00	0.00	0.00	0.00	0.00	0.00/-23.26	0.00	0.00
603256	宏和科技	0	0	0.00	0.00	0.00	0.00	0.00	0.00/-23.26	0.00	0.00
603257	中国瑞林	0	0	0.00	0.00	0.00	0.00	0.00	0.00/-23.26	0.00	0.00
603258	电魂网络	0	0	0.00	0.00	0.00	0.00	0.00	0.00/-23.26	0.00	0.00
603259	药明康德	0	0	0.00	0.00	0.00	0.00	0.00	0.00/-23.26	0.00	0.00
603260	合盛硅业	0	0	0.00	0.00	0.00	0.00	0.00	0.00/-23.26	0.00	0.00
603261	立航科技	0	0	0.00	0.00	0.00	0.00	0.00	0.00/-23.26	0.00	0.00
603262	技源集团	0	0	0.00	0.00	0.00	0.00	0.00	0.00/-23.26	0.00	0.00
603266	天龙股份	0	0	0.00	0.00	0.00	0.00	0.00	0.00/-23.26	0.00	0.00
603267	鸿远电子	0	0	0.00	0.00	0.00	0.00	0.00	0.00/-23.26	0.00	0.00
603268	松发股份	0	0	0.00	0.00	0.00	0.00	0.00	0.00/-23.26	0.00	0.00
603270	金帝股份	0	0	0.00	0.00	0.00	0.00	0.00	0.00/-23.26	0.00	0.00
603271	永杰新材	0	0	0.00	0.00	0.00	0.00	0.00	0.00/-23.26	0.00	0.00
603272	*ST联翔	0	0	0.00	0.00	0.00	0.00	0.00	0.00/-23.26	0.00	0.00
603273	天元智能	0	0	0.00	0.00	0.00	0.00	0.00	0.00/-23.26	0.00	0.00
603275	众辰科技	0	0	0.00	0.00	0.00	0.00	0.00	0.00/-23.26	0.00	0.00
603276	恒兴新材	0	0	0.00	0.00	0.00	0.00	0.00	0.00/-23.26	0.00	0.00
603277	银都股份	0	0	0.00	0.00	0.00	0.00	0.00	0.00/-23.26	0.00	0.00
603278	大业股份	0	0	0.00	0.00	0.00	0.00	0.00	0.00/-23.26	0.00	0.00
603279	景津装备	0	0	0.00	0.00	0.00	0.00	0.00	0.00/-23.26	0.00	0.00
603282	亚光股份	0	0	0.00	0.00	0.00	0.00	0.00	0.00/-23.26	0.00	0.00
603283	赛腾股份	0	0	0.00	0.00	0.00	0.00	0.00	0.00/-23.26	0.00	0.00
603284	林平发展	0	0	0.00	0.00	0.00	0.00	0.00	0.00/-23.26	0.00	0.00
603285	键邦股份	0	0	0.00	0.00	0.00	0.00	0.00	0.00/-23.26	0.00	0.00
603290	斯达半导	0	0	0.00	0.00	0.00	0.00	0.00	0.00/-23.26	0.00	0.00
603291	XD联合水	0	0	0.00	0.00	0.00	0.00	0.00	0.00/-23.26	0.00	0.00
603293	埃泰克	0	0	0.00	0.00	0.00	0.00	0.00	0.00/-23.26	0.00	0.00
603296	华勤技术	0	0	0.00	0.00	0.00	0.00	0.00	0.00/-23.26	0.00	0.00
603297	永新光学	0	0	0.00	0.00	0.00	0.00	0.00	0.00/-23.26	0.00	0.00
603298	杭叉集团	0	0	0.00	0.00	0.00	0.00	0.00	0.00/-23.26	0.00	0.00
603300	海南华铁	0	0	0.00	0.00	0.00	0.00	0.00	0.00/-23.26	0.00	0.00
603301	振德医疗	0	0	0.00	0.00	0.00	0.00	0.00	0.00/-23.26	0.00	0.00
603303	得邦照明	0	0	0.00	0.00	0.00	0.00	0.00	0.00/-23.26	0.00	0.00
603305	旭升集团	0	0	0.00	0.00	0.00	0.00	0.00	0.00/-23.26	0.00	0.00
603306	华懋科技	0	0	0.00	0.00	0.00	0.00	0.00	0.00/-23.26	0.00	0.00
603307	扬州金泉	0	0	0.00	0.00	0.00	0.00	0.00	0.00/-23.26	0.00	0.00
603308	应流股份	0	0	0.00	0.00	0.00	0.00	0.00	0.00/-23.26	0.00	0.00
603309	维力医疗	0	0	0.00	0.00	0.00	0.00	0.00	0.00/-23.26	0.00	0.00
603310	巍华新材	0	0	0.00	0.00	0.00	0.00	0.00	0.00/-23.26	0.00	0.00
603312	西典新能	0	0	0.00	0.00	0.00	0.00	0.00	0.00/-23.26	0.00	0.00
603313	梦百合	0	0	0.00	0.00	0.00	0.00	0.00	0.00/-23.26	0.00	0.00
603315	福鞍股份	0	0	0.00	0.00	0.00	0.00	0.00	0.00/-23.26	0.00	0.00
603317	天味食品	0	0	0.00	0.00	0.00	0.00	0.00	0.00/-23.26	0.00	0.00
603319	美湖股份	0	0	0.00	0.00	0.00	0.00	0.00	0.00/-23.26	0.00	0.00
603321	梅轮电梯	0	0	0.00	0.00	0.00	0.00	0.00	0.00/-23.26	0.00	0.00
603322	超讯科技	0	0	0.00	0.00	0.00	0.00	0.00	0.00/-23.26	0.00	0.00
603324	盛剑科技	0	0	0.00	0.00	0.00	0.00	0.00	0.00/-23.26	0.00	0.00
603325	博隆技术	0	0	0.00	0.00	0.00	0.00	0.00	0.00/-23.26	0.00	0.00
603326	我乐家居	0	0	0.00	0.00	0.00	0.00	0.00	0.00/-23.26	0.00	0.00
603327	福蓉科技	0	0	0.00	0.00	0.00	0.00	0.00	0.00/-23.26	0.00	0.00
603328	依顿电子	0	0	0.00	0.00	0.00	0.00	0.00	0.00/-23.26	0.00	0.00
603330	天洋新材	0	0	0.00	0.00	0.00	0.00	0.00	0.00/-23.26	0.00	0.00
603333	福华尚纬	0	0	0.00	0.00	0.00	0.00	0.00	0.00/-23.26	0.00	0.00
603334	丰倍生物	0	0	0.00	0.00	0.00	0.00	0.00	0.00/-23.26	0.00	0.00
603335	迪生力	0	0	0.00	0.00	0.00	0.00	0.00	0.00/-23.26	0.00	0.00
603336	宏辉果蔬	0	0	0.00	0.00	0.00	0.00	0.00	0.00/-23.26	0.00	0.00
603337	杰克科技	0	0	0.00	0.00	0.00	0.00	0.00	0.00/-23.26	0.00	0.00
603338	浙江鼎力	0	0	0.00	0.00	0.00	0.00	0.00	0.00/-23.26	0.00	0.00
603341	龙旗科技	0	0	0.00	0.00	0.00	0.00	0.00	0.00/-23.26	0.00	0.00
603344	星德胜	0	0	0.00	0.00	0.00	0.00	0.00	0.00/-23.26	0.00	0.00
603345	安井食品	0	0	0.00	0.00	0.00	0.00	0.00	0.00/-23.26	0.00	0.00
603348	文灿股份	0	0	0.00	0.00	0.00	0.00	0.00	0.00/-23.26	0.00	0.00
603350	安乃达	0	0	0.00	0.00	0.00	0.00	0.00	0.00/-23.26	0.00	0.00
603351	威尔药业	0	0	0.00	0.00	0.00	0.00	0.00	0.00/-23.26	0.00	0.00
603352	至信股份	0	0	0.00	0.00	0.00	0.00	0.00	0.00/-23.26	0.00	0.00
603355	莱克电气	0	0	0.00	0.00	0.00	0.00	0.00	0.00/-23.26	0.00	0.00
603356	华菱精工	0	0	0.00	0.00	0.00	0.00	0.00	0.00/-23.26	0.00	0.00
603359	*ST东珠	0	0	0.00	0.00	0.00	0.00	0.00	0.00/-23.26	0.00	0.00
603360	百傲化学	0	0	0.00	0.00	0.00	0.00	0.00	0.00/-23.26	0.00	0.00
603363	傲农生物	0	0	0.00	0.00	0.00	0.00	0.00	0.00/-23.26	0.00	0.00
603365	水星家纺	0	0	0.00	0.00	0.00	0.00	0.00	0.00/-23.26	0.00	0.00
603367	辰欣药业	0	0	0.00	0.00	0.00	0.00	0.00	0.00/-23.26	0.00	0.00
603368	柳药集团	0	0	0.00	0.00	0.00	0.00	0.00	0.00/-23.26	0.00	0.00
603369	今世缘	0	0	0.00	0.00	0.00	0.00	0.00	0.00/-23.26	0.00	0.00
603370	华新精科	0	0	0.00	0.00	0.00	0.00	0.00	0.00/-23.26	0.00	0.00
603373	安邦护卫	0	0	0.00	0.00	0.00	0.00	0.00	0.00/-23.26	0.00	0.00
603375	盛景微	0	0	0.00	0.00	0.00	0.00	0.00	0.00/-23.26	0.00	0.00
603376	大明电子	0	0	0.00	0.00	0.00	0.00	0.00	0.00/-23.26	0.00	0.00
603377	ST东时	0	0	0.00	0.00	0.00	0.00	0.00	0.00/-23.26	0.00	0.00
603378	*ST亚士	0	0	0.00	0.00	0.00	0.00	0.00	0.00/-23.26	0.00	0.00
603380	易德龙	0	0	0.00	0.00	0.00	0.00	0.00	0.00/-23.26	0.00	0.00
603381	永臻股份	0	0	0.00	0.00	0.00	0.00	0.00	0.00/-23.26	0.00	0.00
603382	海阳科技	0	0	0.00	0.00	0.00	0.00	0.00	0.00/-23.26	0.00	0.00
603383	顶点软件	0	0	0.00	0.00	0.00	0.00	0.00	0.00/-23.26	0.00	0.00
603385	惠达卫浴	0	0	0.00	0.00	0.00	0.00	0.00	0.00/-23.26	0.00	0.00
603387	基蛋生物	0	0	0.00	0.00	0.00	0.00	0.00	0.00/-23.26	0.00	0.00
603389	亚振家居	0	0	0.00	0.00	0.00	0.00	0.00	0.00/-23.26	0.00	0.00
603390	通达电气	0	0	0.00	0.00	0.00	0.00	0.00	0.00/-23.26	0.00	0.00
603391	力聚热能	0	0	0.00	0.00	0.00	0.00	0.00	0.00/-23.26	0.00	0.00
603392	万泰生物	0	0	0.00	0.00	0.00	0.00	0.00	0.00/-23.26	0.00	0.00
603393	新天然气	0	0	0.00	0.00	0.00	0.00	0.00	0.00/-23.26	0.00	0.00
603395	红四方	0	0	0.00	0.00	0.00	0.00	0.00	0.00/-23.26	0.00	0.00
603396	金辰股份	0	0	0.00	0.00	0.00	0.00	0.00	0.00/-23.26	0.00	0.00
603398	*ST沐邦	0	0	0.00	0.00	0.00	0.00	0.00	0.00/-23.26	0.00	0.00
603400	华之杰	0	0	0.00	0.00	0.00	0.00	0.00	0.00/-23.26	0.00	0.00
603402	陕西旅游	0	0	0.00	0.00	0.00	0.00	0.00	0.00/-23.26	0.00	0.00
603406	天富龙	0	0	0.00	0.00	0.00	0.00	0.00	0.00/-23.26	0.00	0.00
603407	长裕集团	0	0	0.00	0.00	0.00	0.00	0.00	0.00/-23.26	0.00	0.00
603408	建霖家居	0	0	0.00	0.00	0.00	0.00	0.00	0.00/-23.26	0.00	0.00
603409	汇通控股	0	0	0.00	0.00	0.00	0.00	0.00	0.00/-23.26	0.00	0.00
603418	友升股份	0	0	0.00	0.00	0.00	0.00	0.00	0.00/-23.26	0.00	0.00
603429	*ST集友	0	0	0.00	0.00	0.00	0.00	0.00	0.00/-23.26	0.00	0.00
603435	嘉德利	0	0	0.00	0.00	0.00	0.00	0.00	0.00/-23.26	0.00	0.00
603439	三力制药	0	0	0.00	0.00	0.00	0.00	0.00	0.00/-23.26	0.00	0.00
603444	吉比特	0	0	0.00	0.00	0.00	0.00	0.00	0.00/-23.26	0.00	0.00
603448	天博智能	0	0	0.00	0.00	0.00	0.00	0.00	0.00/-23.26	0.00	0.00
603456	九洲药业	0	0	0.00	0.00	0.00	0.00	0.00	0.00/-23.26	0.00	0.00
603459	红板科技	0	0	0.00	0.00	0.00	0.00	0.00	0.00/-23.26	0.00	0.00
603466	风语筑	0	0	0.00	0.00	0.00	0.00	0.00	0.00/-23.26	0.00	0.00
603468	津富士达	0	0	0.00	0.00	0.00	0.00	0.00	0.00/-23.26	0.00	0.00
603477	巨星农牧	0	0	0.00	0.00	0.00	0.00	0.00	0.00/-23.26	0.00	0.00
603486	科沃斯	0	0	0.00	0.00	0.00	0.00	0.00	0.00/-23.26	0.00	0.00
603488	展鹏科技	0	0	0.00	0.00	0.00	0.00	0.00	0.00/-23.26	0.00	0.00
603489	八方股份	0	0	0.00	0.00	0.00	0.00	0.00	0.00/-23.26	0.00	0.00
603496	恒为科技	0	0	0.00	0.00	0.00	0.00	0.00	0.00/-23.26	0.00	0.00
603499	翔港科技	0	0	0.00	0.00	0.00	0.00	0.00	0.00/-23.26	0.00	0.00
603500	祥和实业	0	0	0.00	0.00	0.00	0.00	0.00	0.00/-23.26	0.00	0.00
603501	豪威集团	0	0	0.00	0.00	0.00	0.00	0.00	0.00/-23.26	0.00	0.00
603505	金石资源	0	0	0.00	0.00	0.00	0.00	0.00	0.00/-23.26	0.00	0.00
603506	南都物业	0	0	0.00	0.00	0.00	0.00	0.00	0.00/-23.26	0.00	0.00
603507	振江股份	0	0	0.00	0.00	0.00	0.00	0.00	0.00/-23.26	0.00	0.00
603508	思维列控	0	0	0.00	0.00	0.00	0.00	0.00	0.00/-23.26	0.00	0.00
603511	爱慕股份	0	0	0.00	0.00	0.00	0.00	0.00	0.00/-23.26	0.00	0.00
603515	XD欧普照	0	0	0.00	0.00	0.00	0.00	0.00	0.00/-23.26	0.00	0.00
603517	ST绝味	0	0	0.00	0.00	0.00	0.00	0.00	0.00/-23.26	0.00	0.00
603519	立霸股份	0	0	0.00	0.00	0.00	0.00	0.00	0.00/-23.26	0.00	0.00
603520	司太立	0	0	0.00	0.00	0.00	0.00	0.00	0.00/-23.26	0.00	0.00
603528	多伦科技	0	0	0.00	0.00	0.00	0.00	0.00	0.00/-23.26	0.00	0.00
603529	爱玛科技	0	0	0.00	0.00	0.00	0.00	0.00	0.00/-23.26	0.00	0.00
603530	神马电力	0	0	0.00	0.00	0.00	0.00	0.00	0.00/-23.26	0.00	0.00
603533	掌阅科技	0	0	0.00	0.00	0.00	0.00	0.00	0.00/-23.26	0.00	0.00
603535	嘉诚国际	0	0	0.00	0.00	0.00	0.00	0.00	0.00/-23.26	0.00	0.00
603538	美诺华	0	0	0.00	0.00	0.00	0.00	0.00	0.00/-23.26	0.00	0.00
603551	奥普科技	0	0	0.00	0.00	0.00	0.00	0.00	0.00/-23.26	0.00	0.00
603556	海兴电力	0	0	0.00	0.00	0.00	0.00	0.00	0.00/-23.26	0.00	0.00
603557	*ST起步	0	0	0.00	0.00	0.00	0.00	0.00	0.00/-23.26	0.00	0.00
603558	健盛集团	0	0	0.00	0.00	0.00	0.00	0.00	0.00/-23.26	0.00	0.00
603559	中通国脉	0	0	0.00	0.00	0.00	0.00	0.00	0.00/-23.26	0.00	0.00
603565	中谷物流	0	0	0.00	0.00	0.00	0.00	0.00	0.00/-23.26	0.00	0.00
603566	普莱柯	0	0	0.00	0.00	0.00	0.00	0.00	0.00/-23.26	0.00	0.00
603567	珍宝岛	0	0	0.00	0.00	0.00	0.00	0.00	0.00/-23.26	0.00	0.00
603568	伟明环保	0	0	0.00	0.00	0.00	0.00	0.00	0.00/-23.26	0.00	0.00
603577	汇金通	0	0	0.00	0.00	0.00	0.00	0.00	0.00/-23.26	0.00	0.00
603579	荣泰健康	0	0	0.00	0.00	0.00	0.00	0.00	0.00/-23.26	0.00	0.00
603583	捷昌驱动	0	0	0.00	0.00	0.00	0.00	0.00	0.00/-23.26	0.00	0.00
603586	金麒麟	0	0	0.00	0.00	0.00	0.00	0.00	0.00/-23.26	0.00	0.00
603589	口子窖	0	0	0.00	0.00	0.00	0.00	0.00	0.00/-23.26	0.00	0.00
603590	康辰药业	0	0	0.00	0.00	0.00	0.00	0.00	0.00/-23.26	0.00	0.00
603595	ST东尼	0	0	0.00	0.00	0.00	0.00	0.00	0.00/-23.26	0.00	0.00
603596	伯特利	0	0	0.00	0.00	0.00	0.00	0.00	0.00/-23.26	0.00	0.00
603599	广信股份	0	0	0.00	0.00	0.00	0.00	0.00	0.00/-23.26	0.00	0.00
603600	永艺股份	0	0	0.00	0.00	0.00	0.00	0.00	0.00/-23.26	0.00	0.00
603602	纵横通信	0	0	0.00	0.00	0.00	0.00	0.00	0.00/-23.26	0.00	0.00
603605	珀莱雅	0	0	0.00	0.00	0.00	0.00	0.00	0.00/-23.26	0.00	0.00
603606	东方电缆	0	0	0.00	0.00	0.00	0.00	0.00	0.00/-23.26	0.00	0.00
603607	京华激光	0	0	0.00	0.00	0.00	0.00	0.00	0.00/-23.26	0.00	0.00
603608	天创时尚	0	0	0.00	0.00	0.00	0.00	0.00	0.00/-23.26	0.00	0.00
603610	麒盛科技	0	0	0.00	0.00	0.00	0.00	0.00	0.00/-23.26	0.00	0.00
603611	诺力股份	0	0	0.00	0.00	0.00	0.00	0.00	0.00/-23.26	0.00	0.00
603612	索通发展	0	0	0.00	0.00	0.00	0.00	0.00	0.00/-23.26	0.00	0.00
603613	国联股份	0	0	0.00	0.00	0.00	0.00	0.00	0.00/-23.26	0.00	0.00
603626	科森科技	0	0	0.00	0.00	0.00	0.00	0.00	0.00/-23.26	0.00	0.00
603629	利通电子	0	0	0.00	0.00	0.00	0.00	0.00	0.00/-23.26	0.00	0.00
603638	艾迪精密	0	0	0.00	0.00	0.00	0.00	0.00	0.00/-23.26	0.00	0.00
603639	海利尔	0	0	0.00	0.00	0.00	0.00	0.00	0.00/-23.26	0.00	0.00
603650	彤程新材	0	0	0.00	0.00	0.00	0.00	0.00	0.00/-23.26	0.00	0.00
603658	安图生物	0	0	0.00	0.00	0.00	0.00	0.00	0.00/-23.26	0.00	0.00
603659	璞泰来	0	0	0.00	0.00	0.00	0.00	0.00	0.00/-23.26	0.00	0.00
603660	苏州科达	0	0	0.00	0.00	0.00	0.00	0.00	0.00/-23.26	0.00	0.00
603662	柯力传感	0	0	0.00	0.00	0.00	0.00	0.00	0.00/-23.26	0.00	0.00
603663	三祥新材	0	0	0.00	0.00	0.00	0.00	0.00	0.00/-23.26	0.00	0.00
603665	康隆达	0	0	0.00	0.00	0.00	0.00	0.00	0.00/-23.26	0.00	0.00
603666	亿嘉和	0	0	0.00	0.00	0.00	0.00	0.00	0.00/-23.26	0.00	0.00
603676	卫信康	0	0	0.00	0.00	0.00	0.00	0.00	0.00/-23.26	0.00	0.00
603677	奇精机械	0	0	0.00	0.00	0.00	0.00	0.00	0.00/-23.26	0.00	0.00
603678	火炬电子	0	0	0.00	0.00	0.00	0.00	0.00	0.00/-23.26	0.00	0.00
603679	华体科技	0	0	0.00	0.00	0.00	0.00	0.00	0.00/-23.26	0.00	0.00
603680	今创集团	0	0	0.00	0.00	0.00	0.00	0.00	0.00/-23.26	0.00	0.00
603682	锦和商管	0	0	0.00	0.00	0.00	0.00	0.00	0.00/-23.26	0.00	0.00
603683	晶华新材	0	0	0.00	0.00	0.00	0.00	0.00	0.00/-23.26	0.00	0.00
603686	福龙马	0	0	0.00	0.00	0.00	0.00	0.00	0.00/-23.26	0.00	0.00
603687	大胜达	0	0	0.00	0.00	0.00	0.00	0.00	0.00/-23.26	0.00	0.00
603688	石英股份	0	0	0.00	0.00	0.00	0.00	0.00	0.00/-23.26	0.00	0.00
603690	至纯科技	0	0	0.00	0.00	0.00	0.00	0.00	0.00/-23.26	0.00	0.00
603693	江苏新能	0	0	0.00	0.00	0.00	0.00	0.00	0.00/-23.26	0.00	0.00
603697	有友食品	0	0	0.00	0.00	0.00	0.00	0.00	0.00/-23.26	0.00	0.00
603699	纽威股份	0	0	0.00	0.00	0.00	0.00	0.00	0.00/-23.26	0.00	0.00
603700	宁水集团	0	0	0.00	0.00	0.00	0.00	0.00	0.00/-23.26	0.00	0.00
603701	德宏股份	0	0	0.00	0.00	0.00	0.00	0.00	0.00/-23.26	0.00	0.00
603703	盛洋科技	0	0	0.00	0.00	0.00	0.00	0.00	0.00/-23.26	0.00	0.00
603706	东方环宇	0	0	0.00	0.00	0.00	0.00	0.00	0.00/-23.26	0.00	0.00
603707	健友股份	0	0	0.00	0.00	0.00	0.00	0.00	0.00/-23.26	0.00	0.00
603708	家家悦	0	0	0.00	0.00	0.00	0.00	0.00	0.00/-23.26	0.00	0.00
603711	香飘飘	0	0	0.00	0.00	0.00	0.00	0.00	0.00/-23.26	0.00	0.00
603712	七一二	0	0	0.00	0.00	0.00	0.00	0.00	0.00/-23.26	0.00	0.00
603713	密尔克卫	0	0	0.00	0.00	0.00	0.00	0.00	0.00/-23.26	0.00	0.00
603716	塞力医疗	0	0	0.00	0.00	0.00	0.00	0.00	0.00/-23.26	0.00	0.00
603717	天域生物	0	0	0.00	0.00	0.00	0.00	0.00	0.00/-23.26	0.00	0.00
603718	*ST海利	0	0	0.00	0.00	0.00	0.00	0.00	0.00/-23.26	0.00	0.00
603719	良品铺子	0	0	0.00	0.00	0.00	0.00	0.00	0.00/-23.26	0.00	0.00
603721	中广天择	0	0	0.00	0.00	0.00	0.00	0.00	0.00/-23.26	0.00	0.00
603722	阿科力	0	0	0.00	0.00	0.00	0.00	0.00	0.00/-23.26	0.00	0.00
603726	朗迪集团	0	0	0.00	0.00	0.00	0.00	0.00	0.00/-23.26	0.00	0.00
603727	博迈科	0	0	0.00	0.00	0.00	0.00	0.00	0.00/-23.26	0.00	0.00
603729	ST龙韵	0	0	0.00	0.00	0.00	0.00	0.00	0.00/-23.26	0.00	0.00
603730	岱美股份	0	0	0.00	0.00	0.00	0.00	0.00	0.00/-23.26	0.00	0.00
603733	仙鹤股份	0	0	0.00	0.00	0.00	0.00	0.00	0.00/-23.26	0.00	0.00
603737	三棵树	0	0	0.00	0.00	0.00	0.00	0.00	0.00/-23.26	0.00	0.00
603738	泰晶科技	0	0	0.00	0.00	0.00	0.00	0.00	0.00/-23.26	0.00	0.00
603739	蔚蓝生物	0	0	0.00	0.00	0.00	0.00	0.00	0.00/-23.26	0.00	0.00
603758	秦安股份	0	0	0.00	0.00	0.00	0.00	0.00	0.00/-23.26	0.00	0.00
603766	隆鑫通用	0	0	0.00	0.00	0.00	0.00	0.00	0.00/-23.26	0.00	0.00
603768	常青股份	0	0	0.00	0.00	0.00	0.00	0.00	0.00/-23.26	0.00	0.00
603773	沃格光电	0	0	0.00	0.00	0.00	0.00	0.00	0.00/-23.26	0.00	0.00
603776	永安行	0	0	0.00	0.00	0.00	0.00	0.00	0.00/-23.26	0.00	0.00
603778	国晟科技	0	0	0.00	0.00	0.00	0.00	0.00	0.00/-23.26	0.00	0.00
603786	科博达	0	0	0.00	0.00	0.00	0.00	0.00	0.00/-23.26	0.00	0.00
603787	新日股份	0	0	0.00	0.00	0.00	0.00	0.00	0.00/-23.26	0.00	0.00
603788	宁波高发	0	0	0.00	0.00	0.00	0.00	0.00	0.00/-23.26	0.00	0.00
603789	ST星农	0	0	0.00	0.00	0.00	0.00	0.00	0.00/-23.26	0.00	0.00
603790	雅运股份	0	0	0.00	0.00	0.00	0.00	0.00	0.00/-23.26	0.00	0.00
603797	联泰环保	0	0	0.00	0.00	0.00	0.00	0.00	0.00/-23.26	0.00	0.00
603799	华友钴业	0	0	0.00	0.00	0.00	0.00	0.00	0.00/-23.26	0.00	0.00
603801	志邦家居	0	0	0.00	0.00	0.00	0.00	0.00	0.00/-23.26	0.00	0.00
603803	瑞斯康达	0	0	0.00	0.00	0.00	0.00	0.00	0.00/-23.26	0.00	0.00
603806	福斯特	0	0	0.00	0.00	0.00	0.00	0.00	0.00/-23.26	0.00	0.00
603810	丰山集团	0	0	0.00	0.00	0.00	0.00	0.00	0.00/-23.26	0.00	0.00
603811	诚意药业	0	0	0.00	0.00	0.00	0.00	0.00	0.00/-23.26	0.00	0.00
603816	顾家家居	0	0	0.00	0.00	0.00	0.00	0.00	0.00/-23.26	0.00	0.00
603819	神力股份	0	0	0.00	0.00	0.00	0.00	0.00	0.00/-23.26	0.00	0.00
603822	ST嘉澳	0	0	0.00	0.00	0.00	0.00	0.00	0.00/-23.26	0.00	0.00
603823	百合花	0	0	0.00	0.00	0.00	0.00	0.00	0.00/-23.26	0.00	0.00
603825	ST华扬	0	0	0.00	0.00	0.00	0.00	0.00	0.00/-23.26	0.00	0.00
603828	*ST利达	0	0	0.00	0.00	0.00	0.00	0.00	0.00/-23.26	0.00	0.00
603833	欧派家居	0	0	0.00	0.00	0.00	0.00	0.00	0.00/-23.26	0.00	0.00
603836	海程邦达	0	0	0.00	0.00	0.00	0.00	0.00	0.00/-23.26	0.00	0.00
603838	*ST四通	0	0	0.00	0.00	0.00	0.00	0.00	0.00/-23.26	0.00	0.00
603843	*ST正平	0	0	0.00	0.00	0.00	0.00	0.00	0.00/-23.26	0.00	0.00
603848	好太太	0	0	0.00	0.00	0.00	0.00	0.00	0.00/-23.26	0.00	0.00
603855	华荣股份	0	0	0.00	0.00	0.00	0.00	0.00	0.00/-23.26	0.00	0.00
603859	能科科技	0	0	0.00	0.00	0.00	0.00	0.00	0.00/-23.26	0.00	0.00
603863	松炀资源	0	0	0.00	0.00	0.00	0.00	0.00	0.00/-23.26	0.00	0.00
603866	桃李面包	0	0	0.00	0.00	0.00	0.00	0.00	0.00/-23.26	0.00	0.00
603867	新化股份	0	0	0.00	0.00	0.00	0.00	0.00	0.00/-23.26	0.00	0.00
603868	飞科电器	0	0	0.00	0.00	0.00	0.00	0.00	0.00/-23.26	0.00	0.00
603869	ST智知	0	0	0.00	0.00	0.00	0.00	0.00	0.00/-23.26	0.00	0.00
603871	嘉友国际	0	0	0.00	0.00	0.00	0.00	0.00	0.00/-23.26	0.00	0.00
603878	武进不锈	0	0	0.00	0.00	0.00	0.00	0.00	0.00/-23.26	0.00	0.00
603879	永悦科技	0	0	0.00	0.00	0.00	0.00	0.00	0.00/-23.26	0.00	0.00
603882	金域医学	0	0	0.00	0.00	0.00	0.00	0.00	0.00/-23.26	0.00	0.00
603883	老百姓	0	0	0.00	0.00	0.00	0.00	0.00	0.00/-23.26	0.00	0.00
603885	吉祥航空	0	0	0.00	0.00	0.00	0.00	0.00	0.00/-23.26	0.00	0.00
603886	元祖股份	0	0	0.00	0.00	0.00	0.00	0.00	0.00/-23.26	0.00	0.00
603888	新华网	0	0	0.00	0.00	0.00	0.00	0.00	0.00/-23.26	0.00	0.00
603889	新澳股份	0	0	0.00	0.00	0.00	0.00	0.00	0.00/-23.26	0.00	0.00
603890	春秋电子	0	0	0.00	0.00	0.00	0.00	0.00	0.00/-23.26	0.00	0.00
603893	瑞芯微	0	0	0.00	0.00	0.00	0.00	0.00	0.00/-23.26	0.00	0.00
603896	寿仙谷	0	0	0.00	0.00	0.00	0.00	0.00	0.00/-23.26	0.00	0.00
603897	长城科技	0	0	0.00	0.00	0.00	0.00	0.00	0.00/-23.26	0.00	0.00
603899	晨光股份	0	0	0.00	0.00	0.00	0.00	0.00	0.00/-23.26	0.00	0.00
603906	龙蟠科技	0	0	0.00	0.00	0.00	0.00	0.00	0.00/-23.26	0.00	0.00
603908	牧高笛	0	0	0.00	0.00	0.00	0.00	0.00	0.00/-23.26	0.00	0.00
603915	国茂股份	0	0	0.00	0.00	0.00	0.00	0.00	0.00/-23.26	0.00	0.00
603918	金桥信息	0	0	0.00	0.00	0.00	0.00	0.00	0.00/-23.26	0.00	0.00
603919	金徽酒	0	0	0.00	0.00	0.00	0.00	0.00	0.00/-23.26	0.00	0.00
603920	世运电路	0	0	0.00	0.00	0.00	0.00	0.00	0.00/-23.26	0.00	0.00
603922	ST金鸿顺	0	0	0.00	0.00	0.00	0.00	0.00	0.00/-23.26	0.00	0.00
603926	铁流股份	0	0	0.00	0.00	0.00	0.00	0.00	0.00/-23.26	0.00	0.00
603927	中科软	0	0	0.00	0.00	0.00	0.00	0.00	0.00/-23.26	0.00	0.00
603928	兴业股份	0	0	0.00	0.00	0.00	0.00	0.00	0.00/-23.26	0.00	0.00
603929	亚翔集成	0	0	0.00	0.00	0.00	0.00	0.00	0.00/-23.26	0.00	0.00
603931	格林达	0	0	0.00	0.00	0.00	0.00	0.00	0.00/-23.26	0.00	0.00
603933	睿能科技	0	0	0.00	0.00	0.00	0.00	0.00	0.00/-23.26	0.00	0.00
603936	博敏电子	0	0	0.00	0.00	0.00	0.00	0.00	0.00/-23.26	0.00	0.00
603939	XD益丰药	0	0	0.00	0.00	0.00	0.00	0.00	0.00/-23.26	0.00	0.00
603949	雪龙集团	0	0	0.00	0.00	0.00	0.00	0.00	0.00/-23.26	0.00	0.00
603950	长源东谷	0	0	0.00	0.00	0.00	0.00	0.00	0.00/-23.26	0.00	0.00
603955	大千生态	0	0	0.00	0.00	0.00	0.00	0.00	0.00/-23.26	0.00	0.00
603959	ST百利	0	0	0.00	0.00	0.00	0.00	0.00	0.00/-23.26	0.00	0.00
603960	克来机电	0	0	0.00	0.00	0.00	0.00	0.00	0.00/-23.26	0.00	0.00
603966	法兰泰克	0	0	0.00	0.00	0.00	0.00	0.00	0.00/-23.26	0.00	0.00
603967	中创物流	0	0	0.00	0.00	0.00	0.00	0.00	0.00/-23.26	0.00	0.00
603969	银龙股份	0	0	0.00	0.00	0.00	0.00	0.00	0.00/-23.26	0.00	0.00
603970	中农立华	0	0	0.00	0.00	0.00	0.00	0.00	0.00/-23.26	0.00	0.00
603976	正川股份	0	0	0.00	0.00	0.00	0.00	0.00	0.00/-23.26	0.00	0.00
603979	金诚信	0	0	0.00	0.00	0.00	0.00	0.00	0.00/-23.26	0.00	0.00
603983	丸美生物	0	0	0.00	0.00	0.00	0.00	0.00	0.00/-23.26	0.00	0.00
603985	恒润股份	0	0	0.00	0.00	0.00	0.00	0.00	0.00/-23.26	0.00	0.00
603986	兆易创新	0	0	0.00	0.00	0.00	0.00	0.00	0.00/-23.26	0.00	0.00
603989	艾华集团	0	0	0.00	0.00	0.00	0.00	0.00	0.00/-23.26	0.00	0.00
603990	麦迪科技	0	0	0.00	0.00	0.00	0.00	0.00	0.00/-23.26	0.00	0.00
603991	领先股份	0	0	0.00	0.00	0.00	0.00	0.00	0.00/-23.26	0.00	0.00
603992	松霖科技	0	0	0.00	0.00	0.00	0.00	0.00	0.00/-23.26	0.00	0.00
603993	洛阳钼业	0	0	0.00	0.00	0.00	0.00	0.00	0.00/-23.26	0.00	0.00
603995	甬金股份	0	0	0.00	0.00	0.00	0.00	0.00	0.00/-23.26	0.00	0.00
603999	XD读者传	0	0	0.00	0.00	0.00	0.00	0.00	0.00/-23.26	0.00	0.00
605001	威奥股份	0	0	0.00	0.00	0.00	0.00	0.00	0.00/-23.26	0.00	0.00
605007	五洲特纸	0	0	0.00	0.00	0.00	0.00	0.00	0.00/-23.26	0.00	0.00
605009	豪悦护理	0	0	0.00	0.00	0.00	0.00	0.00	0.00/-23.26	0.00	0.00
605011	杭州热电	0	0	0.00	0.00	0.00	0.00	0.00	0.00/-23.26	0.00	0.00
605016	百龙创园	0	0	0.00	0.00	0.00	0.00	0.00	0.00/-23.26	0.00	0.00
605018	长华集团	0	0	0.00	0.00	0.00	0.00	0.00	0.00/-23.26	0.00	0.00
605020	永和股份	0	0	0.00	0.00	0.00	0.00	0.00	0.00/-23.26	0.00	0.00
605028	世茂能源	0	0	0.00	0.00	0.00	0.00	0.00	0.00/-23.26	0.00	0.00
605033	美邦股份	0	0	0.00	0.00	0.00	0.00	0.00	0.00/-23.26	0.00	0.00
605050	福然德	0	0	0.00	0.00	0.00	0.00	0.00	0.00/-23.26	0.00	0.00
605055	迎丰股份	0	0	0.00	0.00	0.00	0.00	0.00	0.00/-23.26	0.00	0.00
605056	咸亨国际	0	0	0.00	0.00	0.00	0.00	0.00	0.00/-23.26	0.00	0.00
605066	天正电气	0	0	0.00	0.00	0.00	0.00	0.00	0.00/-23.26	0.00	0.00
605068	明新旭腾	0	0	0.00	0.00	0.00	0.00	0.00	0.00/-23.26	0.00	0.00
605077	华康股份	0	0	0.00	0.00	0.00	0.00	0.00	0.00/-23.26	0.00	0.00
605080	浙江自然	0	0	0.00	0.00	0.00	0.00	0.00	0.00/-23.26	0.00	0.00
605086	龙高股份	0	0	0.00	0.00	0.00	0.00	0.00	0.00/-23.26	0.00	0.00
605088	冠盛股份	0	0	0.00	0.00	0.00	0.00	0.00	0.00/-23.26	0.00	0.00
605089	味知香	0	0	0.00	0.00	0.00	0.00	0.00	0.00/-23.26	0.00	0.00
605090	九丰能源	0	0	0.00	0.00	0.00	0.00	0.00	0.00/-23.26	0.00	0.00
605098	行动教育	0	0	0.00	0.00	0.00	0.00	0.00	0.00/-23.26	0.00	0.00
605099	共创草坪	0	0	0.00	0.00	0.00	0.00	0.00	0.00/-23.26	0.00	0.00
605100	华丰股份	0	0	0.00	0.00	0.00	0.00	0.00	0.00/-23.26	0.00	0.00
605108	同庆楼	0	0	0.00	0.00	0.00	0.00	0.00	0.00/-23.26	0.00	0.00
605111	新洁能	0	0	0.00	0.00	0.00	0.00	0.00	0.00/-23.26	0.00	0.00
605116	奥锐特	0	0	0.00	0.00	0.00	0.00	0.00	0.00/-23.26	0.00	0.00
605117	德业股份	0	0	0.00	0.00	0.00	0.00	0.00	0.00/-23.26	0.00	0.00
605118	力鼎光电	0	0	0.00	0.00	0.00	0.00	0.00	0.00/-23.26	0.00	0.00
605122	四方新材	0	0	0.00	0.00	0.00	0.00	0.00	0.00/-23.26	0.00	0.00
605128	上海沿浦	0	0	0.00	0.00	0.00	0.00	0.00	0.00/-23.26	0.00	0.00
605133	嵘泰股份	0	0	0.00	0.00	0.00	0.00	0.00	0.00/-23.26	0.00	0.00
605138	盛泰集团	0	0	0.00	0.00	0.00	0.00	0.00	0.00/-23.26	0.00	0.00
605151	西上海	0	0	0.00	0.00	0.00	0.00	0.00	0.00/-23.26	0.00	0.00
605155	西大门	0	0	0.00	0.00	0.00	0.00	0.00	0.00/-23.26	0.00	0.00
605158	华达新材	0	0	0.00	0.00	0.00	0.00	0.00	0.00/-23.26	0.00	0.00
605166	聚合顺	0	0	0.00	0.00	0.00	0.00	0.00	0.00/-23.26	0.00	0.00
605167	利柏特	0	0	0.00	0.00	0.00	0.00	0.00	0.00/-23.26	0.00	0.00
605168	三人行	0	0	0.00	0.00	0.00	0.00	0.00	0.00/-23.26	0.00	0.00
605169	洪通燃气	0	0	0.00	0.00	0.00	0.00	0.00	0.00/-23.26	0.00	0.00
605177	东亚药业	0	0	0.00	0.00	0.00	0.00	0.00	0.00/-23.26	0.00	0.00
605178	时空科技	0	0	0.00	0.00	0.00	0.00	0.00	0.00/-23.26	0.00	0.00
605180	华生科技	0	0	0.00	0.00	0.00	0.00	0.00	0.00/-23.26	0.00	0.00
605183	XD确成股	0	0	0.00	0.00	0.00	0.00	0.00	0.00/-23.26	0.00	0.00
605186	健麾信息	0	0	0.00	0.00	0.00	0.00	0.00	0.00/-23.26	0.00	0.00
605188	国光连锁	0	0	0.00	0.00	0.00	0.00	0.00	0.00/-23.26	0.00	0.00
605196	华通线缆	0	0	0.00	0.00	0.00	0.00	0.00	0.00/-23.26	0.00	0.00
605198	安德利	0	0	0.00	0.00	0.00	0.00	0.00	0.00/-23.26	0.00	0.00
605199	ST葫芦娃	0	0	0.00	0.00	0.00	0.00	0.00	0.00/-23.26	0.00	0.00
605208	永茂泰	0	0	0.00	0.00	0.00	0.00	0.00	0.00/-23.26	0.00	0.00
605218	伟时电子	0	0	0.00	0.00	0.00	0.00	0.00	0.00/-23.26	0.00	0.00
605222	起帆电缆	0	0	0.00	0.00	0.00	0.00	0.00	0.00/-23.26	0.00	0.00
605228	神通科技	0	0	0.00	0.00	0.00	0.00	0.00	0.00/-23.26	0.00	0.00
605255	天普股份	0	0	0.00	0.00	0.00	0.00	0.00	0.00/-23.26	0.00	0.00
605258	协和电子	0	0	0.00	0.00	0.00	0.00	0.00	0.00/-23.26	0.00	0.00
605266	健之佳	0	0	0.00	0.00	0.00	0.00	0.00	0.00/-23.26	0.00	0.00
605268	王力安防	0	0	0.00	0.00	0.00	0.00	0.00	0.00/-23.26	0.00	0.00
605277	新亚电子	0	0	0.00	0.00	0.00	0.00	0.00	0.00/-23.26	0.00	0.00
605286	同力天启	0	0	0.00	0.00	0.00	0.00	0.00	0.00/-23.26	0.00	0.00
605287	德才股份	0	0	0.00	0.00	0.00	0.00	0.00	0.00/-23.26	0.00	0.00
605288	凯迪股份	0	0	0.00	0.00	0.00	0.00	0.00	0.00/-23.26	0.00	0.00
605289	罗曼股份	0	0	0.00	0.00	0.00	0.00	0.00	0.00/-23.26	0.00	0.00
605296	神农集团	0	0	0.00	0.00	0.00	0.00	0.00	0.00/-23.26	0.00	0.00
605298	必得科技	0	0	0.00	0.00	0.00	0.00	0.00	0.00/-23.26	0.00	0.00
605299	舒华体育	0	0	0.00	0.00	0.00	0.00	0.00	0.00/-23.26	0.00	0.00
605305	中际联合	0	0	0.00	0.00	0.00	0.00	0.00	0.00/-23.26	0.00	0.00
605318	法狮龙	0	0	0.00	0.00	0.00	0.00	0.00	0.00/-23.26	0.00	0.00
605319	XD无锡振	0	0	0.00	0.00	0.00	0.00	0.00	0.00/-23.26	0.00	0.00
605333	沪光股份	0	0	0.00	0.00	0.00	0.00	0.00	0.00/-23.26	0.00	0.00
605336	*ST帅电	0	0	0.00	0.00	0.00	0.00	0.00	0.00/-23.26	0.00	0.00
605337	李子园	0	0	0.00	0.00	0.00	0.00	0.00	0.00/-23.26	0.00	0.00
605339	南侨食品	0	0	0.00	0.00	0.00	0.00	0.00	0.00/-23.26	0.00	0.00
605358	立昂微	0	0	0.00	0.00	0.00	0.00	0.00	0.00/-23.26	0.00	0.00
605366	宏柏新材	0	0	0.00	0.00	0.00	0.00	0.00	0.00/-23.26	0.00	0.00
605368	蓝天燃气	0	0	0.00	0.00	0.00	0.00	0.00	0.00/-23.26	0.00	0.00
605369	拱东医疗	0	0	0.00	0.00	0.00	0.00	0.00	0.00/-23.26	0.00	0.00
605376	博迁新材	0	0	0.00	0.00	0.00	0.00	0.00	0.00/-23.26	0.00	0.00
605377	华旺科技	0	0	0.00	0.00	0.00	0.00	0.00	0.00/-23.26	0.00	0.00
605378	野马电池	0	0	0.00	0.00	0.00	0.00	0.00	0.00/-23.26	0.00	0.00
605388	均瑶健康	0	0	0.00	0.00	0.00	0.00	0.00	0.00/-23.26	0.00	0.00
605398	新炬网络	0	0	0.00	0.00	0.00	0.00	0.00	0.00/-23.26	0.00	0.00
605399	晨光新材	0	0	0.00	0.00	0.00	0.00	0.00	0.00/-23.26	0.00	0.00
605488	福莱新材	0	0	0.00	0.00	0.00	0.00	0.00	0.00/-23.26	0.00	0.00
605499	东鹏饮料	0	0	0.00	0.00	0.00	0.00	0.00	0.00/-23.26	0.00	0.00
605500	森林包装	0	0	0.00	0.00	0.00	0.00	0.00	0.00/-23.26	0.00	0.00
605507	国邦医药	0	0	0.00	0.00	0.00	0.00	0.00	0.00/-23.26	0.00	0.00
605555	德昌股份	0	0	0.00	0.00	0.00	0.00	0.00	0.00/-23.26	0.00	0.00
605566	福莱蒽特	0	0	0.00	0.00	0.00	0.00	0.00	0.00/-23.26	0.00	0.00
605577	龙版传媒	0	0	0.00	0.00	0.00	0.00	0.00	0.00/-23.26	0.00	0.00
605588	冠石科技	0	0	0.00	0.00	0.00	0.00	0.00	0.00/-23.26	0.00	0.00
605598	上海港湾	0	0	0.00	0.00	0.00	0.00	0.00	0.00/-23.26	0.00	0.00
605599	菜百股份	0	0	0.00	0.00	0.00	0.00	0.00	0.00/-23.26	0.00	0.00
688001	华兴源创	0	0	0.00	0.00	0.00	0.00	0.00	0.00/-23.26	0.00	0.00
688002	睿创微纳	0	0	0.00	0.00	0.00	0.00	0.00	0.00/-23.26	0.00	0.00
688004	博汇科技	0	0	0.00	0.00	0.00	0.00	0.00	0.00/-23.26	0.00	0.00
688005	容百科技	0	0	0.00	0.00	0.00	0.00	0.00	0.00/-23.26	0.00	0.00
688007	光峰科技	0	0	0.00	0.00	0.00	0.00	0.00	0.00/-23.26	0.00	0.00
688008	澜起科技	0	0	0.00	0.00	0.00	0.00	0.00	0.00/-23.26	0.00	0.00
688009	中国通号	0	0	0.00	0.00	0.00	0.00	0.00	0.00/-23.26	0.00	0.00
688010	福光股份	0	0	0.00	0.00	0.00	0.00	0.00	0.00/-23.26	0.00	0.00
688011	新光光电	0	0	0.00	0.00	0.00	0.00	0.00	0.00/-23.26	0.00	0.00
688012	中微公司	0	0	0.00	0.00	0.00	0.00	0.00	0.00/-23.26	0.00	0.00
688015	交控科技	0	0	0.00	0.00	0.00	0.00	0.00	0.00/-23.26	0.00	0.00
688016	心脉医疗	0	0	0.00	0.00	0.00	0.00	0.00	0.00/-23.26	0.00	0.00
688017	绿的谐波	0	0	0.00	0.00	0.00	0.00	0.00	0.00/-23.26	0.00	0.00
688018	乐鑫科技	0	0	0.00	0.00	0.00	0.00	0.00	0.00/-23.26	0.00	0.00
688019	安集科技	0	0	0.00	0.00	0.00	0.00	0.00	0.00/-23.26	0.00	0.00
688020	方邦股份	0	0	0.00	0.00	0.00	0.00	0.00	0.00/-23.26	0.00	0.00
688021	奥福科技	0	0	0.00	0.00	0.00	0.00	0.00	0.00/-23.26	0.00	0.00
688022	ST瀚川	0	0	0.00	0.00	0.00	0.00	0.00	0.00/-23.26	0.00	0.00
688023	安恒信息	0	0	0.00	0.00	0.00	0.00	0.00	0.00/-23.26	0.00	0.00
688025	杰普特	0	0	0.00	0.00	0.00	0.00	0.00	0.00/-23.26	0.00	0.00
688026	洁特生物	0	0	0.00	0.00	0.00	0.00	0.00	0.00/-23.26	0.00	0.00
688027	国盾量子	0	0	0.00	0.00	0.00	0.00	0.00	0.00/-23.26	0.00	0.00
688028	沃尔德	0	0	0.00	0.00	0.00	0.00	0.00	0.00/-23.26	0.00	0.00
688029	南微医学	0	0	0.00	0.00	0.00	0.00	0.00	0.00/-23.26	0.00	0.00
688030	山石网科	0	0	0.00	0.00	0.00	0.00	0.00	0.00/-23.26	0.00	0.00
688031	星环科技-U	0	0	0.00	0.00	0.00	0.00	0.00	0.00/-23.26	0.00	0.00
688032	禾迈股份	0	0	0.00	0.00	0.00	0.00	0.00	0.00/-23.26	0.00	0.00
688033	*ST天宜	0	0	0.00	0.00	0.00	0.00	0.00	0.00/-23.26	0.00	0.00
688036	传音控股	0	0	0.00	0.00	0.00	0.00	0.00	0.00/-23.26	0.00	0.00
688037	芯源微	0	0	0.00	0.00	0.00	0.00	0.00	0.00/-23.26	0.00	0.00
688038	中科通达	0	0	0.00	0.00	0.00	0.00	0.00	0.00/-23.26	0.00	0.00
688039	当虹科技	0	0	0.00	0.00	0.00	0.00	0.00	0.00/-23.26	0.00	0.00
688041	海光信息	0	0	0.00	0.00	0.00	0.00	0.00	0.00/-23.26	0.00	0.00
688045	必易微	0	0	0.00	0.00	0.00	0.00	0.00	0.00/-23.26	0.00	0.00
688046	药康生物	0	0	0.00	0.00	0.00	0.00	0.00	0.00/-23.26	0.00	0.00
688047	龙芯中科	0	0	0.00	0.00	0.00	0.00	0.00	0.00/-23.26	0.00	0.00
688048	长光华芯	0	0	0.00	0.00	0.00	0.00	0.00	0.00/-23.26	0.00	0.00
688049	炬芯科技	0	0	0.00	0.00	0.00	0.00	0.00	0.00/-23.26	0.00	0.00
688050	爱博医疗	0	0	0.00	0.00	0.00	0.00	0.00	0.00/-23.26	0.00	0.00
688051	佳华科技	0	0	0.00	0.00	0.00	0.00	0.00	0.00/-23.26	0.00	0.00
688052	纳芯微	0	0	0.00	0.00	0.00	0.00	0.00	0.00/-23.26	0.00	0.00
688053	ST思科瑞	0	0	0.00	0.00	0.00	0.00	0.00	0.00/-23.26	0.00	0.00
688055	龙腾光电	0	0	0.00	0.00	0.00	0.00	0.00	0.00/-23.26	0.00	0.00
688056	莱伯泰科	0	0	0.00	0.00	0.00	0.00	0.00	0.00/-23.26	0.00	0.00
688058	宝兰德	0	0	0.00	0.00	0.00	0.00	0.00	0.00/-23.26	0.00	0.00
688059	华锐精密	0	0	0.00	0.00	0.00	0.00	0.00	0.00/-23.26	0.00	0.00
688060	云涌科技	0	0	0.00	0.00	0.00	0.00	0.00	0.00/-23.26	0.00	0.00
688061	灿瑞科技	0	0	0.00	0.00	0.00	0.00	0.00	0.00/-23.26	0.00	0.00
688062	迈威生物-U	0	0	0.00	0.00	0.00	0.00	0.00	0.00/-23.26	0.00	0.00
688063	派能科技	0	0	0.00	0.00	0.00	0.00	0.00	0.00/-23.26	0.00	0.00
688065	凯赛生物	0	0	0.00	0.00	0.00	0.00	0.00	0.00/-23.26	0.00	0.00
688066	*ST航图	0	0	0.00	0.00	0.00	0.00	0.00	0.00/-23.26	0.00	0.00
688067	爱威科技	0	0	0.00	0.00	0.00	0.00	0.00	0.00/-23.26	0.00	0.00
688068	热景生物	0	0	0.00	0.00	0.00	0.00	0.00	0.00/-23.26	0.00	0.00
688070	纵横股份	0	0	0.00	0.00	0.00	0.00	0.00	0.00/-23.26	0.00	0.00
688071	华依科技	0	0	0.00	0.00	0.00	0.00	0.00	0.00/-23.26	0.00	0.00
688072	拓荆科技	0	0	0.00	0.00	0.00	0.00	0.00	0.00/-23.26	0.00	0.00
688075	安旭生物	0	0	0.00	0.00	0.00	0.00	0.00	0.00/-23.26	0.00	0.00
688076	ST诺泰	0	0	0.00	0.00	0.00	0.00	0.00	0.00/-23.26	0.00	0.00
688078	龙软科技	0	0	0.00	0.00	0.00	0.00	0.00	0.00/-23.26	0.00	0.00
688079	美迪凯	0	0	0.00	0.00	0.00	0.00	0.00	0.00/-23.26	0.00	0.00
688080	映翰通	0	0	0.00	0.00	0.00	0.00	0.00	0.00/-23.26	0.00	0.00
688081	兴图新科	0	0	0.00	0.00	0.00	0.00	0.00	0.00/-23.26	0.00	0.00
688082	盛美上海	0	0	0.00	0.00	0.00	0.00	0.00	0.00/-23.26	0.00	0.00
688083	中望软件	0	0	0.00	0.00	0.00	0.00	0.00	0.00/-23.26	0.00	0.00
688084	晶品特装	0	0	0.00	0.00	0.00	0.00	0.00	0.00/-23.26	0.00	0.00
688085	三友医疗	0	0	0.00	0.00	0.00	0.00	0.00	0.00/-23.26	0.00	0.00
688087	英科再生	0	0	0.00	0.00	0.00	0.00	0.00	0.00/-23.26	0.00	0.00
688088	虹软科技	0	0	0.00	0.00	0.00	0.00	0.00	0.00/-23.26	0.00	0.00
688089	ST嘉必优	0	0	0.00	0.00	0.00	0.00	0.00	0.00/-23.26	0.00	0.00
688090	瑞松科技	0	0	0.00	0.00	0.00	0.00	0.00	0.00/-23.26	0.00	0.00
688091	上海谊众	0	0	0.00	0.00	0.00	0.00	0.00	0.00/-23.26	0.00	0.00
688092	爱科科技	0	0	0.00	0.00	0.00	0.00	0.00	0.00/-23.26	0.00	0.00
688093	世华科技	0	0	0.00	0.00	0.00	0.00	0.00	0.00/-23.26	0.00	0.00
688095	福昕软件	0	0	0.00	0.00	0.00	0.00	0.00	0.00/-23.26	0.00	0.00
688096	京源环保	0	0	0.00	0.00	0.00	0.00	0.00	0.00/-23.26	0.00	0.00
688097	博众精工	0	0	0.00	0.00	0.00	0.00	0.00	0.00/-23.26	0.00	0.00
688099	晶晨股份	0	0	0.00	0.00	0.00	0.00	0.00	0.00/-23.26	0.00	0.00
688102	斯瑞新材	0	0	0.00	0.00	0.00	0.00	0.00	0.00/-23.26	0.00	0.00
688105	诺唯赞	0	0	0.00	0.00	0.00	0.00	0.00	0.00/-23.26	0.00	0.00
688106	金宏气体	0	0	0.00	0.00	0.00	0.00	0.00	0.00/-23.26	0.00	0.00
688107	安路科技	0	0	0.00	0.00	0.00	0.00	0.00	0.00/-23.26	0.00	0.00
688108	赛诺医疗	0	0	0.00	0.00	0.00	0.00	0.00	0.00/-23.26	0.00	0.00
688109	品茗科技	0	0	0.00	0.00	0.00	0.00	0.00	0.00/-23.26	0.00	0.00
688110	东芯股份	0	0	0.00	0.00	0.00	0.00	0.00	0.00/-23.26	0.00	0.00
688111	金山办公	0	0	0.00	0.00	0.00	0.00	0.00	0.00/-23.26	0.00	0.00
688113	联测科技	0	0	0.00	0.00	0.00	0.00	0.00	0.00/-23.26	0.00	0.00
688114	华大智造	0	0	0.00	0.00	0.00	0.00	0.00	0.00/-23.26	0.00	0.00
688115	思林杰	0	0	0.00	0.00	0.00	0.00	0.00	0.00/-23.26	0.00	0.00
688116	天奈科技	0	0	0.00	0.00	0.00	0.00	0.00	0.00/-23.26	0.00	0.00
688117	圣诺生物	0	0	0.00	0.00	0.00	0.00	0.00	0.00/-23.26	0.00	0.00
688119	中钢洛耐	0	0	0.00	0.00	0.00	0.00	0.00	0.00/-23.26	0.00	0.00
688120	华海清科	0	0	0.00	0.00	0.00	0.00	0.00	0.00/-23.26	0.00	0.00
688121	*ST卓然	0	0	0.00	0.00	0.00	0.00	0.00	0.00/-23.26	0.00	0.00
688122	西部超导	0	0	0.00	0.00	0.00	0.00	0.00	0.00/-23.26	0.00	0.00
688123	聚辰股份	0	0	0.00	0.00	0.00	0.00	0.00	0.00/-23.26	0.00	0.00
688125	安达智能	0	0	0.00	0.00	0.00	0.00	0.00	0.00/-23.26	0.00	0.00
688126	沪硅产业	0	0	0.00	0.00	0.00	0.00	0.00	0.00/-23.26	0.00	0.00
688127	蓝特光学	0	0	0.00	0.00	0.00	0.00	0.00	0.00/-23.26	0.00	0.00
688128	中国电研	0	0	0.00	0.00	0.00	0.00	0.00	0.00/-23.26	0.00	0.00
688129	东来技术	0	0	0.00	0.00	0.00	0.00	0.00	0.00/-23.26	0.00	0.00
688130	晶华微	0	0	0.00	0.00	0.00	0.00	0.00	0.00/-23.26	0.00	0.00
688131	皓元医药	0	0	0.00	0.00	0.00	0.00	0.00	0.00/-23.26	0.00	0.00
688132	邦彦技术	0	0	0.00	0.00	0.00	0.00	0.00	0.00/-23.26	0.00	0.00
688133	泰坦科技	0	0	0.00	0.00	0.00	0.00	0.00	0.00/-23.26	0.00	0.00
688135	利扬芯片	0	0	0.00	0.00	0.00	0.00	0.00	0.00/-23.26	0.00	0.00
688136	科兴制药	0	0	0.00	0.00	0.00	0.00	0.00	0.00/-23.26	0.00	0.00
688138	清溢光电	0	0	0.00	0.00	0.00	0.00	0.00	0.00/-23.26	0.00	0.00
688139	海尔生物	0	0	0.00	0.00	0.00	0.00	0.00	0.00/-23.26	0.00	0.00
688141	杰华特	0	0	0.00	0.00	0.00	0.00	0.00	0.00/-23.26	0.00	0.00
688143	长盈通	0	0	0.00	0.00	0.00	0.00	0.00	0.00/-23.26	0.00	0.00
688146	中船特气	0	0	0.00	0.00	0.00	0.00	0.00	0.00/-23.26	0.00	0.00
688147	微导纳米	0	0	0.00	0.00	0.00	0.00	0.00	0.00/-23.26	0.00	0.00
688148	芳源股份	0	0	0.00	0.00	0.00	0.00	0.00	0.00/-23.26	0.00	0.00
688150	莱特光电	0	0	0.00	0.00	0.00	0.00	0.00	0.00/-23.26	0.00	0.00
688151	华强科技	0	0	0.00	0.00	0.00	0.00	0.00	0.00/-23.26	0.00	0.00
688152	麒麟信安	0	0	0.00	0.00	0.00	0.00	0.00	0.00/-23.26	0.00	0.00
688153	唯捷创芯	0	0	0.00	0.00	0.00	0.00	0.00	0.00/-23.26	0.00	0.00
688155	先惠技术	0	0	0.00	0.00	0.00	0.00	0.00	0.00/-23.26	0.00	0.00
688156	路德科技	0	0	0.00	0.00	0.00	0.00	0.00	0.00/-23.26	0.00	0.00
688157	松井股份	0	0	0.00	0.00	0.00	0.00	0.00	0.00/-23.26	0.00	0.00
688158	优刻得-W	0	0	0.00	0.00	0.00	0.00	0.00	0.00/-23.26	0.00	0.00
688159	有方科技	0	0	0.00	0.00	0.00	0.00	0.00	0.00/-23.26	0.00	0.00
688160	步科股份	0	0	0.00	0.00	0.00	0.00	0.00	0.00/-23.26	0.00	0.00
688161	威高骨科	0	0	0.00	0.00	0.00	0.00	0.00	0.00/-23.26	0.00	0.00
688162	巨一科技	0	0	0.00	0.00	0.00	0.00	0.00	0.00/-23.26	0.00	0.00
688163	赛伦生物	0	0	0.00	0.00	0.00	0.00	0.00	0.00/-23.26	0.00	0.00
688165	埃夫特-U	0	0	0.00	0.00	0.00	0.00	0.00	0.00/-23.26	0.00	0.00
688166	博瑞医药	0	0	0.00	0.00	0.00	0.00	0.00	0.00/-23.26	0.00	0.00
688167	炬光科技	0	0	0.00	0.00	0.00	0.00	0.00	0.00/-23.26	0.00	0.00
688168	安博通	0	0	0.00	0.00	0.00	0.00	0.00	0.00/-23.26	0.00	0.00
688169	石头科技	0	0	0.00	0.00	0.00	0.00	0.00	0.00/-23.26	0.00	0.00
688170	德龙激光	0	0	0.00	0.00	0.00	0.00	0.00	0.00/-23.26	0.00	0.00
688171	纬德信息	0	0	0.00	0.00	0.00	0.00	0.00	0.00/-23.26	0.00	0.00
688172	燕东微	0	0	0.00	0.00	0.00	0.00	0.00	0.00/-23.26	0.00	0.00
688173	希荻微	0	0	0.00	0.00	0.00	0.00	0.00	0.00/-23.26	0.00	0.00
688175	高凌信息	0	0	0.00	0.00	0.00	0.00	0.00	0.00/-23.26	0.00	0.00
688176	亚虹医药-U	0	0	0.00	0.00	0.00	0.00	0.00	0.00/-23.26	0.00	0.00
688177	百奥泰	0	0	0.00	0.00	0.00	0.00	0.00	0.00/-23.26	0.00	0.00
688178	万德斯	0	0	0.00	0.00	0.00	0.00	0.00	0.00/-23.26	0.00	0.00
688179	阿拉丁	0	0	0.00	0.00	0.00	0.00	0.00	0.00/-23.26	0.00	0.00
688180	君实生物-U	0	0	0.00	0.00	0.00	0.00	0.00	0.00/-23.26	0.00	0.00
688182	灿勤科技	0	0	0.00	0.00	0.00	0.00	0.00	0.00/-23.26	0.00	0.00
688183	生益电子	0	0	0.00	0.00	0.00	0.00	0.00	0.00/-23.26	0.00	0.00
688184	ST帕瓦	0	0	0.00	0.00	0.00	0.00	0.00	0.00/-23.26	0.00	0.00
688185	康希诺	0	0	0.00	0.00	0.00	0.00	0.00	0.00/-23.26	0.00	0.00
688186	广大特材	0	0	0.00	0.00	0.00	0.00	0.00	0.00/-23.26	0.00	0.00
688187	时代电气	0	0	0.00	0.00	0.00	0.00	0.00	0.00/-23.26	0.00	0.00
688188	柏楚电子	0	0	0.00	0.00	0.00	0.00	0.00	0.00/-23.26	0.00	0.00
688189	ST南新	0	0	0.00	0.00	0.00	0.00	0.00	0.00/-23.26	0.00	0.00
688190	云路股份	0	0	0.00	0.00	0.00	0.00	0.00	0.00/-23.26	0.00	0.00
688191	智洋创新	0	0	0.00	0.00	0.00	0.00	0.00	0.00/-23.26	0.00	0.00
688192	迪哲医药-U	0	0	0.00	0.00	0.00	0.00	0.00	0.00/-23.26	0.00	0.00
688196	卓越新能	0	0	0.00	0.00	0.00	0.00	0.00	0.00/-23.26	0.00	0.00
688197	首药控股-U	0	0	0.00	0.00	0.00	0.00	0.00	0.00/-23.26	0.00	0.00
688198	佰仁医疗	0	0	0.00	0.00	0.00	0.00	0.00	0.00/-23.26	0.00	0.00
688200	华峰测控	0	0	0.00	0.00	0.00	0.00	0.00	0.00/-23.26	0.00	0.00
688201	ST信安	0	0	0.00	0.00	0.00	0.00	0.00	0.00/-23.26	0.00	0.00
688202	美迪西	0	0	0.00	0.00	0.00	0.00	0.00	0.00/-23.26	0.00	0.00
688205	德科立	0	0	0.00	0.00	0.00	0.00	0.00	0.00/-23.26	0.00	0.00
688206	概伦电子	0	0	0.00	0.00	0.00	0.00	0.00	0.00/-23.26	0.00	0.00
688207	格灵深瞳	0	0	0.00	0.00	0.00	0.00	0.00	0.00/-23.26	0.00	0.00
688208	XD道通科	0	0	0.00	0.00	0.00	0.00	0.00	0.00/-23.26	0.00	0.00
688209	英集芯	0	0	0.00	0.00	0.00	0.00	0.00	0.00/-23.26	0.00	0.00
688212	澳华内镜	0	0	0.00	0.00	0.00	0.00	0.00	0.00/-23.26	0.00	0.00
688213	思特威-W	0	0	0.00	0.00	0.00	0.00	0.00	0.00/-23.26	0.00	0.00
688216	气派科技	0	0	0.00	0.00	0.00	0.00	0.00	0.00/-23.26	0.00	0.00
688217	睿昂基因	0	0	0.00	0.00	0.00	0.00	0.00	0.00/-23.26	0.00	0.00
688219	会通股份	0	0	0.00	0.00	0.00	0.00	0.00	0.00/-23.26	0.00	0.00
688220	翱捷科技-U	0	0	0.00	0.00	0.00	0.00	0.00	0.00/-23.26	0.00	0.00
688221	前沿生物-U	0	0	0.00	0.00	0.00	0.00	0.00	0.00/-23.26	0.00	0.00
688222	成都先导	0	0	0.00	0.00	0.00	0.00	0.00	0.00/-23.26	0.00	0.00
688223	晶科能源	0	0	0.00	0.00	0.00	0.00	0.00	0.00/-23.26	0.00	0.00
688225	亚信安全	0	0	0.00	0.00	0.00	0.00	0.00	0.00/-23.26	0.00	0.00
688226	威腾电气	0	0	0.00	0.00	0.00	0.00	0.00	0.00/-23.26	0.00	0.00
688227	品高股份	0	0	0.00	0.00	0.00	0.00	0.00	0.00/-23.26	0.00	0.00
688228	开普云	0	0	0.00	0.00	0.00	0.00	0.00	0.00/-23.26	0.00	0.00
688229	博睿数据	0	0	0.00	0.00	0.00	0.00	0.00	0.00/-23.26	0.00	0.00
688230	芯导科技	0	0	0.00	0.00	0.00	0.00	0.00	0.00/-23.26	0.00	0.00
688231	隆达股份	0	0	0.00	0.00	0.00	0.00	0.00	0.00/-23.26	0.00	0.00
688232	新点软件	0	0	0.00	0.00	0.00	0.00	0.00	0.00/-23.26	0.00	0.00
688233	神工股份	0	0	0.00	0.00	0.00	0.00	0.00	0.00/-23.26	0.00	0.00
688234	天岳先进	0	0	0.00	0.00	0.00	0.00	0.00	0.00/-23.26	0.00	0.00
688235	百济神州	0	0	0.00	0.00	0.00	0.00	0.00	0.00/-23.26	0.00	0.00
688236	春立医疗	0	0	0.00	0.00	0.00	0.00	0.00	0.00/-23.26	0.00	0.00
688237	超卓航科	0	0	0.00	0.00	0.00	0.00	0.00	0.00/-23.26	0.00	0.00
688239	航宇科技	0	0	0.00	0.00	0.00	0.00	0.00	0.00/-23.26	0.00	0.00
688244	永信至诚	0	0	0.00	0.00	0.00	0.00	0.00	0.00/-23.26	0.00	0.00
688246	嘉和美康	0	0	0.00	0.00	0.00	0.00	0.00	0.00/-23.26	0.00	0.00
688248	南网科技	0	0	0.00	0.00	0.00	0.00	0.00	0.00/-23.26	0.00	0.00
688249	晶合集成	0	0	0.00	0.00	0.00	0.00	0.00	0.00/-23.26	0.00	0.00
688251	井松智能	0	0	0.00	0.00	0.00	0.00	0.00	0.00/-23.26	0.00	0.00
688252	天德钰	0	0	0.00	0.00	0.00	0.00	0.00	0.00/-23.26	0.00	0.00
688253	英诺特	0	0	0.00	0.00	0.00	0.00	0.00	0.00/-23.26	0.00	0.00
688255	凯尔达	0	0	0.00	0.00	0.00	0.00	0.00	0.00/-23.26	0.00	0.00
688256	寒武纪	0	0	0.00	0.00	0.00	0.00	0.00	0.00/-23.26	0.00	0.00
688257	新锐股份	0	0	0.00	0.00	0.00	0.00	0.00	0.00/-23.26	0.00	0.00
688258	卓易信息	0	0	0.00	0.00	0.00	0.00	0.00	0.00/-23.26	0.00	0.00
688259	创耀科技	0	0	0.00	0.00	0.00	0.00	0.00	0.00/-23.26	0.00	0.00
688260	昀冢科技	0	0	0.00	0.00	0.00	0.00	0.00	0.00/-23.26	0.00	0.00
688261	东微半导	0	0	0.00	0.00	0.00	0.00	0.00	0.00/-23.26	0.00	0.00
688262	国芯科技	0	0	0.00	0.00	0.00	0.00	0.00	0.00/-23.26	0.00	0.00
688265	南模生物	0	0	0.00	0.00	0.00	0.00	0.00	0.00/-23.26	0.00	0.00
688267	中触媒	0	0	0.00	0.00	0.00	0.00	0.00	0.00/-23.26	0.00	0.00
688268	华特气体	0	0	0.00	0.00	0.00	0.00	0.00	0.00/-23.26	0.00	0.00
688269	凯立新材	0	0	0.00	0.00	0.00	0.00	0.00	0.00/-23.26	0.00	0.00
688270	ST臻镭	0	0	0.00	0.00	0.00	0.00	0.00	0.00/-23.26	0.00	0.00
688271	联影医疗	0	0	0.00	0.00	0.00	0.00	0.00	0.00/-23.26	0.00	0.00
688272	富吉瑞	0	0	0.00	0.00	0.00	0.00	0.00	0.00/-23.26	0.00	0.00
688273	麦澜德	0	0	0.00	0.00	0.00	0.00	0.00	0.00/-23.26	0.00	0.00
688275	万润新能	0	0	0.00	0.00	0.00	0.00	0.00	0.00/-23.26	0.00	0.00
688276	百克生物	0	0	0.00	0.00	0.00	0.00	0.00	0.00/-23.26	0.00	0.00
688279	峰岹科技	0	0	0.00	0.00	0.00	0.00	0.00	0.00/-23.26	0.00	0.00
688281	华秦科技	0	0	0.00	0.00	0.00	0.00	0.00	0.00/-23.26	0.00	0.00
688282	理工导航	0	0	0.00	0.00	0.00	0.00	0.00	0.00/-23.26	0.00	0.00
688283	坤恒顺维	0	0	0.00	0.00	0.00	0.00	0.00	0.00/-23.26	0.00	0.00
688288	鸿泉技术	0	0	0.00	0.00	0.00	0.00	0.00	0.00/-23.26	0.00	0.00
688289	圣湘生物	0	0	0.00	0.00	0.00	0.00	0.00	0.00/-23.26	0.00	0.00
688290	景业智能	0	0	0.00	0.00	0.00	0.00	0.00	0.00/-23.26	0.00	0.00
688291	金橙子	0	0	0.00	0.00	0.00	0.00	0.00	0.00/-23.26	0.00	0.00
688292	浩瀚深度	0	0	0.00	0.00	0.00	0.00	0.00	0.00/-23.26	0.00	0.00
688293	奥浦迈	0	0	0.00	0.00	0.00	0.00	0.00	0.00/-23.26	0.00	0.00
688295	中复神鹰	0	0	0.00	0.00	0.00	0.00	0.00	0.00/-23.26	0.00	0.00
688296	和达科技	0	0	0.00	0.00	0.00	0.00	0.00	0.00/-23.26	0.00	0.00
688297	中无人机	0	0	0.00	0.00	0.00	0.00	0.00	0.00/-23.26	0.00	0.00
688298	东方生物	0	0	0.00	0.00	0.00	0.00	0.00	0.00/-23.26	0.00	0.00
688300	联瑞新材	0	0	0.00	0.00	0.00	0.00	0.00	0.00/-23.26	0.00	0.00
688301	奕瑞科技	0	0	0.00	0.00	0.00	0.00	0.00	0.00/-23.26	0.00	0.00
688302	海创药业-U	0	0	0.00	0.00	0.00	0.00	0.00	0.00/-23.26	0.00	0.00
688306	均普智能	0	0	0.00	0.00	0.00	0.00	0.00	0.00/-23.26	0.00	0.00
688307	中润光学	0	0	0.00	0.00	0.00	0.00	0.00	0.00/-23.26	0.00	0.00
688308	欧科亿	0	0	0.00	0.00	0.00	0.00	0.00	0.00/-23.26	0.00	0.00
688309	恒誉科技	0	0	0.00	0.00	0.00	0.00	0.00	0.00/-23.26	0.00	0.00
688310	迈得医疗	0	0	0.00	0.00	0.00	0.00	0.00	0.00/-23.26	0.00	0.00
688311	盟升电子	0	0	0.00	0.00	0.00	0.00	0.00	0.00/-23.26	0.00	0.00
688312	燕麦科技	0	0	0.00	0.00	0.00	0.00	0.00	0.00/-23.26	0.00	0.00
688313	仕佳光子	0	0	0.00	0.00	0.00	0.00	0.00	0.00/-23.26	0.00	0.00
688314	康拓医疗	0	0	0.00	0.00	0.00	0.00	0.00	0.00/-23.26	0.00	0.00
688315	诺禾致源	0	0	0.00	0.00	0.00	0.00	0.00	0.00/-23.26	0.00	0.00
688316	青云科技-U	0	0	0.00	0.00	0.00	0.00	0.00	0.00/-23.26	0.00	0.00
688317	之江生物	0	0	0.00	0.00	0.00	0.00	0.00	0.00/-23.26	0.00	0.00
688318	财富趋势	0	0	0.00	0.00	0.00	0.00	0.00	0.00/-23.26	0.00	0.00
688319	欧林生物	0	0	0.00	0.00	0.00	0.00	0.00	0.00/-23.26	0.00	0.00
688320	禾川科技	0	0	0.00	0.00	0.00	0.00	0.00	0.00/-23.26	0.00	0.00
688321	微芯生物	0	0	0.00	0.00	0.00	0.00	0.00	0.00/-23.26	0.00	0.00
688322	奥比中光-W	0	0	0.00	0.00	0.00	0.00	0.00	0.00/-23.26	0.00	0.00
688325	赛微微电	0	0	0.00	0.00	0.00	0.00	0.00	0.00/-23.26	0.00	0.00
688326	经纬恒润-W	0	0	0.00	0.00	0.00	0.00	0.00	0.00/-23.26	0.00	0.00
688327	云从科技-UW	0	0	0.00	0.00	0.00	0.00	0.00	0.00/-23.26	0.00	0.00
688329	艾隆科技	0	0	0.00	0.00	0.00	0.00	0.00	0.00/-23.26	0.00	0.00
688330	宏力达	0	0	0.00	0.00	0.00	0.00	0.00	0.00/-23.26	0.00	0.00
688331	荣昌生物	0	0	0.00	0.00	0.00	0.00	0.00	0.00/-23.26	0.00	0.00
688332	中科蓝讯	0	0	0.00	0.00	0.00	0.00	0.00	0.00/-23.26	0.00	0.00
688333	铂力特	0	0	0.00	0.00	0.00	0.00	0.00	0.00/-23.26	0.00	0.00
688334	西高院	0	0	0.00	0.00	0.00	0.00	0.00	0.00/-23.26	0.00	0.00
688335	复洁科技	0	0	0.00	0.00	0.00	0.00	0.00	0.00/-23.26	0.00	0.00
688336	三生国健	0	0	0.00	0.00	0.00	0.00	0.00	0.00/-23.26	0.00	0.00
688337	普源精电	0	0	0.00	0.00	0.00	0.00	0.00	0.00/-23.26	0.00	0.00
688338	赛科希德	0	0	0.00	0.00	0.00	0.00	0.00	0.00/-23.26	0.00	0.00
688343	云天励飞-U	0	0	0.00	0.00	0.00	0.00	0.00	0.00/-23.26	0.00	0.00
688345	博力威	0	0	0.00	0.00	0.00	0.00	0.00	0.00/-23.26	0.00	0.00
688347	华虹宏力	0	0	0.00	0.00	0.00	0.00	0.00	0.00/-23.26	0.00	0.00
688348	昱能科技	0	0	0.00	0.00	0.00	0.00	0.00	0.00/-23.26	0.00	0.00
688349	三一重能	0	0	0.00	0.00	0.00	0.00	0.00	0.00/-23.26	0.00	0.00
688350	富淼科技	0	0	0.00	0.00	0.00	0.00	0.00	0.00/-23.26	0.00	0.00
688351	微电生理	0	0	0.00	0.00	0.00	0.00	0.00	0.00/-23.26	0.00	0.00
688352	颀中科技	0	0	0.00	0.00	0.00	0.00	0.00	0.00/-23.26	0.00	0.00
688353	华盛锂电	0	0	0.00	0.00	0.00	0.00	0.00	0.00/-23.26	0.00	0.00
688355	明志科技	0	0	0.00	0.00	0.00	0.00	0.00	0.00/-23.26	0.00	0.00
688356	键凯科技	0	0	0.00	0.00	0.00	0.00	0.00	0.00/-23.26	0.00	0.00
688357	建龙微纳	0	0	0.00	0.00	0.00	0.00	0.00	0.00/-23.26	0.00	0.00
688359	三孚新科	0	0	0.00	0.00	0.00	0.00	0.00	0.00/-23.26	0.00	0.00
688361	中科飞测	0	0	0.00	0.00	0.00	0.00	0.00	0.00/-23.26	0.00	0.00
688362	甬矽电子	0	0	0.00	0.00	0.00	0.00	0.00	0.00/-23.26	0.00	0.00
688363	华熙生物	0	0	0.00	0.00	0.00	0.00	0.00	0.00/-23.26	0.00	0.00
688365	光云科技	0	0	0.00	0.00	0.00	0.00	0.00	0.00/-23.26	0.00	0.00
688366	昊海生科	0	0	0.00	0.00	0.00	0.00	0.00	0.00/-23.26	0.00	0.00
688367	工大高科	0	0	0.00	0.00	0.00	0.00	0.00	0.00/-23.26	0.00	0.00
688368	晶丰明源	0	0	0.00	0.00	0.00	0.00	0.00	0.00/-23.26	0.00	0.00
688370	丛麟科技	0	0	0.00	0.00	0.00	0.00	0.00	0.00/-23.26	0.00	0.00
688371	菲沃泰	0	0	0.00	0.00	0.00	0.00	0.00	0.00/-23.26	0.00	0.00
688372	伟测科技	0	0	0.00	0.00	0.00	0.00	0.00	0.00/-23.26	0.00	0.00
688373	盟科药业-U	0	0	0.00	0.00	0.00	0.00	0.00	0.00/-23.26	0.00	0.00
688375	国博电子	0	0	0.00	0.00	0.00	0.00	0.00	0.00/-23.26	0.00	0.00
688376	美埃科技	0	0	0.00	0.00	0.00	0.00	0.00	0.00/-23.26	0.00	0.00
688377	迪威尔	0	0	0.00	0.00	0.00	0.00	0.00	0.00/-23.26	0.00	0.00
688378	奥来德	0	0	0.00	0.00	0.00	0.00	0.00	0.00/-23.26	0.00	0.00
688379	华光新材	0	0	0.00	0.00	0.00	0.00	0.00	0.00/-23.26	0.00	0.00
688380	中微半导	0	0	0.00	0.00	0.00	0.00	0.00	0.00/-23.26	0.00	0.00
688381	帝奥微	0	0	0.00	0.00	0.00	0.00	0.00	0.00/-23.26	0.00	0.00
688382	益方生物-U	0	0	0.00	0.00	0.00	0.00	0.00	0.00/-23.26	0.00	0.00
688383	新益昌	0	0	0.00	0.00	0.00	0.00	0.00	0.00/-23.26	0.00	0.00
688385	复旦微电	0	0	0.00	0.00	0.00	0.00	0.00	0.00/-23.26	0.00	0.00
688386	泛亚微透	0	0	0.00	0.00	0.00	0.00	0.00	0.00/-23.26	0.00	0.00
688387	信科移动-U	0	0	0.00	0.00	0.00	0.00	0.00	0.00/-23.26	0.00	0.00
688388	嘉元科技	0	0	0.00	0.00	0.00	0.00	0.00	0.00/-23.26	0.00	0.00
688390	固德威	0	0	0.00	0.00	0.00	0.00	0.00	0.00/-23.26	0.00	0.00
688391	钜泉科技	0	0	0.00	0.00	0.00	0.00	0.00	0.00/-23.26	0.00	0.00
688392	骄成超声	0	0	0.00	0.00	0.00	0.00	0.00	0.00/-23.26	0.00	0.00
688393	安必平	0	0	0.00	0.00	0.00	0.00	0.00	0.00/-23.26	0.00	0.00
688396	华润微	0	0	0.00	0.00	0.00	0.00	0.00	0.00/-23.26	0.00	0.00
688398	赛特新材	0	0	0.00	0.00	0.00	0.00	0.00	0.00/-23.26	0.00	0.00
688399	硕世生物	0	0	0.00	0.00	0.00	0.00	0.00	0.00/-23.26	0.00	0.00
688400	凌云光	0	0	0.00	0.00	0.00	0.00	0.00	0.00/-23.26	0.00	0.00
688403	汇成股份	0	0	0.00	0.00	0.00	0.00	0.00	0.00/-23.26	0.00	0.00
688408	中信博	0	0	0.00	0.00	0.00	0.00	0.00	0.00/-23.26	0.00	0.00
688409	富创精密	0	0	0.00	0.00	0.00	0.00	0.00	0.00/-23.26	0.00	0.00
688410	XD山外山	0	0	0.00	0.00	0.00	0.00	0.00	0.00/-23.26	0.00	0.00
688411	海博思创	0	0	0.00	0.00	0.00	0.00	0.00	0.00/-23.26	0.00	0.00
688416	恒烁股份	0	0	0.00	0.00	0.00	0.00	0.00	0.00/-23.26	0.00	0.00
688418	震有科技	0	0	0.00	0.00	0.00	0.00	0.00	0.00/-23.26	0.00	0.00
688419	耐科装备	0	0	0.00	0.00	0.00	0.00	0.00	0.00/-23.26	0.00	0.00
688425	铁建重工	0	0	0.00	0.00	0.00	0.00	0.00	0.00/-23.26	0.00	0.00
688426	康为世纪	0	0	0.00	0.00	0.00	0.00	0.00	0.00/-23.26	0.00	0.00
688428	诺诚健华	0	0	0.00	0.00	0.00	0.00	0.00	0.00/-23.26	0.00	0.00
688432	有研硅	0	0	0.00	0.00	0.00	0.00	0.00	0.00/-23.26	0.00	0.00
688433	华曙高科	0	0	0.00	0.00	0.00	0.00	0.00	0.00/-23.26	0.00	0.00
688435	英方软件	0	0	0.00	0.00	0.00	0.00	0.00	0.00/-23.26	0.00	0.00
688439	振华风光	0	0	0.00	0.00	0.00	0.00	0.00	0.00/-23.26	0.00	0.00
688443	智翔金泰-U	0	0	0.00	0.00	0.00	0.00	0.00	0.00/-23.26	0.00	0.00
688448	磁谷科技	0	0	0.00	0.00	0.00	0.00	0.00	0.00/-23.26	0.00	0.00
688449	联芸科技	0	0	0.00	0.00	0.00	0.00	0.00	0.00/-23.26	0.00	0.00
688450	光格科技	0	0	0.00	0.00	0.00	0.00	0.00	0.00/-23.26	0.00	0.00
688456	有研粉材	0	0	0.00	0.00	0.00	0.00	0.00	0.00/-23.26	0.00	0.00
688458	美芯晟	0	0	0.00	0.00	0.00	0.00	0.00	0.00/-23.26	0.00	0.00
688459	哈铁科技	0	0	0.00	0.00	0.00	0.00	0.00	0.00/-23.26	0.00	0.00
688466	金科环境	0	0	0.00	0.00	0.00	0.00	0.00	0.00/-23.26	0.00	0.00
688469	芯联集成-U	0	0	0.00	0.00	0.00	0.00	0.00	0.00/-23.26	0.00	0.00
688472	阿特斯	0	0	0.00	0.00	0.00	0.00	0.00	0.00/-23.26	0.00	0.00
688475	萤石网络	0	0	0.00	0.00	0.00	0.00	0.00	0.00/-23.26	0.00	0.00
688478	晶升股份	0	0	0.00	0.00	0.00	0.00	0.00	0.00/-23.26	0.00	0.00
688479	友车科技	0	0	0.00	0.00	0.00	0.00	0.00	0.00/-23.26	0.00	0.00
688480	赛恩斯	0	0	0.00	0.00	0.00	0.00	0.00	0.00/-23.26	0.00	0.00
688484	南芯科技	0	0	0.00	0.00	0.00	0.00	0.00	0.00/-23.26	0.00	0.00
688486	龙迅股份	0	0	0.00	0.00	0.00	0.00	0.00	0.00/-23.26	0.00	0.00
688488	艾迪药业	0	0	0.00	0.00	0.00	0.00	0.00	0.00/-23.26	0.00	0.00
688489	三未信安	0	0	0.00	0.00	0.00	0.00	0.00	0.00/-23.26	0.00	0.00
688496	*ST清越	0	0	0.00	0.00	0.00	0.00	0.00	0.00/-23.26	0.00	0.00
688498	源杰科技	0	0	0.00	0.00	0.00	0.00	0.00	0.00/-23.26	0.00	0.00
688499	利元亨	0	0	0.00	0.00	0.00	0.00	0.00	0.00/-23.26	0.00	0.00
688500	慧辰股份	0	0	0.00	0.00	0.00	0.00	0.00	0.00/-23.26	0.00	0.00
688501	青达环保	0	0	0.00	0.00	0.00	0.00	0.00	0.00/-23.26	0.00	0.00
688502	茂莱光学	0	0	0.00	0.00	0.00	0.00	0.00	0.00/-23.26	0.00	0.00
688503	聚和材料	0	0	0.00	0.00	0.00	0.00	0.00	0.00/-23.26	0.00	0.00
688506	百利天恒	0	0	0.00	0.00	0.00	0.00	0.00	0.00/-23.26	0.00	0.00
688507	索辰科技	0	0	0.00	0.00	0.00	0.00	0.00	0.00/-23.26	0.00	0.00
688508	芯朋微	0	0	0.00	0.00	0.00	0.00	0.00	0.00/-23.26	0.00	0.00
688510	航亚科技	0	0	0.00	0.00	0.00	0.00	0.00	0.00/-23.26	0.00	0.00
688511	天微电子	0	0	0.00	0.00	0.00	0.00	0.00	0.00/-23.26	0.00	0.00
688512	慧智微-U	0	0	0.00	0.00	0.00	0.00	0.00	0.00/-23.26	0.00	0.00
688513	苑东生物	0	0	0.00	0.00	0.00	0.00	0.00	0.00/-23.26	0.00	0.00
688515	裕太微-U	0	0	0.00	0.00	0.00	0.00	0.00	0.00/-23.26	0.00	0.00
688516	奥特维	0	0	0.00	0.00	0.00	0.00	0.00	0.00/-23.26	0.00	0.00
688518	联赢激光	0	0	0.00	0.00	0.00	0.00	0.00	0.00/-23.26	0.00	0.00
688519	南亚新材	0	0	0.00	0.00	0.00	0.00	0.00	0.00/-23.26	0.00	0.00
688520	神州细胞	0	0	0.00	0.00	0.00	0.00	0.00	0.00/-23.26	0.00	0.00
688521	芯原股份	0	0	0.00	0.00	0.00	0.00	0.00	0.00/-23.26	0.00	0.00
688522	纳睿雷达	0	0	0.00	0.00	0.00	0.00	0.00	0.00/-23.26	0.00	0.00
688525	佰维存储	0	0	0.00	0.00	0.00	0.00	0.00	0.00/-23.26	0.00	0.00
688526	科前生物	0	0	0.00	0.00	0.00	0.00	0.00	0.00/-23.26	0.00	0.00
688528	秦川物联	0	0	0.00	0.00	0.00	0.00	0.00	0.00/-23.26	0.00	0.00
688529	豪森智能	0	0	0.00	0.00	0.00	0.00	0.00	0.00/-23.26	0.00	0.00
688530	欧莱新材	0	0	0.00	0.00	0.00	0.00	0.00	0.00/-23.26	0.00	0.00
688531	日联科技	0	0	0.00	0.00	0.00	0.00	0.00	0.00/-23.26	0.00	0.00
688533	上声电子	0	0	0.00	0.00	0.00	0.00	0.00	0.00/-23.26	0.00	0.00
688535	华海诚科	0	0	0.00	0.00	0.00	0.00	0.00	0.00/-23.26	0.00	0.00
688536	思瑞浦	0	0	0.00	0.00	0.00	0.00	0.00	0.00/-23.26	0.00	0.00
688538	和辉光电-U	0	0	0.00	0.00	0.00	0.00	0.00	0.00/-23.26	0.00	0.00
688539	高华科技	0	0	0.00	0.00	0.00	0.00	0.00	0.00/-23.26	0.00	0.00
688543	国科军工	0	0	0.00	0.00	0.00	0.00	0.00	0.00/-23.26	0.00	0.00
688545	兴福电子	0	0	0.00	0.00	0.00	0.00	0.00	0.00/-23.26	0.00	0.00
688548	广钢气体	0	0	0.00	0.00	0.00	0.00	0.00	0.00/-23.26	0.00	0.00
688549	中巨芯-U	0	0	0.00	0.00	0.00	0.00	0.00	0.00/-23.26	0.00	0.00
688550	瑞联新材	0	0	0.00	0.00	0.00	0.00	0.00	0.00/-23.26	0.00	0.00
688551	科威尔	0	0	0.00	0.00	0.00	0.00	0.00	0.00/-23.26	0.00	0.00
688552	航天南湖	0	0	0.00	0.00	0.00	0.00	0.00	0.00/-23.26	0.00	0.00
688553	汇宇制药-W	0	0	0.00	0.00	0.00	0.00	0.00	0.00/-23.26	0.00	0.00
688556	高测股份	0	0	0.00	0.00	0.00	0.00	0.00	0.00/-23.26	0.00	0.00
688558	国盛智科	0	0	0.00	0.00	0.00	0.00	0.00	0.00/-23.26	0.00	0.00
688559	海目星	0	0	0.00	0.00	0.00	0.00	0.00	0.00/-23.26	0.00	0.00
688560	明冠新材	0	0	0.00	0.00	0.00	0.00	0.00	0.00/-23.26	0.00	0.00
688561	奇安信-U	0	0	0.00	0.00	0.00	0.00	0.00	0.00/-23.26	0.00	0.00
688562	航天软件	0	0	0.00	0.00	0.00	0.00	0.00	0.00/-23.26	0.00	0.00
688563	航材股份	0	0	0.00	0.00	0.00	0.00	0.00	0.00/-23.26	0.00	0.00
688565	力源科技	0	0	0.00	0.00	0.00	0.00	0.00	0.00/-23.26	0.00	0.00
688566	吉贝尔	0	0	0.00	0.00	0.00	0.00	0.00	0.00/-23.26	0.00	0.00
688567	孚能科技	0	0	0.00	0.00	0.00	0.00	0.00	0.00/-23.26	0.00	0.00
688568	中科星图	0	0	0.00	0.00	0.00	0.00	0.00	0.00/-23.26	0.00	0.00
688569	铁科轨道	0	0	0.00	0.00	0.00	0.00	0.00	0.00/-23.26	0.00	0.00
688570	天玛智控	0	0	0.00	0.00	0.00	0.00	0.00	0.00/-23.26	0.00	0.00
688573	信宇人	0	0	0.00	0.00	0.00	0.00	0.00	0.00/-23.26	0.00	0.00
688575	亚辉龙	0	0	0.00	0.00	0.00	0.00	0.00	0.00/-23.26	0.00	0.00
688576	西山科技	0	0	0.00	0.00	0.00	0.00	0.00	0.00/-23.26	0.00	0.00
688577	浙海德曼	0	0	0.00	0.00	0.00	0.00	0.00	0.00/-23.26	0.00	0.00
688578	艾力斯	0	0	0.00	0.00	0.00	0.00	0.00	0.00/-23.26	0.00	0.00
688579	地纬智能	0	0	0.00	0.00	0.00	0.00	0.00	0.00/-23.26	0.00	0.00
688580	伟思医疗	0	0	0.00	0.00	0.00	0.00	0.00	0.00/-23.26	0.00	0.00
688581	安杰思	0	0	0.00	0.00	0.00	0.00	0.00	0.00/-23.26	0.00	0.00
688582	芯动联科	0	0	0.00	0.00	0.00	0.00	0.00	0.00/-23.26	0.00	0.00
688583	思看科技	0	0	0.00	0.00	0.00	0.00	0.00	0.00/-23.26	0.00	0.00
688584	上海合晶	0	0	0.00	0.00	0.00	0.00	0.00	0.00/-23.26	0.00	0.00
688585	上纬新材	0	0	0.00	0.00	0.00	0.00	0.00	0.00/-23.26	0.00	0.00
688588	凌志软件	0	0	0.00	0.00	0.00	0.00	0.00	0.00/-23.26	0.00	0.00
688589	力合微	0	0	0.00	0.00	0.00	0.00	0.00	0.00/-23.26	0.00	0.00
688591	泰凌微	0	0	0.00	0.00	0.00	0.00	0.00	0.00/-23.26	0.00	0.00
688592	司南导航	0	0	0.00	0.00	0.00	0.00	0.00	0.00/-23.26	0.00	0.00
688596	正帆科技	0	0	0.00	0.00	0.00	0.00	0.00	0.00/-23.26	0.00	0.00
688597	煜邦电力	0	0	0.00	0.00	0.00	0.00	0.00	0.00/-23.26	0.00	0.00
688599	天合光能	0	0	0.00	0.00	0.00	0.00	0.00	0.00/-23.26	0.00	0.00
688600	皖仪科技	0	0	0.00	0.00	0.00	0.00	0.00	0.00/-23.26	0.00	0.00
688601	力芯微	0	0	0.00	0.00	0.00	0.00	0.00	0.00/-23.26	0.00	0.00
688602	康鹏科技	0	0	0.00	0.00	0.00	0.00	0.00	0.00/-23.26	0.00	0.00
688603	天承科技	0	0	0.00	0.00	0.00	0.00	0.00	0.00/-23.26	0.00	0.00
688605	先锋精科	0	0	0.00	0.00	0.00	0.00	0.00	0.00/-23.26	0.00	0.00
688607	康众科技	0	0	0.00	0.00	0.00	0.00	0.00	0.00/-23.26	0.00	0.00
688608	恒玄科技	0	0	0.00	0.00	0.00	0.00	0.00	0.00/-23.26	0.00	0.00
688610	埃科光电	0	0	0.00	0.00	0.00	0.00	0.00	0.00/-23.26	0.00	0.00
688611	杭州柯林	0	0	0.00	0.00	0.00	0.00	0.00	0.00/-23.26	0.00	0.00
688612	威迈斯	0	0	0.00	0.00	0.00	0.00	0.00	0.00/-23.26	0.00	0.00
688613	奥精医疗	0	0	0.00	0.00	0.00	0.00	0.00	0.00/-23.26	0.00	0.00
688615	合合信息	0	0	0.00	0.00	0.00	0.00	0.00	0.00/-23.26	0.00	0.00
688616	西力科技	0	0	0.00	0.00	0.00	0.00	0.00	0.00/-23.26	0.00	0.00
688617	惠泰医疗	0	0	0.00	0.00	0.00	0.00	0.00	0.00/-23.26	0.00	0.00
688618	三旺通信	0	0	0.00	0.00	0.00	0.00	0.00	0.00/-23.26	0.00	0.00
688619	罗普特	0	0	0.00	0.00	0.00	0.00	0.00	0.00/-23.26	0.00	0.00
688620	安凯微	0	0	0.00	0.00	0.00	0.00	0.00	0.00/-23.26	0.00	0.00
688621	阳光诺和	0	0	0.00	0.00	0.00	0.00	0.00	0.00/-23.26	0.00	0.00
688622	*ST禾信	0	0	0.00	0.00	0.00	0.00	0.00	0.00/-23.26	0.00	0.00
688623	双元科技	0	0	0.00	0.00	0.00	0.00	0.00	0.00/-23.26	0.00	0.00
688626	翔宇医疗	0	0	0.00	0.00	0.00	0.00	0.00	0.00/-23.26	0.00	0.00
688627	精智达	0	0	0.00	0.00	0.00	0.00	0.00	0.00/-23.26	0.00	0.00
688628	优利德	0	0	0.00	0.00	0.00	0.00	0.00	0.00/-23.26	0.00	0.00
688629	XD华丰科	0	0	0.00	0.00	0.00	0.00	0.00	0.00/-23.26	0.00	0.00
688630	芯碁微装	0	0	0.00	0.00	0.00	0.00	0.00	0.00/-23.26	0.00	0.00
688631	莱斯信息	0	0	0.00	0.00	0.00	0.00	0.00	0.00/-23.26	0.00	0.00
688633	星球石墨	0	0	0.00	0.00	0.00	0.00	0.00	0.00/-23.26	0.00	0.00
688635	长进光子	0	0	0.00	0.00	0.00	0.00	0.00	0.00/-23.26	0.00	0.00
688636	智明达	0	0	0.00	0.00	0.00	0.00	0.00	0.00/-23.26	0.00	0.00
688638	誉辰智能	0	0	0.00	0.00	0.00	0.00	0.00	0.00/-23.26	0.00	0.00
688639	华恒生物	0	0	0.00	0.00	0.00	0.00	0.00	0.00/-23.26	0.00	0.00
688646	逸飞激光	0	0	0.00	0.00	0.00	0.00	0.00	0.00/-23.26	0.00	0.00
688648	中邮科技	0	0	0.00	0.00	0.00	0.00	0.00	0.00/-23.26	0.00	0.00
688651	盛邦安全	0	0	0.00	0.00	0.00	0.00	0.00	0.00/-23.26	0.00	0.00
688652	京仪装备	0	0	0.00	0.00	0.00	0.00	0.00	0.00/-23.26	0.00	0.00
688653	康希通信	0	0	0.00	0.00	0.00	0.00	0.00	0.00/-23.26	0.00	0.00
688656	浩欧博	0	0	0.00	0.00	0.00	0.00	0.00	0.00/-23.26	0.00	0.00
688657	浩辰软件	0	0	0.00	0.00	0.00	0.00	0.00	0.00/-23.26	0.00	0.00
688658	悦康药业	0	0	0.00	0.00	0.00	0.00	0.00	0.00/-23.26	0.00	0.00
688659	元琛科技	0	0	0.00	0.00	0.00	0.00	0.00	0.00/-23.26	0.00	0.00
688660	电气风电	0	0	0.00	0.00	0.00	0.00	0.00	0.00/-23.26	0.00	0.00
688661	和林微纳	0	0	0.00	0.00	0.00	0.00	0.00	0.00/-23.26	0.00	0.00
688662	富信科技	0	0	0.00	0.00	0.00	0.00	0.00	0.00/-23.26	0.00	0.00
688663	新风光	0	0	0.00	0.00	0.00	0.00	0.00	0.00/-23.26	0.00	0.00
688665	四方光电	0	0	0.00	0.00	0.00	0.00	0.00	0.00/-23.26	0.00	0.00
688667	菱电电控	0	0	0.00	0.00	0.00	0.00	0.00	0.00/-23.26	0.00	0.00
688668	XD鼎通科	0	0	0.00	0.00	0.00	0.00	0.00	0.00/-23.26	0.00	0.00
688670	金迪克	0	0	0.00	0.00	0.00	0.00	0.00	0.00/-23.26	0.00	0.00
688671	碧兴物联	0	0	0.00	0.00	0.00	0.00	0.00	0.00/-23.26	0.00	0.00
688676	金盘科技	0	0	0.00	0.00	0.00	0.00	0.00	0.00/-23.26	0.00	0.00
688677	海泰新光	0	0	0.00	0.00	0.00	0.00	0.00	0.00/-23.26	0.00	0.00
688678	福立旺	0	0	0.00	0.00	0.00	0.00	0.00	0.00/-23.26	0.00	0.00
688679	通源环境	0	0	0.00	0.00	0.00	0.00	0.00	0.00/-23.26	0.00	0.00
688680	海优新材	0	0	0.00	0.00	0.00	0.00	0.00	0.00/-23.26	0.00	0.00
688681	科汇股份	0	0	0.00	0.00	0.00	0.00	0.00	0.00/-23.26	0.00	0.00
688682	霍莱沃	0	0	0.00	0.00	0.00	0.00	0.00	0.00/-23.26	0.00	0.00
688683	莱尔科技	0	0	0.00	0.00	0.00	0.00	0.00	0.00/-23.26	0.00	0.00
688685	迈信林	0	0	0.00	0.00	0.00	0.00	0.00	0.00/-23.26	0.00	0.00
688687	凯因科技	0	0	0.00	0.00	0.00	0.00	0.00	0.00/-23.26	0.00	0.00
688689	银河微电	0	0	0.00	0.00	0.00	0.00	0.00	0.00/-23.26	0.00	0.00
688690	纳微科技	0	0	0.00	0.00	0.00	0.00	0.00	0.00/-23.26	0.00	0.00
688691	灿芯股份	0	0	0.00	0.00	0.00	0.00	0.00	0.00/-23.26	0.00	0.00
688692	达梦数据	0	0	0.00	0.00	0.00	0.00	0.00	0.00/-23.26	0.00	0.00
688693	锴威特	0	0	0.00	0.00	0.00	0.00	0.00	0.00/-23.26	0.00	0.00
688695	中创股份	0	0	0.00	0.00	0.00	0.00	0.00	0.00/-23.26	0.00	0.00
688696	极米科技	0	0	0.00	0.00	0.00	0.00	0.00	0.00/-23.26	0.00	0.00
688697	纽威数控	0	0	0.00	0.00	0.00	0.00	0.00	0.00/-23.26	0.00	0.00
688698	伟创电气	0	0	0.00	0.00	0.00	0.00	0.00	0.00/-23.26	0.00	0.00
688699	XD明微电	0	0	0.00	0.00	0.00	0.00	0.00	0.00/-23.26	0.00	0.00
688700	东威科技	0	0	0.00	0.00	0.00	0.00	0.00	0.00/-23.26	0.00	0.00
688701	卓锦股份	0	0	0.00	0.00	0.00	0.00	0.00	0.00/-23.26	0.00	0.00
688702	盛科通信-U	0	0	0.00	0.00	0.00	0.00	0.00	0.00/-23.26	0.00	0.00
688707	振华新材	0	0	0.00	0.00	0.00	0.00	0.00	0.00/-23.26	0.00	0.00
688708	佳驰科技	0	0	0.00	0.00	0.00	0.00	0.00	0.00/-23.26	0.00	0.00
688709	成都华微	0	0	0.00	0.00	0.00	0.00	0.00	0.00/-23.26	0.00	0.00
688710	益诺思	0	0	0.00	0.00	0.00	0.00	0.00	0.00/-23.26	0.00	0.00
688711	宏微科技	0	0	0.00	0.00	0.00	0.00	0.00	0.00/-23.26	0.00	0.00
688712	北芯生命	0	0	0.00	0.00	0.00	0.00	0.00	0.00/-23.26	0.00	0.00
688716	中研股份	0	0	0.00	0.00	0.00	0.00	0.00	0.00/-23.26	0.00	0.00
688717	艾罗能源	0	0	0.00	0.00	0.00	0.00	0.00	0.00/-23.26	0.00	0.00
688718	唯赛勃	0	0	0.00	0.00	0.00	0.00	0.00	0.00/-23.26	0.00	0.00
688719	爱科赛博	0	0	0.00	0.00	0.00	0.00	0.00	0.00/-23.26	0.00	0.00
688720	艾森股份	0	0	0.00	0.00	0.00	0.00	0.00	0.00/-23.26	0.00	0.00
688721	龙图光罩	0	0	0.00	0.00	0.00	0.00	0.00	0.00/-23.26	0.00	0.00
688722	同益中	0	0	0.00	0.00	0.00	0.00	0.00	0.00/-23.26	0.00	0.00
688726	拉普拉斯	0	0	0.00	0.00	0.00	0.00	0.00	0.00/-23.26	0.00	0.00
688727	恒坤新材	0	0	0.00	0.00	0.00	0.00	0.00	0.00/-23.26	0.00	0.00
688728	格科微	0	0	0.00	0.00	0.00	0.00	0.00	0.00/-23.26	0.00	0.00
688729	屹唐股份	0	0	0.00	0.00	0.00	0.00	0.00	0.00/-23.26	0.00	0.00
688733	壹石通	0	0	0.00	0.00	0.00	0.00	0.00	0.00/-23.26	0.00	0.00
688737	中自科技	0	0	0.00	0.00	0.00	0.00	0.00	0.00/-23.26	0.00	0.00
688739	成大生物	0	0	0.00	0.00	0.00	0.00	0.00	0.00/-23.26	0.00	0.00
688750	金天钛业	0	0	0.00	0.00	0.00	0.00	0.00	0.00/-23.26	0.00	0.00
688755	汉邦科技	0	0	0.00	0.00	0.00	0.00	0.00	0.00/-23.26	0.00	0.00
688757	胜科纳米	0	0	0.00	0.00	0.00	0.00	0.00	0.00/-23.26	0.00	0.00
688758	赛分科技	0	0	0.00	0.00	0.00	0.00	0.00	0.00/-23.26	0.00	0.00
688759	必贝特-U	0	0	0.00	0.00	0.00	0.00	0.00	0.00/-23.26	0.00	0.00
688765	禾元生物-U	0	0	0.00	0.00	0.00	0.00	0.00	0.00/-23.26	0.00	0.00
688766	普冉股份	0	0	0.00	0.00	0.00	0.00	0.00	0.00/-23.26	0.00	0.00
688768	容知日新	0	0	0.00	0.00	0.00	0.00	0.00	0.00/-23.26	0.00	0.00
688772	珠海冠宇	0	0	0.00	0.00	0.00	0.00	0.00	0.00/-23.26	0.00	0.00
688775	影石创新	0	0	0.00	0.00	0.00	0.00	0.00	0.00/-23.26	0.00	0.00
688776	国光电气	0	0	0.00	0.00	0.00	0.00	0.00	0.00/-23.26	0.00	0.00
688777	中控技术	0	0	0.00	0.00	0.00	0.00	0.00	0.00/-23.26	0.00	0.00
688778	厦钨新能	0	0	0.00	0.00	0.00	0.00	0.00	0.00/-23.26	0.00	0.00
688779	五矿新能	0	0	0.00	0.00	0.00	0.00	0.00	0.00/-23.26	0.00	0.00
688781	视涯科技-UW	0	0	0.00	0.00	0.00	0.00	0.00	0.00/-23.26	0.00	0.00
688783	西安奕材-U	0	0	0.00	0.00	0.00	0.00	0.00	0.00/-23.26	0.00	0.00
688785	恒运昌	0	0	0.00	0.00	0.00	0.00	0.00	0.00/-23.26	0.00	0.00
688786	悦安新材	0	0	0.00	0.00	0.00	0.00	0.00	0.00/-23.26	0.00	0.00
688787	海天瑞声	0	0	0.00	0.00	0.00	0.00	0.00	0.00/-23.26	0.00	0.00
688788	科思科技	0	0	0.00	0.00	0.00	0.00	0.00	0.00/-23.26	0.00	0.00
688790	昂瑞微-UW	0	0	0.00	0.00	0.00	0.00	0.00	0.00/-23.26	0.00	0.00
688793	倍轻松	0	0	0.00	0.00	0.00	0.00	0.00	0.00/-23.26	0.00	0.00
688795	摩尔线程-U	0	0	0.00	0.00	0.00	0.00	0.00	0.00/-23.26	0.00	0.00
688796	百奥赛图	0	0	0.00	0.00	0.00	0.00	0.00	0.00/-23.26	0.00	0.00
688797	臻宝科技	0	0	0.00	0.00	0.00	0.00	0.00	0.00/-23.26	0.00	0.00
688798	艾为电子	0	0	0.00	0.00	0.00	0.00	0.00	0.00/-23.26	0.00	0.00
688799	华纳药厂	0	0	0.00	0.00	0.00	0.00	0.00	0.00/-23.26	0.00	0.00
688800	瑞可达	0	0	0.00	0.00	0.00	0.00	0.00	0.00/-23.26	0.00	0.00
688801	燧原科技-U	0	0	0.00	0.00	0.00	0.00	0.00	0.00/-23.26	0.00	0.00
688802	沐曦股份-U	0	0	0.00	0.00	0.00	0.00	0.00	0.00/-23.26	0.00	0.00
688805	健信超导	0	0	0.00	0.00	0.00	0.00	0.00	0.00/-23.26	0.00	0.00
688806	泰诺麦博-U	0	0	0.00	0.00	0.00	0.00	0.00	0.00/-23.26	0.00	0.00
688807	优迅股份	0	0	0.00	0.00	0.00	0.00	0.00	0.00/-23.26	0.00	0.00
688808	联讯仪器	0	0	0.00	0.00	0.00	0.00	0.00	0.00/-23.26	0.00	0.00
688809	强一股份	0	0	0.00	0.00	0.00	0.00	0.00	0.00/-23.26	0.00	0.00
688811	有研复材	0	0	0.00	0.00	0.00	0.00	0.00	0.00/-23.26	0.00	0.00
688813	泰金新能	0	0	0.00	0.00	0.00	0.00	0.00	0.00/-23.26	0.00	0.00
688816	易思维	0	0	0.00	0.00	0.00	0.00	0.00	0.00/-23.26	0.00	0.00
688818	电科蓝天	0	0	0.00	0.00	0.00	0.00	0.00	0.00/-23.26	0.00	0.00
688820	盛合晶微	0	0	0.00	0.00	0.00	0.00	0.00	0.00/-23.26	0.00	0.00
688825	长鑫科技	0	0	0.00	0.00	0.00	0.00	0.00	0.00/-23.26	0.00	0.00
688826	频准激光	0	0	0.00	0.00	0.00	0.00	0.00	0.00/-23.26	0.00	0.00
688828	国仪公司-U	0	0	0.00	0.00	0.00	0.00	0.00	0.00/-23.26	0.00	0.00
688835	高凯技术	0	0	0.00	0.00	0.00	0.00	0.00	0.00/-23.26	0.00	0.00
688836	宇树科技-W	0	0	0.00	0.00	0.00	0.00	0.00	0.00/-23.26	0.00	0.00
688837	信诺维	0	0	0.00	0.00	0.00	0.00	0.00	0.00/-23.26	0.00	0.00
688981	中芯国际	0	0	0.00	0.00	0.00	0.00	0.00	0.00/-23.26	0.00	0.00
689009	九号公司-WD	0	0	0.00	0.00	0.00	0.00	0.00	0.00/-23.26	0.00	0.00
000722	湖南发展	0	1	0.00	799.60	-799.60	-0.08	-0.00	3.52/-23.34	799.63	0.08
300296	利亚德	0	1	0.00	799.60	-799.60	-0.08	-0.01	3.62/-23.34	799.63	0.08
688593	新相微	0	1	0.00	799.60	-799.60	-0.08	-0.02	0.00/-23.34	799.63	0.08
600749	西藏旅游	1	2	50.00	1597.03	-1043.27	-0.10	-0.01	-1.45/-23.37	2907.50	0.29
300026	红日药业	1	2	50.00	1578.25	-1842.33	-0.18	-0.01	3.91/-23.45	26095.81	2.61
603669	灵康药业	0	1	0.00	799.14	-2308.92	-0.23	-0.02	5.58/-23.49	2308.88	0.23
600055	万东医疗	0	1	0.00	799.14	-2326.30	-0.23	-0.01	-7.00/-23.50	2326.25	0.23
300943	春晖智控	0	1	0.00	798.92	-3065.34	-0.31	-0.05	-0.16/-23.57	3065.38	0.31
001278	一彬科技	0	1	0.00	798.84	-3303.84	-0.33	-0.09	-5.27/-23.59	3303.88	0.33
688103	国力电子	0	1	0.00	798.79	-3414.39	-0.34	-0.07	0.97/-23.60	3414.38	0.34
600400	红豆股份	1	2	50.00	1614.75	-3508.32	-0.35	-0.02	7.56/-23.61	23671.00	2.32
000014	沙河股份	0	1	0.00	798.41	-4749.02	-0.47	-0.03	-1.27/-23.74	4749.06	0.47
300989	蕾奥规划	0	1	0.00	798.37	-4899.44	-0.49	-0.09	-5.08/-23.75	4899.44	0.49
300923	研奥股份	0	1	0.00	798.35	-4913.17	-0.49	-0.09	3.65/-23.75	4913.19	0.49
000819	岳阳兴长	0	1	0.00	798.34	-4960.38	-0.50	-0.03	-6.50/-23.76	4960.44	0.50
002401	中远海科	0	1	0.00	798.33	-5042.48	-0.50	-0.03	0.96/-23.77	5042.44	0.50
603135	中重科技	0	1	0.00	798.25	-5290.37	-0.53	-0.15	-5.47/-23.79	5290.38	0.53
688218	江苏北人	0	1	0.00	798.19	-5484.38	-0.55	-0.08	4.36/-23.81	5484.38	0.55
002567	唐人神	0	1	0.00	798.19	-5501.70	-0.55	-0.04	3.68/-23.81	5501.69	0.55
600966	博汇纸业	0	1	0.00	797.85	-6642.87	-0.66	-0.04	-2.01/-23.93	6642.88	0.66
300451	创业慧康	0	1	0.00	797.82	-6735.46	-0.67	-0.06	-3.55/-23.94	6735.44	0.67
002885	京泉华	0	2	0.00	1592.79	-6839.52	-0.68	-0.07	5.76/-23.95	6839.56	0.68
603779	威龙股份	0	1	0.00	797.44	-7995.54	-0.80	-0.08	1.58/-24.06	7995.56	0.80
300100	双林股份	0	1	0.00	797.43	-8027.15	-0.80	-0.05	1.84/-24.07	8027.19	0.80
002374	中锐股份	0	1	0.00	797.36	-8256.29	-0.83	-0.05	2.78/-24.09	8256.31	0.83
300784	利安科技	0	1	0.00	797.25	-8526.79	-0.85	-0.37	3.34/-24.12	8526.81	0.85
300561	汇金科技	0	1	0.00	797.19	-8814.57	-0.88	-0.09	-1.27/-24.14	8814.56	0.88
600998	九州通	0	1	0.00	797.11	-9074.51	-0.91	-0.06	1.91/-24.17	9074.50	0.91
600284	浦东建设	0	1	0.00	797.08	-9210.41	-0.92	-0.05	0.11/-24.18	9210.38	0.92
002357	富临运业	0	1	0.00	796.88	-9850.31	-0.99	-0.06	-1.81/-24.25	9850.31	0.99
603379	三美股份	0	1	0.00	796.79	-10147.63	-1.01	-0.14	-3.12/-24.28	10147.63	1.01
300508	维宏股份	0	1	0.00	796.65	-10605.20	-1.06	-0.10	2.54/-24.32	10605.25	1.06
600847	万里股份	0	1	0.00	796.65	-10613.13	-1.06	-0.06	3.12/-24.32	10613.13	1.06
000859	国风新材	0	1	0.00	796.54	-10995.51	-1.10	-0.07	-6.11/-24.36	10995.56	1.10
300079	数码视讯	0	1	0.00	796.38	-11524.43	-1.15	-0.07	-4.03/-24.42	11524.44	1.15
600596	新安股份	0	1	0.00	796.33	-11684.18	-1.17	-0.07	-3.28/-24.43	11684.13	1.17
300936	中英科技	0	1	0.00	796.21	-12104.37	-1.21	-0.21	-2.26/-24.47	12104.38	1.21
600331	宏达股份	1	2	50.00	1611.64	-12260.22	-1.23	-0.07	-2.89/-24.49	31820.44	3.12
603728	鸣志电器	0	1	0.00	795.98	-12847.70	-1.28	-0.14	2.20/-24.55	12847.75	1.28
603637	镇海股份	1	2	50.00	1555.64	-12978.59	-1.30	-0.13	5.45/-24.56	50181.31	5.02
002228	合兴包装	0	1	0.00	795.74	-13664.83	-1.37	-0.08	-8.14/-24.63	13664.81	1.37
300964	本川智能	0	1	0.00	795.70	-13744.93	-1.37	-0.27	2.55/-24.64	13744.94	1.37
300700	岱勒新材	0	1	0.00	795.69	-13824.45	-1.38	-0.15	2.22/-24.65	13824.44	1.38
002408	齐翔腾达	0	1	0.00	795.58	-14198.77	-1.42	-0.09	-6.40/-24.68	14198.75	1.42
300504	天邑股份	0	1	0.00	795.54	-14302.13	-1.43	-0.17	-2.51/-24.69	14302.13	1.43
000035	中国天楹	1	2	50.00	1580.39	-14763.49	-1.48	-0.09	-14.62/-24.74	18571.88	1.86
603010	万盛股份	0	1	0.00	795.28	-15184.47	-1.52	-0.13	-3.72/-24.78	15184.50	1.52
002496	辉丰股份	0	1	0.00	795.27	-15228.46	-1.52	-0.10	-2.66/-24.79	15228.44	1.52
600054	黄山旅游	0	1	0.00	795.18	-15511.73	-1.55	-0.09	4.98/-24.81	15511.75	1.55
300619	金银河	0	1	0.00	795.15	-15590.28	-1.56	-0.16	1.26/-24.82	15590.31	1.56
000506	招金黄金	0	1	0.00	794.67	-17224.82	-1.72	-0.10	1.22/-24.99	17224.81	1.72
002558	巨人网络	1	2	50.00	1578.80	-17353.06	-1.74	-0.11	1.53/-25.00	19581.44	1.96
002865	钧达股份	0	1	0.00	794.62	-17379.18	-1.74	-0.18	2.44/-25.00	17379.19	1.74
600172	黄河旋风	0	1	0.00	794.60	-17452.88	-1.75	-0.10	1.63/-25.01	17452.94	1.75
002946	新乳业	0	1	0.00	794.56	-17585.48	-1.76	-0.23	-1.22/-25.02	17585.50	1.76
000042	中洲控股	0	1	0.00	794.54	-17639.90	-1.76	-0.11	0.83/-25.03	17639.94	1.76
601678	滨化股份	0	1	0.00	794.52	-17735.19	-1.77	-0.11	1.83/-25.04	17735.19	1.77
000729	燕京啤酒	0	1	0.00	794.40	-18126.70	-1.81	-0.11	-1.99/-25.08	18126.69	1.81
002111	威海广泰	0	1	0.00	794.37	-18198.46	-1.82	-0.11	-1.04/-25.08	18198.44	1.82
002708	光洋股份	0	1	0.00	794.30	-18458.40	-1.85	-0.15	1.53/-25.11	18458.44	1.85
600333	长春燃气	0	2	0.00	1583.73	-18631.58	-1.86	-0.11	6.83/-25.13	18631.63	1.86
002579	中京电子	0	1	0.00	794.10	-19118.14	-1.91	-0.12	-4.02/-25.17	19118.19	1.91
300138	晨光生物	0	1	0.00	794.00	-19441.34	-1.94	-0.12	1.45/-25.21	19441.31	1.94
300721	怡达股份	0	1	0.00	793.94	-19633.54	-1.96	-0.22	1.14/-25.23	19633.56	1.96
002933	新兴装备	0	1	0.00	793.88	-19784.90	-1.98	-0.24	1.39/-25.24	19784.88	1.98
300588	熙菱信息	0	1	0.00	793.83	-20014.85	-2.00	-0.21	0.76/-25.26	20014.81	2.00
000791	甘肃能源	0	1	0.00	793.79	-20163.92	-2.02	-0.12	1.58/-25.28	20163.94	2.02
000882	华联股份	0	1	0.00	793.72	-20391.74	-2.04	-0.12	0.72/-25.30	20391.75	2.04
300193	佳士科技	1	2	50.00	1560.43	-20550.24	-2.06	-0.13	5.00/-25.32	41357.44	4.14
600097	开创国际	0	1	0.00	793.57	-20872.79	-2.09	-0.12	4.92/-25.35	20872.75	2.09
603917	合力科技	0	1	0.00	793.45	-21278.39	-2.13	-0.24	0.25/-25.39	21278.38	2.13
600617	国新能源	0	1	0.00	793.38	-21508.32	-2.15	-0.13	0.65/-25.41	21508.31	2.15
000409	云鼎科技	0	1	0.00	793.31	-21761.81	-2.18	-0.13	-2.40/-25.44	21761.81	2.18
000897	津滨发展	0	1	0.00	793.19	-22149.97	-2.21	-0.13	0.30/-25.48	22149.94	2.21
002020	京新药业	0	1	0.00	793.15	-22272.26	-2.23	-0.13	-4.61/-25.49	22272.25	2.23
603421	鼎信通讯	0	1	0.00	793.12	-22403.98	-2.24	-0.22	-3.11/-25.50	22404.00	2.24
002158	汉钟精机	1	2	50.00	1609.32	-22438.52	-2.24	-0.13	-7.78/-25.51	42922.69	4.21
002264	新 华 都	0	1	0.00	793.09	-22487.61	-2.25	-0.13	1.67/-25.51	22487.56	2.25
603668	天马科技	0	1	0.00	792.99	-22804.78	-2.28	-0.23	-10.97/-25.54	22804.81	2.28
600558	大西洋	0	1	0.00	792.94	-23004.01	-2.30	-0.14	4.23/-25.56	23004.00	2.30
002068	黑猫股份	0	1	0.00	792.81	-23435.12	-2.34	-0.14	1.57/-25.61	23435.13	2.34
603323	苏农银行	0	1	0.00	792.56	-24241.25	-2.42	-0.25	-1.29/-25.69	24241.25	2.42
603681	永冠新材	0	1	0.00	792.43	-24667.30	-2.47	-0.33	0.91/-25.73	24667.31	2.47
000966	长源电力	0	1	0.00	792.33	-25039.00	-2.50	-0.15	1.10/-25.77	25039.00	2.50
000968	蓝焰控股	1	2	50.00	1555.31	-25079.61	-2.51	-0.15	-8.17/-25.77	46050.69	4.61
001319	铭科精技	0	1	0.00	792.30	-25100.20	-2.51	-0.57	-9.14/-25.77	25100.19	2.51
000429	粤高速Ａ	1	2	50.00	1570.17	-25152.17	-2.52	-0.15	-0.99/-25.78	27444.88	2.74
000509	华塑控股	0	1	0.00	792.12	-25717.25	-2.57	-0.15	-3.27/-25.83	25717.25	2.57
002031	巨轮智能	0	1	0.00	792.10	-25779.58	-2.58	-0.15	0.18/-25.84	25779.63	2.58
300169	天晟新材	2	3	66.00	2352.85	-25849.40	-2.58	-0.16	1.22/-25.85	54984.31	5.48
300155	安居宝	0	1	0.00	792.02	-26055.67	-2.61	-0.17	0.77/-25.87	26055.63	2.61
603895	天永智能	0	1	0.00	791.93	-26359.35	-2.64	-0.30	0.47/-25.90	26359.38	2.64
603858	步长制药	0	1	0.00	791.75	-26934.05	-2.69	-0.27	-2.62/-25.96	26934.06	2.69
300626	华瑞股份	1	2	50.00	1552.91	-27027.25	-2.70	-0.28	3.65/-25.97	48329.00	4.83
601933	永辉超市	0	1	0.00	791.71	-27094.30	-2.71	-0.17	-4.05/-25.97	27094.31	2.71
002543	万和电气	0	2	0.00	1570.38	-27198.52	-2.72	-0.17	-3.36/-25.98	27198.56	2.72
300412	迦南科技	0	2	0.00	1580.60	-27203.38	-2.72	-0.23	4.42/-25.98	27203.44	2.72
300426	华智数媒	0	1	0.00	791.64	-27327.03	-2.73	-0.24	0.08/-26.00	27327.00	2.73
600389	江山股份	1	2	50.00	1532.19	-27432.69	-2.74	-0.16	-16.19/-26.01	74081.94	7.41
300013	新宁物流	0	1	0.00	791.55	-27607.33	-2.76	-0.16	-0.95/-26.02	27607.31	2.76
002088	鲁阳节能	0	1	0.00	791.54	-27618.37	-2.76	-0.16	-0.27/-26.02	27618.38	2.76
600006	东风股份	0	1	0.00	791.46	-27938.39	-2.79	-0.17	-0.03/-26.06	27938.38	2.79
300284	苏交科	0	1	0.00	791.42	-28039.06	-2.80	-0.19	-3.70/-26.07	28039.06	2.80
000504	南华生物	0	1	0.00	791.22	-28714.07	-2.87	-0.17	1.09/-26.13	28714.13	2.87
688429	时创能源	0	1	0.00	791.03	-29367.13	-2.94	-0.90	-1.40/-26.20	29367.13	2.94
002790	瑞尔特	0	1	0.00	791.02	-29399.23	-2.94	-0.28	0.43/-26.20	29399.25	2.94
002692	远程股份	0	1	0.00	790.95	-29622.60	-2.96	-0.21	-2.55/-26.22	29622.56	2.96
002752	昇兴股份	0	2	0.00	1575.61	-30241.07	-3.02	-0.26	2.84/-26.29	30241.00	3.02
002633	申科股份	0	1	0.00	790.68	-30537.68	-3.05	-0.21	1.83/-26.32	30537.69	3.05
002370	亚太药业	0	1	0.00	790.66	-30570.79	-3.06	-0.18	-2.52/-26.32	30570.81	3.06
002376	新北洋	0	1	0.00	790.44	-31293.86	-3.13	-0.19	0.24/-26.39	31293.88	3.13
000893	亚钾国际	0	1	0.00	790.42	-31373.10	-3.14	-0.19	0.26/-26.40	31373.13	3.14
002927	泰永长征	1	2	50.00	1555.33	-31588.31	-3.16	-0.37	-4.68/-26.42	43588.25	4.36
002388	新亚制程	0	1	0.00	790.32	-31730.38	-3.17	-0.19	-2.87/-26.44	31730.38	3.17
600128	苏豪弘业	1	2	50.00	1552.89	-32003.94	-3.20	-0.19	-3.07/-26.46	46485.50	4.65
002675	东诚药业	0	1	0.00	790.19	-32122.24	-3.21	-0.22	-6.59/-26.47	32122.25	3.21
002672	东江环保	0	1	0.00	790.15	-32278.44	-3.23	-0.22	2.72/-26.49	32278.44	3.23
600081	东风科技	0	1	0.00	790.09	-32474.37	-3.25	-0.19	3.75/-26.51	32474.38	3.25
603006	联明股份	0	1	0.00	790.09	-32501.64	-3.25	-0.27	1.63/-26.51	32501.63	3.25
300093	金刚光伏	1	2	50.00	1550.75	-32909.75	-3.29	-0.20	2.55/-26.55	48823.06	4.88
000678	襄阳轴承	0	1	0.00	789.95	-32952.05	-3.30	-0.20	-7.36/-26.56	32952.06	3.30
601949	中国出版	0	1	0.00	789.81	-33426.51	-3.34	-0.37	0.26/-26.61	33426.50	3.34
603615	茶花股份	0	1	0.00	789.79	-33483.79	-3.35	-0.35	0.02/-26.61	33483.81	3.35
002132	恒星科技	0	2	0.00	1588.93	-33675.62	-3.37	-0.20	0.91/-26.63	33675.69	3.37
002017	东信和平	0	1	0.00	789.65	-33953.75	-3.40	-0.20	-5.66/-26.66	33953.75	3.40
001282	三联锻造	0	1	0.00	789.65	-33955.57	-3.40	-1.01	-5.60/-26.66	33955.56	3.40
300736	百邦科技	0	1	0.00	789.63	-33989.40	-3.40	-0.39	-3.85/-26.66	33989.38	3.40
603618	杭电股份	0	1	0.00	789.60	-34106.03	-3.41	-0.29	-0.04/-26.67	34106.06	3.41
002037	保利联合	0	1	0.00	789.55	-34292.32	-3.43	-0.20	-2.25/-26.69	34292.31	3.43
002451	摩恩电气	0	1	0.00	789.49	-34469.23	-3.45	-0.21	-2.62/-26.71	34469.25	3.45
601882	海天精工	0	1	0.00	789.45	-34612.49	-3.46	-0.35	-4.00/-26.72	34612.50	3.46
300143	盈康生命	0	1	0.00	789.45	-34626.60	-3.46	-0.22	-2.07/-26.73	34626.56	3.46
600936	北投科技	0	1	0.00	789.43	-34670.72	-3.47	-0.34	-0.70/-26.73	34670.75	3.47
300125	聆达股份	0	1	0.00	789.42	-34695.57	-3.47	-0.22	-1.83/-26.73	34695.56	3.47
603909	建发合诚	0	1	0.00	789.42	-34719.85	-3.47	-0.34	-6.21/-26.73	34719.88	3.47
300043	星辉娱乐	0	1	0.00	789.41	-34734.62	-3.47	-0.21	-3.76/-26.74	34734.63	3.47
002583	海能达	0	1	0.00	789.26	-35254.73	-3.53	-0.23	-4.49/-26.79	35254.75	3.53
300387	富邦科技	1	2	50.00	1559.31	-35614.80	-3.56	-0.29	-3.93/-26.82	37092.75	3.71
603755	日辰股份	0	1	0.00	789.07	-35884.78	-3.59	-0.51	-1.23/-26.85	35884.75	3.59
600897	厦门空港	0	1	0.00	788.94	-36308.26	-3.63	-0.22	-4.46/-26.89	36308.25	3.63
600792	云煤能源	0	1	0.00	788.92	-36369.71	-3.64	-0.22	-0.04/-26.90	36369.75	3.64
002644	佛慈制药	0	1	0.00	788.75	-36943.06	-3.69	-0.25	0.22/-26.96	36943.06	3.69
603281	江瀚新材	0	1	0.00	788.60	-37450.74	-3.75	-1.02	-5.95/-27.01	37450.75	3.75
600101	明星电力	0	1	0.00	788.52	-37721.44	-3.77	-0.23	-0.17/-27.03	37721.44	3.77
300569	天能重工	0	1	0.00	788.52	-37726.47	-3.77	-0.38	-2.54/-27.04	37726.44	3.77
603900	莱绅通灵	0	1	0.00	788.42	-38053.37	-3.81	-0.39	0.14/-27.07	38053.38	3.81
002333	罗普斯金	0	1	0.00	788.39	-38152.75	-3.82	-0.23	-6.02/-27.08	38152.75	3.82
603032	德新科技	0	1	0.00	788.33	-38357.49	-3.84	-0.39	0.11/-27.10	38357.50	3.84
688598	金博股份	0	1	0.00	788.29	-38477.24	-3.85	-0.60	-3.23/-27.11	38477.25	3.85
000520	凤凰航运	0	1	0.00	788.21	-38743.89	-3.87	-0.23	-0.90/-27.14	38743.88	3.87
002059	云南旅游	0	1	0.00	788.11	-39083.08	-3.91	-0.23	-13.47/-27.17	39083.06	3.91
002523	天桥起重	0	1	0.00	787.98	-39528.24	-3.95	-0.25	-0.58/-27.22	39528.25	3.95
301168	通灵股份	0	1	0.00	787.86	-39922.15	-3.99	-0.83	-6.93/-27.25	39922.19	3.99
300597	吉大通信	0	1	0.00	787.85	-39950.41	-4.00	-0.41	-0.62/-27.26	39950.44	4.00
300512	中亚股份	0	1	0.00	787.80	-40116.72	-4.01	-0.39	-2.09/-27.27	40116.75	4.01
002779	中坚科技	0	1	0.00	787.73	-40315.62	-4.03	-0.37	-0.66/-27.29	40315.63	4.03
600448	华纺股份	0	1	0.00	787.63	-40673.73	-4.07	-0.24	2.71/-27.33	40673.75	4.07
688006	杭可科技	0	1	0.00	787.62	-40729.98	-4.07	-0.57	-4.00/-27.34	40730.00	4.07
600661	昂立教育	0	2	0.00	1576.61	-40758.66	-4.08	-0.24	1.77/-27.34	40758.63	4.08
000999	华润三九	0	1	0.00	787.60	-40767.54	-4.08	-0.24	-0.14/-27.34	40767.56	4.08
600758	辽宁能源	0	1	0.00	787.57	-40882.06	-4.09	-0.24	-1.33/-27.35	40882.06	4.09
600249	两面针	0	1	0.00	787.49	-41134.13	-4.11	-0.25	-2.22/-27.38	41134.13	4.11
002586	围海股份	0	1	0.00	787.40	-41464.70	-4.15	-0.27	-2.20/-27.41	41464.69	4.15
002091	江苏国泰	0	1	0.00	787.38	-41519.27	-4.15	-0.25	-6.36/-27.41	41519.25	4.15
601858	中国科传	0	1	0.00	787.36	-41583.22	-4.16	-0.43	-0.56/-27.42	41583.25	4.16
002199	东晶电子	0	1	0.00	787.36	-41583.24	-4.16	-0.25	-0.82/-27.42	41583.25	4.16
300184	力源信息	0	2	0.00	1579.82	-41668.88	-4.17	-0.27	-5.80/-27.43	41668.81	4.17
300648	星云股份	0	1	0.00	787.16	-42246.73	-4.22	-0.45	-2.30/-27.49	42246.75	4.22
300537	广信材料	0	1	0.00	787.00	-42766.82	-4.28	-0.42	-3.44/-27.54	42766.81	4.28
600575	淮河能源	0	1	0.00	786.97	-42871.09	-4.29	-0.26	-0.92/-27.55	42871.13	4.29
000159	国际实业	0	1	0.00	786.96	-42924.21	-4.29	-0.26	-3.66/-27.56	42924.19	4.29
600113	浙江东日	0	1	0.00	786.82	-43388.30	-4.34	-0.26	-1.58/-27.60	43388.31	4.34
300490	华自科技	0	1	0.00	786.82	-43388.40	-4.34	-0.40	2.90/-27.60	43388.38	4.34
688303	大全能源	0	1	0.00	786.81	-43389.07	-4.34	-0.83	-3.94/-27.60	43389.06	4.34
300050	世纪鼎利	0	1	0.00	786.72	-43704.11	-4.37	-0.26	-4.65/-27.63	43704.13	4.37
002899	英派斯	0	1	0.00	786.70	-43768.54	-4.38	-0.48	-0.46/-27.64	43768.56	4.38
002606	大连电瓷	0	1	0.00	786.70	-43794.45	-4.38	-0.29	-3.13/-27.64	43794.44	4.38
000691	亚太实业	0	1	0.00	786.66	-43930.51	-4.39	-0.26	-4.37/-27.66	43930.56	4.39
603126	中材节能	0	1	0.00	786.53	-44348.17	-4.43	-0.36	2.80/-27.70	44348.13	4.43
000020	深华发Ａ	1	3	33.00	2332.88	-44812.35	-4.48	-0.27	-9.11/-27.74	44812.31	4.48
002051	中工国际	0	1	0.00	786.36	-44922.31	-4.49	-0.27	-5.39/-27.75	44922.31	4.49
688586	江航装备	0	1	0.00	786.16	-45560.15	-4.56	-0.74	-2.62/-27.82	45560.19	4.56
002434	万里扬	0	1	0.00	786.15	-45623.39	-4.56	-0.28	-6.77/-27.83	45623.38	4.56
002421	达实智能	0	1	0.00	786.08	-45833.88	-4.58	-0.28	1.24/-27.85	45833.88	4.58
300772	运达股份	0	1	0.00	786.08	-45850.12	-4.59	-0.62	0.70/-27.85	45850.13	4.59
300560	中富通	0	1	0.00	786.06	-45880.38	-4.59	-0.46	-3.31/-27.85	45880.38	4.59
300583	赛托生物	1	2	50.00	1510.97	-45928.74	-4.59	-0.47	1.48/-27.86	93651.00	9.37
300538	同益股份	0	1	0.00	785.99	-46126.73	-4.61	-0.46	-1.32/-27.88	46126.75	4.61
002153	石基信息	0	1	0.00	785.92	-46390.52	-4.64	-0.28	-5.16/-27.90	46390.56	4.64
300781	因赛集团	0	1	0.00	785.80	-46777.52	-4.68	-0.64	-3.24/-27.94	46777.50	4.68
002955	鸿合科技	0	1	0.00	785.73	-46964.96	-4.70	-0.64	-8.07/-27.96	46965.00	4.70
002902	铭普光磁	0	1	0.00	785.49	-47767.69	-4.78	-0.53	-1.41/-28.04	47767.69	4.78
300824	北鼎股份	0	1	0.00	785.50	-47786.77	-4.78	-0.76	-5.81/-28.04	47786.75	4.78
603619	中曼石油	0	1	0.00	785.37	-48216.29	-4.82	-0.54	0.88/-28.08	48216.31	4.82
300313	天山生物	0	1	0.00	785.29	-48471.29	-4.85	-0.34	2.39/-28.11	48471.31	4.85
601811	新华文轩	0	1	0.00	785.18	-48837.94	-4.88	-0.48	-1.54/-28.15	48837.94	4.88
300161	华中数控	0	2	0.00	1579.20	-48895.55	-4.89	-0.31	1.24/-28.15	48895.63	4.89
300140	节能环境	0	1	0.00	785.15	-48916.47	-4.89	-0.31	2.11/-28.15	48916.50	4.89
300484	蓝海华腾	0	1	0.00	785.03	-49338.85	-4.93	-0.47	-3.75/-28.20	49338.88	4.93
600717	天津港	0	1	0.00	784.99	-49471.14	-4.95	-0.30	-2.19/-28.21	49471.13	4.95
002580	圣阳股份	0	2	0.00	1564.05	-49745.12	-4.97	-0.32	-2.17/-28.24	49745.13	4.97
603876	鼎胜新材	0	1	0.00	784.88	-49853.08	-4.99	-0.59	-8.36/-28.25	49853.06	4.99
300786	国林科技	0	1	0.00	784.84	-49953.26	-5.00	-0.69	-0.09/-28.26	49953.31	5.00
603698	航天工程	0	1	0.00	784.79	-50131.36	-5.01	-0.43	-0.13/-28.28	50131.38	5.01
605300	佳禾食品	0	1	0.00	784.72	-50362.72	-5.04	-0.93	-2.70/-28.30	50362.75	5.04
603225	新凤鸣	0	1	0.00	784.65	-50610.15	-5.06	-0.53	-2.30/-28.32	50610.13	5.06
002137	实益达	0	1	0.00	784.65	-50616.93	-5.06	-0.30	-1.67/-28.32	50616.94	5.06
300584	海辰药业	0	1	0.00	784.58	-50812.35	-5.08	-0.52	-2.52/-28.34	50812.31	5.08
300213	佳讯飞鸿	0	1	0.00	784.56	-50916.11	-5.09	-0.33	-3.17/-28.35	50916.13	5.09
002355	兴民智通	1	3	33.00	2399.60	-50974.50	-5.10	-0.31	14.46/-28.36	72533.94	7.10
603988	中电电机	0	1	0.00	784.51	-51016.81	-5.10	-0.43	-5.31/-28.36	51016.81	5.10
002922	伊戈尔	0	1	0.00	784.39	-51475.48	-5.15	-0.59	-1.23/-28.41	51475.44	5.15
002259	升达林业	0	1	0.00	784.18	-52186.98	-5.22	-0.31	-7.99/-28.48	52187.00	5.22
300499	高澜股份	0	1	0.00	784.15	-52253.14	-5.23	-0.49	-2.25/-28.49	52253.19	5.23
601921	浙版传媒	0	1	0.00	784.15	-52277.45	-5.23	-1.01	-3.13/-28.49	52277.44	5.23
603998	方盛制药	0	1	0.00	784.15	-52285.02	-5.23	-0.44	1.77/-28.49	52285.00	5.23
603288	海天味业	0	1	0.00	784.10	-52440.84	-5.24	-0.41	-1.31/-28.51	52440.88	5.24
688100	威胜信息	0	2	0.00	1574.92	-52730.05	-5.27	-0.79	-4.35/-28.54	52730.06	5.27
002793	罗欣药业	0	1	0.00	783.97	-52855.76	-5.29	-0.50	1.49/-28.55	52855.81	5.29
300947	德必集团	0	1	0.00	783.90	-53110.53	-5.31	-0.94	-6.87/-28.57	53110.50	5.31
600744	华银电力	0	1	0.00	783.76	-53587.46	-5.36	-0.32	-3.43/-28.62	53587.44	5.36
600246	万通发展	0	1	0.00	783.52	-54361.02	-5.44	-0.32	-3.63/-28.70	54361.00	5.44
000697	炼石航空	0	1	0.00	783.39	-54810.39	-5.48	-0.33	-2.11/-28.74	54810.38	5.48
000711	京蓝科技	0	1	0.00	783.27	-55211.50	-5.52	-0.33	-3.67/-28.78	55211.50	5.52
688358	祥生医疗	0	1	0.00	783.11	-55696.13	-5.57	-0.82	-0.60/-28.83	55696.13	5.57
002309	中利集团	0	1	0.00	782.97	-56217.35	-5.62	-0.34	-2.25/-28.88	56217.38	5.62
603516	淳中科技	0	1	0.00	782.96	-56228.66	-5.62	-0.65	-2.25/-28.89	56228.63	5.62
300473	德尔股份	1	3	33.00	2272.30	-56723.43	-5.67	-0.50	-0.49/-28.94	82688.94	8.27
002687	乔治白	0	1	0.00	782.73	-57004.49	-5.70	-0.40	1.08/-28.96	57004.50	5.70
600618	氯碱化工	0	1	0.00	782.23	-58662.73	-5.87	-0.35	-16.40/-29.13	58662.75	5.87
002919	名臣健康	0	1	0.00	782.23	-58679.80	-5.87	-0.67	-1.91/-29.13	58679.81	5.87
600775	南京熊猫	0	1	0.00	782.07	-59194.18	-5.92	-0.35	-4.28/-29.18	59194.19	5.92
600234	科新发展	0	1	0.00	782.08	-59194.30	-5.92	-0.35	-2.95/-29.18	59194.31	5.92
002203	海亮股份	2	4	50.00	3144.24	-59701.68	-5.97	-0.36	-8.36/-29.23	97485.00	9.47
002206	海 利 得	0	2	0.00	1568.33	-60397.62	-6.04	-0.36	-4.72/-29.30	60397.56	6.04
300025	华星创业	0	1	0.00	781.55	-60945.41	-6.09	-0.36	-2.15/-29.36	60945.44	6.09
300577	开润股份	0	1	0.00	781.50	-61055.03	-6.11	-0.62	-8.86/-29.37	61055.00	6.11
603826	坤彩科技	0	1	0.00	781.42	-61356.46	-6.14	-0.65	-5.85/-29.40	61356.50	6.14
600619	海立股份	0	1	0.00	781.36	-61577.92	-6.16	-0.37	0.86/-29.42	61577.94	6.16
300550	和仁科技	0	1	0.00	781.33	-61677.97	-6.17	-0.62	-2.33/-29.43	61677.94	6.17
002713	东易日盛	0	1	0.00	781.27	-61877.62	-6.19	-0.49	-4.18/-29.45	61877.63	6.19
300518	新迅达	0	1	0.00	781.25	-61945.00	-6.19	-0.60	-7.04/-29.46	61945.00	6.19
688686	奥普特	0	1	0.00	781.01	-62449.40	-6.24	-1.08	-4.44/-29.51	62449.38	6.24
000628	高新发展	0	2	0.00	1570.97	-62677.45	-6.27	-0.37	-6.44/-29.53	62677.44	6.27
601107	四川成渝	0	1	0.00	781.00	-62765.43	-6.28	-0.37	0.96/-29.54	62765.44	6.28
002929	润建股份	0	1	0.00	780.99	-62769.81	-6.28	-0.73	-2.35/-29.54	62769.81	6.28
000586	汇源通信	0	1	0.00	780.95	-62941.17	-6.29	-0.38	-2.35/-29.56	62941.19	6.29
300469	信息发展	0	1	0.00	780.83	-63324.41	-6.33	-0.56	-2.40/-29.60	63324.38	6.33
300115	长盈精密	0	1	0.00	780.79	-63487.14	-6.35	-0.39	-7.69/-29.61	63487.19	6.35
300731	科创新源	0	1	0.00	780.20	-65420.22	-6.54	-0.74	-4.48/-29.80	65420.19	6.54
002910	庄园牧场	0	2	0.00	1557.17	-66183.27	-6.62	-0.74	1.13/-29.88	66183.25	6.62
600648	外高桥	0	1	0.00	779.91	-66383.53	-6.64	-0.40	-9.17/-29.90	66383.56	6.64
002086	东方海洋	0	1	0.00	779.61	-67412.83	-6.74	-0.40	-8.95/-30.00	67412.88	6.74
002495	佳隆股份	0	1	0.00	779.33	-68361.21	-6.84	-0.43	-0.06/-30.10	68361.19	6.84
603386	骏亚科技	0	1	0.00	779.04	-69304.82	-6.93	-0.77	-3.56/-30.19	69304.81	6.93
002455	百川股份	0	2	0.00	1534.15	-69762.44	-6.98	-0.43	0.66/-30.24	69762.38	6.98
300333	兆日科技	1	3	33.00	2280.63	-69916.56	-6.99	-0.49	-1.82/-30.25	89128.81	8.91
003020	立方制药	1	3	33.00	2311.66	-70722.66	-7.07	-1.22	-5.54/-30.33	70722.69	7.07
600035	楚天高速	0	1	0.00	778.28	-71853.83	-7.19	-0.43	-0.19/-30.45	71853.81	7.19
603188	亚邦股份	0	1	0.00	778.08	-72497.77	-7.25	-0.60	-0.02/-30.51	72497.75	7.25
002453	华软科技	0	1	0.00	777.64	-73958.45	-7.40	-0.46	-0.40/-30.66	73958.44	7.40
600182	S佳通	0	1	0.00	777.34	-74955.13	-7.50	-0.45	1.19/-30.76	74955.13	7.50
002429	兆驰股份	0	1	0.00	777.31	-75064.50	-7.51	-0.46	-7.51/-30.77	75064.50	7.51
300249	依米康	0	2	0.00	1542.76	-75303.09	-7.53	-0.50	-1.41/-30.79	75303.06	7.53
300833	浩洋股份	0	1	0.00	777.09	-75743.41	-7.57	-1.19	-3.57/-30.84	75743.44	7.57
300416	苏试试验	0	1	0.00	776.78	-76858.03	-7.69	-0.66	-6.85/-30.95	76858.00	7.69
600768	富邦新材	0	2	0.00	1560.77	-78465.37	-7.85	-0.47	-0.05/-31.11	78465.38	7.85
300637	扬帆新材	0	1	0.00	776.27	-78524.85	-7.85	-0.83	-1.07/-31.12	78524.81	7.85
600800	渤海化学	0	2	0.00	1535.45	-80562.40	-8.06	-0.48	-0.42/-31.32	80562.44	8.06
000695	滨海能源	0	1	0.00	773.39	-88133.03	-8.81	-0.53	-4.08/-32.08	88133.00	8.81
605008	长鸿高科	0	2	0.00	1534.85	-91162.86	-9.12	-1.49	-8.92/-32.38	91162.88	9.12
300510	金冠股份	0	1	0.00	772.40	-91448.49	-9.14	-0.88	-2.37/-32.41	91448.50	9.14
600987	航民股份	0	2	0.00	1535.81	-96650.23	-9.67	-0.58	-7.50/-32.93	96650.19	9.67
000058	深 赛 格	0	2	0.00	1531.43	-101416.80	-10.14	-0.61	-8.24/-33.40	101416.75	10.14
002474	榕基软件	0	1	0.00	769.28	-101827.68	-10.18	-0.63	-3.41/-33.45	101827.63	10.18
603938	三孚股份	0	2	0.00	1499.69	-106515.77	-10.65	-1.15	-3.49/-33.91	106515.81	10.65
300069	金利华电	0	2	0.00	1524.79	-109450.33	-10.95	-0.67	-6.71/-34.21	109450.31	10.95
300542	新晨科技	0	2	0.00	1492.65	-110473.74	-11.05	-1.10	-5.03/-34.31	110473.69	11.05
300690	双一科技	0	1	0.00	764.91	-116374.73	-11.64	-1.27	-0.14/-34.90	116374.75	11.64
300358	楚天科技	1	3	33.00	2195.24	-135790.27	-13.58	-1.07	-6.88/-36.84	162589.19	16.26
002016	世荣兆业	0	1	0.00	755.09	-149106.63	-14.91	-0.89	-12.37/-38.17	149106.63	14.91
688819	天能股份	0	1	0.00	753.90	-153040.21	-15.30	-2.68	-16.28/-38.57	153040.25	15.30
300730	科创信息	0	2	0.00	1479.78	-154561.39	-15.46	-1.75	-6.17/-38.72	154561.38	15.46
300071	福石控股	0	2	0.00	1479.04	-158754.11	-15.88	-0.96	-11.31/-39.14	158754.06	15.88
