品种代码	品种名称	盈利数	总次数	胜率(%)	手续费(元)	净利润(元)	收益率(%)	年化收益率(%)	相对收益率α/β(%)	最大回撤(元)	最大回撤比(%)
------	综合统计	200	360	55.56	303907.82	38203556.20	0.73	0.04	0.35/-22.53	132545.94	13.25
600682	南京新百	1	2	50.00	4045.78	2062880.22	206.29	12.32	189.01/183.03	221402.75	6.74
000636	风华高科	1	1	100.00	1406.07	2020170.68	202.02	12.06	200.66/178.75	0.00	0.00
688110	东芯股份	1	1	100.00	1236.33	1454526.67	145.45	30.23	136.30/122.19	0.00	0.00
300024	机器人	1	1	100.00	1186.63	1288922.25	128.89	7.69	82.94/105.63	0.00	0.00
600893	航发动力	1	1	100.00	1162.10	1207252.40	120.73	7.21	74.77/97.46	0.00	0.00
000690	宝新能源	1	1	100.00	1128.40	1094860.85	109.49	6.54	98.26/86.22	0.00	0.00
000661	长春高新	2	2	100.00	2107.95	1038613.06	103.86	6.20	72.92/80.60	0.00	0.00
002155	湖南黄金	3	3	100.00	3035.30	960296.42	96.03	5.73	53.91/72.77	0.00	0.00
601208	东材科技	2	3	66.00	2851.24	878595.08	87.86	5.71	63.32/64.60	62878.88	5.47
300885	海昌新材	1	1	100.00	1014.06	713891.44	71.39	11.77	61.16/48.13	0.00	0.00
603606	东方电缆	1	1	100.00	998.54	662138.15	66.21	5.53	56.66/42.95	0.00	0.00
002299	圣农发展	1	1	100.00	996.99	657001.07	65.70	3.92	49.09/42.44	0.00	0.00
300083	创世纪	1	1	100.00	980.66	602549.22	60.25	3.68	58.87/36.99	0.00	0.00
300943	春晖智控	1	1	100.00	970.84	569834.22	56.98	10.10	59.65/33.72	0.00	0.00
000006	深振业Ａ	1	1	100.00	965.36	551563.52	55.16	3.29	37.19/31.89	0.00	0.00
002063	远光软件	1	1	100.00	960.91	536723.91	53.67	3.20	31.77/30.41	0.00	0.00
600864	哈投股份	1	1	100.00	954.40	515069.75	51.51	3.07	19.72/28.24	0.00	0.00
600748	上实发展	1	1	100.00	951.87	506639.13	50.66	3.02	20.76/27.40	0.00	0.00
600298	安琪酵母	2	3	66.00	2984.86	497155.67	49.72	2.97	41.98/26.45	67853.75	5.19
002226	江南化工	1	1	100.00	946.48	488648.93	48.86	2.92	29.60/25.60	0.00	0.00
000063	中兴通讯	1	1	100.00	946.02	487144.02	48.71	2.91	27.13/25.45	0.00	0.00
000876	新 希 望	1	1	100.00	943.28	477983.38	47.80	2.85	14.97/24.54	0.00	0.00
001337	四川黄金	1	1	100.00	940.47	468648.63	46.86	13.08	48.49/23.60	0.00	0.00
000731	四川美丰	1	1	100.00	938.63	462494.97	46.25	2.76	14.56/22.99	0.00	0.00
002846	英联股份	1	1	100.00	938.31	461446.12	46.14	4.78	43.87/22.88	0.00	0.00
600089	特变电工	1	1	100.00	930.60	435743.15	43.57	2.60	21.34/20.31	0.00	0.00
600160	巨化股份	2	3	66.00	2921.98	434939.85	43.49	2.60	14.20/20.23	108444.50	8.35
002008	大族激光	2	2	100.00	1975.62	430399.85	43.04	2.57	35.92/19.78	0.00	0.00
300072	海新能科	1	1	100.00	928.86	429939.92	42.99	2.62	10.18/19.73	0.00	0.00
300255	常山药业	1	1	100.00	925.70	419400.96	41.94	2.77	5.89/18.68	0.00	0.00
603613	国联股份	1	1	100.00	922.03	407250.72	40.73	5.67	31.74/17.46	0.00	0.00
301603	乔锋智能	1	1	100.00	920.71	402887.60	40.29	18.07	30.67/17.03	0.00	0.00
002307	北新路桥	1	1	100.00	917.88	393356.28	39.34	2.35	6.48/16.07	0.00	0.00
000423	东阿阿胶	1	1	100.00	917.07	390651.02	39.07	2.33	16.83/15.80	0.00	0.00
000758	中色股份	1	1	100.00	916.73	389532.61	38.95	2.33	12.63/15.69	0.00	0.00
000600	建投能源	1	1	100.00	914.04	380564.74	38.06	2.27	9.50/14.79	0.00	0.00
600085	同仁堂	1	1	100.00	912.68	376045.04	37.60	2.24	13.03/14.34	0.00	0.00
600859	王府井	1	1	100.00	911.71	372800.94	37.28	2.23	13.34/14.02	0.00	0.00
300328	宜安科技	1	1	100.00	910.53	368870.32	36.89	2.58	28.73/13.62	0.00	0.00
603588	高能环境	1	1	100.00	908.71	362804.10	36.28	3.08	26.83/13.02	0.00	0.00
600331	宏达股份	1	1	100.00	906.81	356486.88	35.65	2.13	36.04/12.39	0.00	0.00
600743	华远控股	1	1	100.00	905.34	351549.48	35.15	2.10	14.07/11.89	0.00	0.00
688709	成都华微	1	1	100.00	905.08	350718.92	35.07	13.24	25.74/11.81	0.00	0.00
600526	菲达环保	1	1	100.00	903.58	345711.98	34.57	2.06	12.07/11.31	0.00	0.00
300496	中科创达	1	1	100.00	899.71	332855.73	33.29	3.08	22.51/10.02	0.00	0.00
603012	创力集团	1	1	100.00	898.41	328508.40	32.85	2.85	34.70/9.59	0.00	0.00
000877	天山股份	1	1	100.00	897.84	326585.41	32.66	1.95	9.47/9.40	0.00	0.00
600763	通策医疗	1	1	100.00	897.17	324364.99	32.44	1.94	14.17/9.17	0.00	0.00
600675	中华企业	1	1	100.00	893.92	313510.80	31.35	1.87	4.01/8.09	0.00	0.00
600323	瀚蓝环境	1	1	100.00	893.81	313137.44	31.31	1.87	-5.39/8.05	0.00	0.00
300454	深信服	1	1	100.00	893.23	311626.30	31.16	3.72	21.82/7.90	0.00	0.00
603308	应流股份	1	1	100.00	893.24	311257.20	31.13	2.45	7.74/7.86	0.00	0.00
300990	同飞股份	1	1	100.00	890.93	303608.01	30.36	5.63	22.27/7.10	0.00	0.00
600067	冠城新材	1	1	100.00	889.85	299942.78	29.99	1.79	2.14/6.73	0.00	0.00
300015	爱尔眼科	1	1	100.00	889.25	297939.56	29.79	1.78	28.41/6.53	0.00	0.00
605299	舒华体育	1	1	100.00	888.52	295499.98	29.55	5.09	29.92/6.29	0.00	0.00
000751	锌业股份	1	1	100.00	886.07	287340.72	28.73	1.72	31.35/5.47	0.00	0.00
600133	东湖高新	1	1	100.00	884.53	282248.37	28.22	1.68	4.28/4.96	0.00	0.00
601678	滨化股份	1	2	50.00	1959.67	278099.34	27.81	1.67	0.19/4.55	67643.38	5.03
603268	松发股份	1	1	100.00	883.25	277959.22	27.80	2.41	29.48/4.53	0.00	0.00
600111	北方稀土	1	2	50.00	1926.74	266854.57	26.69	1.59	0.01/3.42	41963.63	3.21
600322	津投城开	1	1	100.00	879.17	264372.01	26.44	1.58	11.70/3.17	0.00	0.00
601388	怡球资源	1	1	100.00	878.11	260820.03	26.08	1.80	29.00/2.82	0.00	0.00
600166	福田汽车	1	1	100.00	875.03	250551.46	25.06	1.50	-2.49/1.79	0.00	0.00
002202	金风科技	1	1	100.00	874.89	250081.91	25.01	1.49	5.73/1.75	0.00	0.00
002166	莱茵生物	1	1	100.00	872.86	243322.46	24.33	1.45	4.91/1.07	0.00	0.00
002901	大博医疗	1	1	100.00	871.57	239130.18	23.91	2.65	16.66/0.65	0.00	0.00
600276	恒瑞医药	3	4	75.00	3567.50	238605.28	23.86	1.42	1.23/0.60	59567.13	4.59
600490	鹏欣资源	1	1	100.00	868.61	229158.74	22.92	1.37	17.71/-0.35	0.00	0.00
300696	爱乐达	1	1	100.00	868.33	228244.94	22.82	2.50	15.26/-0.44	0.00	0.00
000572	海马汽车	1	1	100.00	867.57	225706.79	22.57	1.35	1.48/-0.69	0.00	0.00
600367	红星发展	2	2	100.00	1814.99	223768.24	22.38	1.34	21.21/-0.89	0.00	0.00
688002	睿创微纳	1	2	50.00	1648.92	210009.96	21.00	2.92	21.32/-2.26	17107.69	1.71
600422	昆药集团	1	1	100.00	862.49	208776.40	20.88	1.25	-3.71/-2.39	0.00	0.00
002250	联化科技	1	1	100.00	859.74	199621.15	19.96	1.19	23.91/-3.30	0.00	0.00
002152	广电运通	1	1	100.00	858.17	194383.75	19.44	1.16	18.26/-3.82	0.00	0.00
000035	中国天楹	1	1	100.00	858.00	193831.11	19.38	1.16	5.64/-3.88	0.00	0.00
002560	通达股份	1	1	100.00	857.95	193630.07	19.36	1.24	18.41/-3.90	0.00	0.00
300001	特锐德	1	1	100.00	857.85	193322.47	19.33	1.15	8.12/-3.93	0.00	0.00
600711	盛屯矿业	1	1	100.00	857.43	191914.24	19.19	1.15	13.26/-4.07	0.00	0.00
688019	安集科技	1	2	50.00	1629.34	191822.13	19.18	2.66	14.96/-4.08	34797.88	3.48
600487	亨通光电	2	2	100.00	1676.40	187055.85	18.71	1.12	9.72/-4.56	0.00	0.00
600805	悦达投资	1	1	100.00	855.25	184674.93	18.47	1.10	-13.11/-4.80	0.00	0.00
000729	燕京啤酒	1	1	100.00	854.64	182597.96	18.26	1.09	-4.52/-5.00	0.00	0.00
600467	好当家	1	1	100.00	854.27	181390.24	18.14	1.08	-4.12/-5.12	0.00	0.00
603612	索通发展	1	2	50.00	1599.43	177741.17	17.77	1.93	7.52/-5.49	66978.13	6.70
300601	康泰生物	1	1	100.00	852.52	175588.51	17.56	1.82	19.39/-5.70	0.00	0.00
600720	中交设计	1	1	100.00	851.38	171751.97	17.18	1.03	-7.90/-6.09	0.00	0.00
000726	鲁 泰Ａ	1	1	100.00	849.63	165917.81	16.59	0.99	-1.53/-6.67	0.00	0.00
002821	凯莱英	1	1	100.00	849.40	165398.99	16.54	1.67	17.83/-6.72	0.00	0.00
000650	仁和药业	1	1	100.00	846.45	155324.88	15.53	0.93	19.21/-7.73	0.00	0.00
000923	河钢资源	1	1	100.00	845.50	152173.72	15.22	0.91	15.92/-8.05	0.00	0.00
600844	金煤科技	1	1	100.00	843.93	146928.13	14.69	0.88	-3.31/-8.57	0.00	0.00
600802	福建水泥	1	1	100.00	843.10	144168.15	14.42	0.86	-3.88/-8.85	0.00	0.00
300938	信测标准	1	1	100.00	843.06	144067.78	14.41	2.54	17.85/-8.86	0.00	0.00
002428	云南锗业	1	1	100.00	842.76	143036.65	14.30	0.88	-7.63/-8.96	0.00	0.00
300726	宏达电子	1	1	100.00	841.94	140347.78	14.03	1.58	11.80/-9.23	0.00	0.00
300122	智飞生物	1	1	100.00	841.87	140094.05	14.01	0.87	13.42/-9.25	0.00	0.00
002785	万里石	1	1	100.00	841.12	137588.89	13.76	1.28	15.68/-9.50	0.00	0.00
000612	焦作万方	1	1	100.00	840.48	135454.02	13.55	0.81	16.01/-9.72	0.00	0.00
300650	太龙股份	1	1	100.00	840.21	134553.65	13.46	1.43	10.75/-9.81	0.00	0.00
688432	有研硅	1	1	100.00	838.83	129941.68	12.99	3.34	11.55/-10.27	0.00	0.00
600489	中金黄金	1	1	100.00	837.37	125075.65	12.51	0.75	-0.88/-10.76	0.00	0.00
600697	欧亚集团	1	1	100.00	837.16	124392.70	12.44	0.74	3.19/-10.82	0.00	0.00
002943	宇晶股份	1	1	100.00	836.72	122907.02	12.29	1.57	1.99/-10.97	0.00	0.00
601933	永辉超市	1	1	100.00	835.44	118644.95	11.86	0.75	-8.40/-11.40	0.00	0.00
600362	江西铜业	1	1	100.00	834.44	115338.32	11.53	0.69	-6.59/-11.73	0.00	0.00
002597	金禾实业	1	1	100.00	832.77	109731.23	10.97	0.72	9.09/-12.29	0.00	0.00
000960	锡业股份	1	1	100.00	832.18	107795.94	10.78	0.64	-7.48/-12.48	0.00	0.00
600499	科达制造	1	2	50.00	1598.67	107582.07	10.76	0.64	13.94/-12.50	41621.19	4.16
002448	中原内配	1	1	100.00	831.51	105542.73	10.55	0.65	3.57/-12.71	0.00	0.00
002284	亚太股份	1	1	100.00	829.90	100177.93	10.02	0.60	8.72/-13.24	0.00	0.00
301099	雅创电子	1	1	100.00	829.75	99674.30	9.97	2.05	10.19/-13.30	0.00	0.00
000538	云南白药	1	1	100.00	829.74	99661.72	9.97	0.59	-9.33/-13.30	0.00	0.00
000422	湖北宜化	1	2	50.00	1738.72	98955.95	9.90	0.59	-10.82/-13.37	37761.88	3.32
300183	东软载波	1	1	100.00	829.53	98952.18	9.90	0.63	11.59/-13.37	0.00	0.00
300124	汇川技术	2	2	100.00	1650.06	97859.83	9.79	0.61	4.47/-13.48	0.00	0.00
000897	津滨发展	1	1	100.00	829.01	97210.47	9.72	0.58	-11.99/-13.54	0.00	0.00
300815	玉禾田	1	1	100.00	828.56	95729.46	9.57	1.43	10.99/-13.69	0.00	0.00
000887	中鼎股份	1	1	100.00	828.34	94993.30	9.50	0.57	10.81/-13.76	0.00	0.00
600436	片仔癀	2	2	100.00	1656.02	93375.66	9.34	0.56	2.54/-13.93	0.00	0.00
600519	贵州茅台	1	1	100.00	826.84	90778.16	9.08	0.54	4.02/-14.18	0.00	0.00
301172	君逸数码	1	1	100.00	825.30	84879.92	8.49	2.66	6.19/-14.77	0.00	0.00
688102	斯瑞新材	1	1	100.00	825.26	84728.70	8.47	1.86	-0.01/-14.79	0.00	0.00
300358	楚天科技	1	1	100.00	825.20	84509.70	8.45	0.67	8.78/-14.81	0.00	0.00
002007	华兰生物	1	1	100.00	824.86	83391.98	8.34	0.50	4.66/-14.92	0.00	0.00
300355	蒙草生态	1	1	100.00	824.69	82824.14	8.28	0.59	4.55/-14.98	0.00	0.00
300760	迈瑞医疗	1	1	100.00	823.96	80740.62	8.07	1.01	0.42/-15.19	0.00	0.00
002643	万润股份	1	1	100.00	823.75	79703.53	7.97	0.54	8.18/-15.29	0.00	0.00
000926	福星股份	1	1	100.00	823.58	79136.06	7.91	0.47	-6.63/-15.35	0.00	0.00
002324	普利特	1	2	50.00	1710.79	75248.68	7.52	0.45	1.75/-15.74	35455.88	3.19
000963	华东医药	1	2	50.00	1721.60	74958.11	7.50	0.45	11.45/-15.77	49406.50	4.39
000792	盐湖股份	1	1	100.00	821.96	73706.71	7.37	0.44	16.52/-15.89	0.00	0.00
600778	友好集团	1	1	100.00	820.03	67285.94	6.73	0.40	-12.58/-16.53	0.00	0.00
300271	华宇软件	1	1	100.00	819.16	64437.44	6.44	0.43	2.74/-16.82	0.00	0.00
002353	杰瑞股份	1	1	100.00	818.41	62026.89	6.20	0.37	4.45/-17.06	0.00	0.00
600354	敦煌种业	1	1	100.00	818.21	61225.89	6.12	0.37	-8.75/-17.14	0.00	0.00
002989	中天精装	1	1	100.00	818.03	60654.47	6.07	0.96	8.02/-17.20	0.00	0.00
002080	中材科技	1	1	100.00	817.99	60505.78	6.05	0.36	4.06/-17.21	0.00	0.00
688088	虹软科技	1	1	100.00	817.55	59045.49	5.90	0.82	2.75/-17.36	0.00	0.00
300408	三环集团	1	1	100.00	817.01	57258.59	5.73	0.48	1.16/-17.54	0.00	0.00
300047	天源迪科	1	1	100.00	816.69	56172.24	5.62	0.34	3.18/-17.65	0.00	0.00
688239	航宇科技	1	1	100.00	816.63	56001.44	5.60	1.07	-0.43/-17.66	0.00	0.00
603379	三美股份	1	1	100.00	816.55	55764.26	5.58	0.74	-1.40/-17.69	0.00	0.00
603288	海天味业	1	1	100.00	815.95	53856.13	5.39	0.43	-4.59/-17.88	0.00	0.00
300022	吉峰科技	1	1	100.00	815.75	53039.93	5.30	0.32	3.67/-17.96	0.00	0.00
002092	中泰化学	1	2	50.00	1714.40	50039.55	5.00	0.30	-18.11/-18.26	74625.25	6.64
002475	立讯精密	1	1	100.00	814.71	49571.47	4.96	0.31	2.27/-18.31	0.00	0.00
002410	广联达	1	1	100.00	813.31	44946.70	4.49	0.27	4.67/-18.77	0.00	0.00
000682	东方电子	1	1	100.00	813.27	44763.90	4.48	0.27	5.66/-18.79	0.00	0.00
000922	佳电股份	1	1	100.00	812.42	41955.03	4.20	0.25	4.95/-19.07	0.00	0.00
002104	恒宝股份	1	1	100.00	812.39	41849.00	4.18	0.25	1.24/-19.08	0.00	0.00
600558	大西洋	1	1	100.00	812.13	40972.87	4.10	0.24	2.56/-19.17	0.00	0.00
600742	XD富维股	1	1	100.00	812.09	40833.44	4.08	0.24	4.60/-19.18	0.00	0.00
002474	榕基软件	1	1	100.00	811.78	39818.01	3.98	0.25	2.87/-19.28	0.00	0.00
601118	海南橡胶	1	1	100.00	811.07	37442.50	3.74	0.24	-3.36/-19.52	0.00	0.00
600161	天坛生物	1	1	100.00	810.96	37095.42	3.71	0.22	1.93/-19.55	0.00	0.00
301112	信邦智能	1	1	100.00	809.87	33427.46	3.34	0.79	-3.20/-19.92	0.00	0.00
000920	沃顿科技	1	1	100.00	808.72	29622.93	2.96	0.18	-1.62/-20.30	0.00	0.00
002232	启明信息	1	1	100.00	808.01	27215.31	2.72	0.16	2.67/-20.54	0.00	0.00
002556	辉隆股份	1	1	100.00	807.21	24560.79	2.46	0.16	1.68/-20.81	0.00	0.00
600305	恒顺醋业	1	1	100.00	806.87	23415.61	2.34	0.14	-15.37/-20.92	0.00	0.00
300415	伊之密	1	1	100.00	806.72	22916.74	2.29	0.20	1.20/-20.97	0.00	0.00
600577	精达股份	1	1	100.00	806.34	21682.35	2.17	0.13	-3.09/-21.09	0.00	0.00
000061	农 产 品	1	1	100.00	806.15	21047.14	2.10	0.13	3.35/-21.16	0.00	0.00
000524	岭南控股	1	1	100.00	805.87	20107.18	2.01	0.12	2.12/-21.25	0.00	0.00
300666	江丰电子	1	1	100.00	805.49	18892.56	1.89	0.20	-0.86/-21.37	0.00	0.00
002391	长青股份	1	1	100.00	805.31	18232.68	1.82	0.11	-11.99/-21.44	0.00	0.00
603358	华达科技	1	1	100.00	804.16	14440.14	1.44	0.15	2.00/-21.82	0.00	0.00
002392	北京利尔	1	2	50.00	1497.77	13710.20	1.37	0.08	-17.60/-21.89	132545.94	13.25
000839	国安股份	1	1	100.00	803.58	12452.36	1.25	0.07	-10.72/-22.02	0.00	0.00
002430	杭氧股份	1	1	100.00	803.44	12059.75	1.21	0.07	2.80/-22.06	0.00	0.00
603079	圣达生物	1	1	100.00	803.31	11577.81	1.16	0.13	-9.17/-22.10	0.00	0.00
600201	生物股份	1	1	100.00	802.73	9643.52	0.96	0.06	1.44/-22.30	0.00	0.00
600056	中国医药	1	1	100.00	802.71	9579.17	0.96	0.06	-9.24/-22.30	0.00	0.00
605305	中际联合	1	1	100.00	801.97	7143.08	0.71	0.13	2.30/-22.55	0.00	0.00
600004	白云机场	1	2	50.00	1536.77	7108.13	0.71	0.04	9.81/-22.55	81297.00	8.13
002023	海特高新	1	1	100.00	801.55	5698.08	0.57	0.03	2.17/-22.69	0.00	0.00
601966	玲珑轮胎	1	1	100.00	801.08	4142.04	0.41	0.04	-3.14/-22.85	0.00	0.00
002078	太阳纸业	1	1	100.00	800.94	3681.11	0.37	0.02	-11.59/-22.89	0.00	0.00
002332	仙琚制药	1	1	100.00	800.74	2993.88	0.30	0.02	4.94/-22.96	0.00	0.00
000001	平安银行	0	0	0.00	0.00	0.00	0.00	0.00	0.00/-23.26	0.00	0.00
000002	万 科Ａ	0	0	0.00	0.00	0.00	0.00	0.00	0.00/-23.26	0.00	0.00
000007	全新好	0	0	0.00	0.00	0.00	0.00	0.00	0.00/-23.26	0.00	0.00
000008	神州高铁	0	0	0.00	0.00	0.00	0.00	0.00	0.00/-23.26	0.00	0.00
000009	中国宝安	0	0	0.00	0.00	0.00	0.00	0.00	0.00/-23.26	0.00	0.00
000010	*ST美丽	0	0	0.00	0.00	0.00	0.00	0.00	0.00/-23.26	0.00	0.00
000011	深物业A	0	0	0.00	0.00	0.00	0.00	0.00	0.00/-23.26	0.00	0.00
000012	南 玻Ａ	0	0	0.00	0.00	0.00	0.00	0.00	0.00/-23.26	0.00	0.00
000014	沙河股份	0	0	0.00	0.00	0.00	0.00	0.00	0.00/-23.26	0.00	0.00
000016	*ST康佳A	0	0	0.00	0.00	0.00	0.00	0.00	0.00/-23.26	0.00	0.00
000017	深中华A	0	0	0.00	0.00	0.00	0.00	0.00	0.00/-23.26	0.00	0.00
000019	深粮控股	0	0	0.00	0.00	0.00	0.00	0.00	0.00/-23.26	0.00	0.00
000020	深华发Ａ	0	0	0.00	0.00	0.00	0.00	0.00	0.00/-23.26	0.00	0.00
000021	深科技	0	0	0.00	0.00	0.00	0.00	0.00	0.00/-23.26	0.00	0.00
000025	特 力Ａ	0	0	0.00	0.00	0.00	0.00	0.00	0.00/-23.26	0.00	0.00
000026	飞亚达	0	0	0.00	0.00	0.00	0.00	0.00	0.00/-23.26	0.00	0.00
000027	深圳能源	0	0	0.00	0.00	0.00	0.00	0.00	0.00/-23.26	0.00	0.00
000028	国药一致	0	0	0.00	0.00	0.00	0.00	0.00	0.00/-23.26	0.00	0.00
000029	深深房Ａ	0	0	0.00	0.00	0.00	0.00	0.00	0.00/-23.26	0.00	0.00
000030	富奥股份	0	0	0.00	0.00	0.00	0.00	0.00	0.00/-23.26	0.00	0.00
000031	大悦城	0	0	0.00	0.00	0.00	0.00	0.00	0.00/-23.26	0.00	0.00
000032	深桑达Ａ	0	0	0.00	0.00	0.00	0.00	0.00	0.00/-23.26	0.00	0.00
000034	神州数码	0	0	0.00	0.00	0.00	0.00	0.00	0.00/-23.26	0.00	0.00
000036	华联控股	0	0	0.00	0.00	0.00	0.00	0.00	0.00/-23.26	0.00	0.00
000037	深南电A	0	0	0.00	0.00	0.00	0.00	0.00	0.00/-23.26	0.00	0.00
000042	中洲控股	0	0	0.00	0.00	0.00	0.00	0.00	0.00/-23.26	0.00	0.00
000045	深纺织Ａ	0	0	0.00	0.00	0.00	0.00	0.00	0.00/-23.26	0.00	0.00
000048	京基智农	0	0	0.00	0.00	0.00	0.00	0.00	0.00/-23.26	0.00	0.00
000049	德赛电池	0	0	0.00	0.00	0.00	0.00	0.00	0.00/-23.26	0.00	0.00
000050	深天马Ａ	0	0	0.00	0.00	0.00	0.00	0.00	0.00/-23.26	0.00	0.00
000055	方大集团	0	0	0.00	0.00	0.00	0.00	0.00	0.00/-23.26	0.00	0.00
000056	*ST皇庭	0	0	0.00	0.00	0.00	0.00	0.00	0.00/-23.26	0.00	0.00
000058	深 赛 格	0	0	0.00	0.00	0.00	0.00	0.00	0.00/-23.26	0.00	0.00
000059	华锦股份	0	0	0.00	0.00	0.00	0.00	0.00	0.00/-23.26	0.00	0.00
000060	中金岭南	0	0	0.00	0.00	0.00	0.00	0.00	0.00/-23.26	0.00	0.00
000062	深圳华强	0	0	0.00	0.00	0.00	0.00	0.00	0.00/-23.26	0.00	0.00
000065	北方国际	0	0	0.00	0.00	0.00	0.00	0.00	0.00/-23.26	0.00	0.00
000066	中国长城	0	0	0.00	0.00	0.00	0.00	0.00	0.00/-23.26	0.00	0.00
000068	华控赛格	0	0	0.00	0.00	0.00	0.00	0.00	0.00/-23.26	0.00	0.00
000069	华侨城Ａ	0	0	0.00	0.00	0.00	0.00	0.00	0.00/-23.26	0.00	0.00
000070	特发信息	0	0	0.00	0.00	0.00	0.00	0.00	0.00/-23.26	0.00	0.00
000078	ST海王	0	0	0.00	0.00	0.00	0.00	0.00	0.00/-23.26	0.00	0.00
000088	盐 田 港	0	0	0.00	0.00	0.00	0.00	0.00	0.00/-23.26	0.00	0.00
000089	深圳机场	0	0	0.00	0.00	0.00	0.00	0.00	0.00/-23.26	0.00	0.00
000090	天健集团	0	0	0.00	0.00	0.00	0.00	0.00	0.00/-23.26	0.00	0.00
000096	广聚能源	0	0	0.00	0.00	0.00	0.00	0.00	0.00/-23.26	0.00	0.00
000099	中信海直	0	0	0.00	0.00	0.00	0.00	0.00	0.00/-23.26	0.00	0.00
000100	TCL科技	0	0	0.00	0.00	0.00	0.00	0.00	0.00/-23.26	0.00	0.00
000151	中成股份	0	0	0.00	0.00	0.00	0.00	0.00	0.00/-23.26	0.00	0.00
000153	丰原药业	0	0	0.00	0.00	0.00	0.00	0.00	0.00/-23.26	0.00	0.00
000155	川能动力	0	0	0.00	0.00	0.00	0.00	0.00	0.00/-23.26	0.00	0.00
000156	华数传媒	0	0	0.00	0.00	0.00	0.00	0.00	0.00/-23.26	0.00	0.00
000157	中联重科	0	0	0.00	0.00	0.00	0.00	0.00	0.00/-23.26	0.00	0.00
000158	常山北明	0	0	0.00	0.00	0.00	0.00	0.00	0.00/-23.26	0.00	0.00
000159	国际实业	0	0	0.00	0.00	0.00	0.00	0.00	0.00/-23.26	0.00	0.00
000166	申万宏源	0	0	0.00	0.00	0.00	0.00	0.00	0.00/-23.26	0.00	0.00
000301	东方盛虹	0	0	0.00	0.00	0.00	0.00	0.00	0.00/-23.26	0.00	0.00
000333	美的集团	0	0	0.00	0.00	0.00	0.00	0.00	0.00/-23.26	0.00	0.00
000338	潍柴动力	0	0	0.00	0.00	0.00	0.00	0.00	0.00/-23.26	0.00	0.00
000400	许继电气	0	0	0.00	0.00	0.00	0.00	0.00	0.00/-23.26	0.00	0.00
000401	金隅冀东	0	0	0.00	0.00	0.00	0.00	0.00	0.00/-23.26	0.00	0.00
000402	金 融 街	0	0	0.00	0.00	0.00	0.00	0.00	0.00/-23.26	0.00	0.00
000403	派林生物	0	0	0.00	0.00	0.00	0.00	0.00	0.00/-23.26	0.00	0.00
000404	长虹华意	0	0	0.00	0.00	0.00	0.00	0.00	0.00/-23.26	0.00	0.00
000407	胜利股份	0	0	0.00	0.00	0.00	0.00	0.00	0.00/-23.26	0.00	0.00
000408	藏格矿业	0	0	0.00	0.00	0.00	0.00	0.00	0.00/-23.26	0.00	0.00
000409	云鼎科技	0	0	0.00	0.00	0.00	0.00	0.00	0.00/-23.26	0.00	0.00
000410	沈阳机床	0	0	0.00	0.00	0.00	0.00	0.00	0.00/-23.26	0.00	0.00
000411	英特集团	0	0	0.00	0.00	0.00	0.00	0.00	0.00/-23.26	0.00	0.00
000415	渤海租赁	0	0	0.00	0.00	0.00	0.00	0.00	0.00/-23.26	0.00	0.00
000417	合百集团	0	0	0.00	0.00	0.00	0.00	0.00	0.00/-23.26	0.00	0.00
000419	通程控股	0	0	0.00	0.00	0.00	0.00	0.00	0.00/-23.26	0.00	0.00
000420	吉林化纤	0	0	0.00	0.00	0.00	0.00	0.00	0.00/-23.26	0.00	0.00
000421	南京公用	0	0	0.00	0.00	0.00	0.00	0.00	0.00/-23.26	0.00	0.00
000425	徐工机械	0	0	0.00	0.00	0.00	0.00	0.00	0.00/-23.26	0.00	0.00
000426	兴业银锡	0	0	0.00	0.00	0.00	0.00	0.00	0.00/-23.26	0.00	0.00
000428	华天酒店	0	0	0.00	0.00	0.00	0.00	0.00	0.00/-23.26	0.00	0.00
000429	粤高速Ａ	0	0	0.00	0.00	0.00	0.00	0.00	0.00/-23.26	0.00	0.00
000430	张家界	0	0	0.00	0.00	0.00	0.00	0.00	0.00/-23.26	0.00	0.00
000488	ST晨鸣	0	0	0.00	0.00	0.00	0.00	0.00	0.00/-23.26	0.00	0.00
000498	山东路桥	0	0	0.00	0.00	0.00	0.00	0.00	0.00/-23.26	0.00	0.00
000501	武商集团	0	0	0.00	0.00	0.00	0.00	0.00	0.00/-23.26	0.00	0.00
000503	国新健康	0	0	0.00	0.00	0.00	0.00	0.00	0.00/-23.26	0.00	0.00
000504	南华生物	0	0	0.00	0.00	0.00	0.00	0.00	0.00/-23.26	0.00	0.00
000505	京粮控股	0	0	0.00	0.00	0.00	0.00	0.00	0.00/-23.26	0.00	0.00
000506	招金黄金	0	0	0.00	0.00	0.00	0.00	0.00	0.00/-23.26	0.00	0.00
000507	珠海港	0	0	0.00	0.00	0.00	0.00	0.00	0.00/-23.26	0.00	0.00
000509	华塑控股	0	0	0.00	0.00	0.00	0.00	0.00	0.00/-23.26	0.00	0.00
000510	新金路	0	0	0.00	0.00	0.00	0.00	0.00	0.00/-23.26	0.00	0.00
000513	丽珠集团	0	0	0.00	0.00	0.00	0.00	0.00	0.00/-23.26	0.00	0.00
000514	渝 开 发	0	0	0.00	0.00	0.00	0.00	0.00	0.00/-23.26	0.00	0.00
000516	国际医学	0	0	0.00	0.00	0.00	0.00	0.00	0.00/-23.26	0.00	0.00
000517	荣安地产	0	0	0.00	0.00	0.00	0.00	0.00	0.00/-23.26	0.00	0.00
000518	四环生物	0	0	0.00	0.00	0.00	0.00	0.00	0.00/-23.26	0.00	0.00
000519	中兵红箭	0	0	0.00	0.00	0.00	0.00	0.00	0.00/-23.26	0.00	0.00
000520	凤凰航运	0	0	0.00	0.00	0.00	0.00	0.00	0.00/-23.26	0.00	0.00
000521	长虹美菱	0	0	0.00	0.00	0.00	0.00	0.00	0.00/-23.26	0.00	0.00
000523	红棉股份	0	0	0.00	0.00	0.00	0.00	0.00	0.00/-23.26	0.00	0.00
000525	红太阳	0	0	0.00	0.00	0.00	0.00	0.00	0.00/-23.26	0.00	0.00
000526	学大教育	0	0	0.00	0.00	0.00	0.00	0.00	0.00/-23.26	0.00	0.00
000528	柳 工	0	0	0.00	0.00	0.00	0.00	0.00	0.00/-23.26	0.00	0.00
000529	广弘控股	0	0	0.00	0.00	0.00	0.00	0.00	0.00/-23.26	0.00	0.00
000530	冰山冷热	0	0	0.00	0.00	0.00	0.00	0.00	0.00/-23.26	0.00	0.00
000531	穗恒运Ａ	0	0	0.00	0.00	0.00	0.00	0.00	0.00/-23.26	0.00	0.00
000532	华金资本	0	0	0.00	0.00	0.00	0.00	0.00	0.00/-23.26	0.00	0.00
000533	顺钠股份	0	0	0.00	0.00	0.00	0.00	0.00	0.00/-23.26	0.00	0.00
000534	万泽股份	0	0	0.00	0.00	0.00	0.00	0.00	0.00/-23.26	0.00	0.00
000536	华映科技	0	0	0.00	0.00	0.00	0.00	0.00	0.00/-23.26	0.00	0.00
000537	绿发电力	0	0	0.00	0.00	0.00	0.00	0.00	0.00/-23.26	0.00	0.00
000539	粤电力Ａ	0	0	0.00	0.00	0.00	0.00	0.00	0.00/-23.26	0.00	0.00
000541	佛山照明	0	0	0.00	0.00	0.00	0.00	0.00	0.00/-23.26	0.00	0.00
000543	皖能电力	0	0	0.00	0.00	0.00	0.00	0.00	0.00/-23.26	0.00	0.00
000544	中原环保	0	0	0.00	0.00	0.00	0.00	0.00	0.00/-23.26	0.00	0.00
000545	金浦钛业	0	0	0.00	0.00	0.00	0.00	0.00	0.00/-23.26	0.00	0.00
000546	金圆股份	0	0	0.00	0.00	0.00	0.00	0.00	0.00/-23.26	0.00	0.00
000547	航天发展	0	0	0.00	0.00	0.00	0.00	0.00	0.00/-23.26	0.00	0.00
000548	湖南投资	0	0	0.00	0.00	0.00	0.00	0.00	0.00/-23.26	0.00	0.00
000550	江铃汽车	0	0	0.00	0.00	0.00	0.00	0.00	0.00/-23.26	0.00	0.00
000551	创元科技	0	0	0.00	0.00	0.00	0.00	0.00	0.00/-23.26	0.00	0.00
000552	甘肃能化	0	0	0.00	0.00	0.00	0.00	0.00	0.00/-23.26	0.00	0.00
000553	安道麦A	0	0	0.00	0.00	0.00	0.00	0.00	0.00/-23.26	0.00	0.00
000554	泰山石油	0	0	0.00	0.00	0.00	0.00	0.00	0.00/-23.26	0.00	0.00
000555	神州信息	0	0	0.00	0.00	0.00	0.00	0.00	0.00/-23.26	0.00	0.00
000557	西部创业	0	0	0.00	0.00	0.00	0.00	0.00	0.00/-23.26	0.00	0.00
000558	天府文旅	0	0	0.00	0.00	0.00	0.00	0.00	0.00/-23.26	0.00	0.00
000559	万向钱潮	0	0	0.00	0.00	0.00	0.00	0.00	0.00/-23.26	0.00	0.00
000560	我爱我家	0	0	0.00	0.00	0.00	0.00	0.00	0.00/-23.26	0.00	0.00
000561	烽火电子	0	0	0.00	0.00	0.00	0.00	0.00	0.00/-23.26	0.00	0.00
000563	陕国投Ａ	0	0	0.00	0.00	0.00	0.00	0.00	0.00/-23.26	0.00	0.00
000564	供销大集	0	0	0.00	0.00	0.00	0.00	0.00	0.00/-23.26	0.00	0.00
000565	渝三峡Ａ	0	0	0.00	0.00	0.00	0.00	0.00	0.00/-23.26	0.00	0.00
000566	海南海药	0	0	0.00	0.00	0.00	0.00	0.00	0.00/-23.26	0.00	0.00
000567	海德股份	0	0	0.00	0.00	0.00	0.00	0.00	0.00/-23.26	0.00	0.00
000568	泸州老窖	0	0	0.00	0.00	0.00	0.00	0.00	0.00/-23.26	0.00	0.00
000570	苏常柴Ａ	0	0	0.00	0.00	0.00	0.00	0.00	0.00/-23.26	0.00	0.00
000573	粤宏远Ａ	0	0	0.00	0.00	0.00	0.00	0.00	0.00/-23.26	0.00	0.00
000576	甘化科工	0	0	0.00	0.00	0.00	0.00	0.00	0.00/-23.26	0.00	0.00
000581	威孚高科	0	0	0.00	0.00	0.00	0.00	0.00	0.00/-23.26	0.00	0.00
000582	北部湾港	0	0	0.00	0.00	0.00	0.00	0.00	0.00/-23.26	0.00	0.00
000586	汇源通信	0	0	0.00	0.00	0.00	0.00	0.00	0.00/-23.26	0.00	0.00
000589	贵州轮胎	0	0	0.00	0.00	0.00	0.00	0.00	0.00/-23.26	0.00	0.00
000590	古汉医药	0	0	0.00	0.00	0.00	0.00	0.00	0.00/-23.26	0.00	0.00
000591	太阳能	0	0	0.00	0.00	0.00	0.00	0.00	0.00/-23.26	0.00	0.00
000592	平潭发展	0	0	0.00	0.00	0.00	0.00	0.00	0.00/-23.26	0.00	0.00
000593	德龙汇能	0	0	0.00	0.00	0.00	0.00	0.00	0.00/-23.26	0.00	0.00
000595	新能股份	0	0	0.00	0.00	0.00	0.00	0.00	0.00/-23.26	0.00	0.00
000596	古井贡酒	0	0	0.00	0.00	0.00	0.00	0.00	0.00/-23.26	0.00	0.00
000597	东北制药	0	0	0.00	0.00	0.00	0.00	0.00	0.00/-23.26	0.00	0.00
000598	兴蓉环境	0	0	0.00	0.00	0.00	0.00	0.00	0.00/-23.26	0.00	0.00
000599	青岛双星	0	0	0.00	0.00	0.00	0.00	0.00	0.00/-23.26	0.00	0.00
000601	韶能股份	0	0	0.00	0.00	0.00	0.00	0.00	0.00/-23.26	0.00	0.00
000603	盛达资源	0	0	0.00	0.00	0.00	0.00	0.00	0.00/-23.26	0.00	0.00
000605	渤海股份	0	0	0.00	0.00	0.00	0.00	0.00	0.00/-23.26	0.00	0.00
000607	华媒控股	0	0	0.00	0.00	0.00	0.00	0.00	0.00/-23.26	0.00	0.00
000608	阳光股份	0	0	0.00	0.00	0.00	0.00	0.00	0.00/-23.26	0.00	0.00
000609	*ST中迪	0	0	0.00	0.00	0.00	0.00	0.00	0.00/-23.26	0.00	0.00
000610	*ST西旅	0	0	0.00	0.00	0.00	0.00	0.00	0.00/-23.26	0.00	0.00
000615	*ST美谷	0	0	0.00	0.00	0.00	0.00	0.00	0.00/-23.26	0.00	0.00
000617	中油资本	0	0	0.00	0.00	0.00	0.00	0.00	0.00/-23.26	0.00	0.00
000619	海螺新材	0	0	0.00	0.00	0.00	0.00	0.00	0.00/-23.26	0.00	0.00
000620	盈新发展	0	0	0.00	0.00	0.00	0.00	0.00	0.00/-23.26	0.00	0.00
000623	吉林敖东	0	0	0.00	0.00	0.00	0.00	0.00	0.00/-23.26	0.00	0.00
000625	长安汽车	0	0	0.00	0.00	0.00	0.00	0.00	0.00/-23.26	0.00	0.00
000626	远大控股	0	0	0.00	0.00	0.00	0.00	0.00	0.00/-23.26	0.00	0.00
000628	高新发展	0	0	0.00	0.00	0.00	0.00	0.00	0.00/-23.26	0.00	0.00
000629	钒钛股份	0	0	0.00	0.00	0.00	0.00	0.00	0.00/-23.26	0.00	0.00
000630	铜陵有色	0	0	0.00	0.00	0.00	0.00	0.00	0.00/-23.26	0.00	0.00
000631	顺发恒能	0	0	0.00	0.00	0.00	0.00	0.00	0.00/-23.26	0.00	0.00
000632	ST三木	0	0	0.00	0.00	0.00	0.00	0.00	0.00/-23.26	0.00	0.00
000633	合金投资	0	0	0.00	0.00	0.00	0.00	0.00	0.00/-23.26	0.00	0.00
000635	英 力 特	0	0	0.00	0.00	0.00	0.00	0.00	0.00/-23.26	0.00	0.00
000637	茂化实华	0	0	0.00	0.00	0.00	0.00	0.00	0.00/-23.26	0.00	0.00
000639	ST西王	0	0	0.00	0.00	0.00	0.00	0.00	0.00/-23.26	0.00	0.00
000651	格力电器	0	0	0.00	0.00	0.00	0.00	0.00	0.00/-23.26	0.00	0.00
000652	泰达股份	0	0	0.00	0.00	0.00	0.00	0.00	0.00/-23.26	0.00	0.00
000655	金岭矿业	0	0	0.00	0.00	0.00	0.00	0.00	0.00/-23.26	0.00	0.00
000656	金科股份	0	0	0.00	0.00	0.00	0.00	0.00	0.00/-23.26	0.00	0.00
000657	中钨高新	0	0	0.00	0.00	0.00	0.00	0.00	0.00/-23.26	0.00	0.00
000659	珠海中富	0	0	0.00	0.00	0.00	0.00	0.00	0.00/-23.26	0.00	0.00
000663	永安林业	0	0	0.00	0.00	0.00	0.00	0.00	0.00/-23.26	0.00	0.00
000665	湖北广电	0	0	0.00	0.00	0.00	0.00	0.00	0.00/-23.26	0.00	0.00
000668	荣丰控股	0	0	0.00	0.00	0.00	0.00	0.00	0.00/-23.26	0.00	0.00
000669	ST金鸿	0	0	0.00	0.00	0.00	0.00	0.00	0.00/-23.26	0.00	0.00
000670	盈方微	0	0	0.00	0.00	0.00	0.00	0.00	0.00/-23.26	0.00	0.00
000672	上峰材料	0	0	0.00	0.00	0.00	0.00	0.00	0.00/-23.26	0.00	0.00
000676	智度股份	0	0	0.00	0.00	0.00	0.00	0.00	0.00/-23.26	0.00	0.00
000677	ST海龙	0	0	0.00	0.00	0.00	0.00	0.00	0.00/-23.26	0.00	0.00
000678	襄阳轴承	0	0	0.00	0.00	0.00	0.00	0.00	0.00/-23.26	0.00	0.00
000679	大连友谊	0	0	0.00	0.00	0.00	0.00	0.00	0.00/-23.26	0.00	0.00
000680	山推股份	0	0	0.00	0.00	0.00	0.00	0.00	0.00/-23.26	0.00	0.00
000681	视觉中国	0	0	0.00	0.00	0.00	0.00	0.00	0.00/-23.26	0.00	0.00
000683	博源化工	0	0	0.00	0.00	0.00	0.00	0.00	0.00/-23.26	0.00	0.00
000685	中山公用	0	0	0.00	0.00	0.00	0.00	0.00	0.00/-23.26	0.00	0.00
000686	东北证券	0	0	0.00	0.00	0.00	0.00	0.00	0.00/-23.26	0.00	0.00
000688	国城矿业	0	0	0.00	0.00	0.00	0.00	0.00	0.00/-23.26	0.00	0.00
000691	亚太实业	0	0	0.00	0.00	0.00	0.00	0.00	0.00/-23.26	0.00	0.00
000692	惠天热电	0	0	0.00	0.00	0.00	0.00	0.00	0.00/-23.26	0.00	0.00
000695	滨海能源	0	0	0.00	0.00	0.00	0.00	0.00	0.00/-23.26	0.00	0.00
000697	炼石航空	0	0	0.00	0.00	0.00	0.00	0.00	0.00/-23.26	0.00	0.00
000698	ST沈化	0	0	0.00	0.00	0.00	0.00	0.00	0.00/-23.26	0.00	0.00
000700	模塑科技	0	0	0.00	0.00	0.00	0.00	0.00	0.00/-23.26	0.00	0.00
000702	正虹科技	0	0	0.00	0.00	0.00	0.00	0.00	0.00/-23.26	0.00	0.00
000703	恒逸石化	0	0	0.00	0.00	0.00	0.00	0.00	0.00/-23.26	0.00	0.00
000707	双环科技	0	0	0.00	0.00	0.00	0.00	0.00	0.00/-23.26	0.00	0.00
000708	中信特钢	0	0	0.00	0.00	0.00	0.00	0.00	0.00/-23.26	0.00	0.00
000709	河钢股份	0	0	0.00	0.00	0.00	0.00	0.00	0.00/-23.26	0.00	0.00
000710	贝瑞基因	0	0	0.00	0.00	0.00	0.00	0.00	0.00/-23.26	0.00	0.00
000711	京蓝科技	0	0	0.00	0.00	0.00	0.00	0.00	0.00/-23.26	0.00	0.00
000712	锦龙股份	0	0	0.00	0.00	0.00	0.00	0.00	0.00/-23.26	0.00	0.00
000713	国投丰乐	0	0	0.00	0.00	0.00	0.00	0.00	0.00/-23.26	0.00	0.00
000715	中兴商业	0	0	0.00	0.00	0.00	0.00	0.00	0.00/-23.26	0.00	0.00
000716	黑芝麻	0	0	0.00	0.00	0.00	0.00	0.00	0.00/-23.26	0.00	0.00
000717	中南股份	0	0	0.00	0.00	0.00	0.00	0.00	0.00/-23.26	0.00	0.00
000718	苏宁环球	0	0	0.00	0.00	0.00	0.00	0.00	0.00/-23.26	0.00	0.00
000719	中原传媒	0	0	0.00	0.00	0.00	0.00	0.00	0.00/-23.26	0.00	0.00
000720	新能泰山	0	0	0.00	0.00	0.00	0.00	0.00	0.00/-23.26	0.00	0.00
000721	西安饮食	0	0	0.00	0.00	0.00	0.00	0.00	0.00/-23.26	0.00	0.00
000722	湖南发展	0	0	0.00	0.00	0.00	0.00	0.00	0.00/-23.26	0.00	0.00
000723	美锦能源	0	0	0.00	0.00	0.00	0.00	0.00	0.00/-23.26	0.00	0.00
000725	京东方Ａ	0	0	0.00	0.00	0.00	0.00	0.00	0.00/-23.26	0.00	0.00
000727	冠捷科技	0	0	0.00	0.00	0.00	0.00	0.00	0.00/-23.26	0.00	0.00
000728	国元证券	0	0	0.00	0.00	0.00	0.00	0.00	0.00/-23.26	0.00	0.00
000733	振华科技	0	0	0.00	0.00	0.00	0.00	0.00	0.00/-23.26	0.00	0.00
000735	罗 牛 山	0	0	0.00	0.00	0.00	0.00	0.00	0.00/-23.26	0.00	0.00
000736	中交发展	0	0	0.00	0.00	0.00	0.00	0.00	0.00/-23.26	0.00	0.00
000737	北方铜业	0	0	0.00	0.00	0.00	0.00	0.00	0.00/-23.26	0.00	0.00
000738	航发控制	0	0	0.00	0.00	0.00	0.00	0.00	0.00/-23.26	0.00	0.00
000739	普洛药业	0	0	0.00	0.00	0.00	0.00	0.00	0.00/-23.26	0.00	0.00
000750	国海证券	0	0	0.00	0.00	0.00	0.00	0.00	0.00/-23.26	0.00	0.00
000752	*ST西发	0	0	0.00	0.00	0.00	0.00	0.00	0.00/-23.26	0.00	0.00
000753	漳州发展	0	0	0.00	0.00	0.00	0.00	0.00	0.00/-23.26	0.00	0.00
000755	山西高速	0	0	0.00	0.00	0.00	0.00	0.00	0.00/-23.26	0.00	0.00
000756	新华制药	0	0	0.00	0.00	0.00	0.00	0.00	0.00/-23.26	0.00	0.00
000757	浩物股份	0	0	0.00	0.00	0.00	0.00	0.00	0.00/-23.26	0.00	0.00
000759	中百集团	0	0	0.00	0.00	0.00	0.00	0.00	0.00/-23.26	0.00	0.00
000761	本钢板材	0	0	0.00	0.00	0.00	0.00	0.00	0.00/-23.26	0.00	0.00
000762	西藏矿业	0	0	0.00	0.00	0.00	0.00	0.00	0.00/-23.26	0.00	0.00
000766	通化金马	0	0	0.00	0.00	0.00	0.00	0.00	0.00/-23.26	0.00	0.00
000767	晋控电力	0	0	0.00	0.00	0.00	0.00	0.00	0.00/-23.26	0.00	0.00
000768	中航西飞	0	0	0.00	0.00	0.00	0.00	0.00	0.00/-23.26	0.00	0.00
000776	广发证券	0	0	0.00	0.00	0.00	0.00	0.00	0.00/-23.26	0.00	0.00
000777	中核科技	0	0	0.00	0.00	0.00	0.00	0.00	0.00/-23.26	0.00	0.00
000778	新兴铸管	0	0	0.00	0.00	0.00	0.00	0.00	0.00/-23.26	0.00	0.00
000779	甘咨询	0	0	0.00	0.00	0.00	0.00	0.00	0.00/-23.26	0.00	0.00
000782	恒申新材	0	0	0.00	0.00	0.00	0.00	0.00	0.00/-23.26	0.00	0.00
000783	长江证券	0	0	0.00	0.00	0.00	0.00	0.00	0.00/-23.26	0.00	0.00
000785	居然智家	0	0	0.00	0.00	0.00	0.00	0.00	0.00/-23.26	0.00	0.00
000786	北新建材	0	0	0.00	0.00	0.00	0.00	0.00	0.00/-23.26	0.00	0.00
000788	北大医药	0	0	0.00	0.00	0.00	0.00	0.00	0.00/-23.26	0.00	0.00
000789	万年青	0	0	0.00	0.00	0.00	0.00	0.00	0.00/-23.26	0.00	0.00
000790	华神科技	0	0	0.00	0.00	0.00	0.00	0.00	0.00/-23.26	0.00	0.00
000791	甘肃能源	0	0	0.00	0.00	0.00	0.00	0.00	0.00/-23.26	0.00	0.00
000793	ST华闻	0	0	0.00	0.00	0.00	0.00	0.00	0.00/-23.26	0.00	0.00
000796	凯撒旅业	0	0	0.00	0.00	0.00	0.00	0.00	0.00/-23.26	0.00	0.00
000797	中国武夷	0	0	0.00	0.00	0.00	0.00	0.00	0.00/-23.26	0.00	0.00
000798	中水渔业	0	0	0.00	0.00	0.00	0.00	0.00	0.00/-23.26	0.00	0.00
000799	酒鬼酒	0	0	0.00	0.00	0.00	0.00	0.00	0.00/-23.26	0.00	0.00
000800	一汽解放	0	0	0.00	0.00	0.00	0.00	0.00	0.00/-23.26	0.00	0.00
000801	四川九洲	0	0	0.00	0.00	0.00	0.00	0.00	0.00/-23.26	0.00	0.00
000802	北京文化	0	0	0.00	0.00	0.00	0.00	0.00	0.00/-23.26	0.00	0.00
000803	山高环能	0	0	0.00	0.00	0.00	0.00	0.00	0.00/-23.26	0.00	0.00
000807	云铝股份	0	0	0.00	0.00	0.00	0.00	0.00	0.00/-23.26	0.00	0.00
000809	和展能源	0	0	0.00	0.00	0.00	0.00	0.00	0.00/-23.26	0.00	0.00
000810	创维数字	0	0	0.00	0.00	0.00	0.00	0.00	0.00/-23.26	0.00	0.00
000811	冰轮环境	0	0	0.00	0.00	0.00	0.00	0.00	0.00/-23.26	0.00	0.00
000812	陕西金叶	0	0	0.00	0.00	0.00	0.00	0.00	0.00/-23.26	0.00	0.00
000813	德展健康	0	0	0.00	0.00	0.00	0.00	0.00	0.00/-23.26	0.00	0.00
000815	美利云	0	0	0.00	0.00	0.00	0.00	0.00	0.00/-23.26	0.00	0.00
000816	智慧农业	0	0	0.00	0.00	0.00	0.00	0.00	0.00/-23.26	0.00	0.00
000818	航锦科技	0	0	0.00	0.00	0.00	0.00	0.00	0.00/-23.26	0.00	0.00
000819	岳阳兴长	0	0	0.00	0.00	0.00	0.00	0.00	0.00/-23.26	0.00	0.00
000820	神雾节能	0	0	0.00	0.00	0.00	0.00	0.00	0.00/-23.26	0.00	0.00
000821	ST京机	0	0	0.00	0.00	0.00	0.00	0.00	0.00/-23.26	0.00	0.00
000822	山东海化	0	0	0.00	0.00	0.00	0.00	0.00	0.00/-23.26	0.00	0.00
000825	太钢不锈	0	0	0.00	0.00	0.00	0.00	0.00	0.00/-23.26	0.00	0.00
000826	*ST启环	0	0	0.00	0.00	0.00	0.00	0.00	0.00/-23.26	0.00	0.00
000828	东莞控股	0	0	0.00	0.00	0.00	0.00	0.00	0.00/-23.26	0.00	0.00
000829	天音控股	0	0	0.00	0.00	0.00	0.00	0.00	0.00/-23.26	0.00	0.00
000830	鲁西化工	0	0	0.00	0.00	0.00	0.00	0.00	0.00/-23.26	0.00	0.00
000831	中国稀土	0	0	0.00	0.00	0.00	0.00	0.00	0.00/-23.26	0.00	0.00
000833	粤桂股份	0	0	0.00	0.00	0.00	0.00	0.00	0.00/-23.26	0.00	0.00
000837	秦川机床	0	0	0.00	0.00	0.00	0.00	0.00	0.00/-23.26	0.00	0.00
000838	*ST发展	0	0	0.00	0.00	0.00	0.00	0.00	0.00/-23.26	0.00	0.00
000848	承德露露	0	0	0.00	0.00	0.00	0.00	0.00	0.00/-23.26	0.00	0.00
000850	华茂股份	0	0	0.00	0.00	0.00	0.00	0.00	0.00/-23.26	0.00	0.00
000852	石化机械	0	0	0.00	0.00	0.00	0.00	0.00	0.00/-23.26	0.00	0.00
000856	冀东装备	0	0	0.00	0.00	0.00	0.00	0.00	0.00/-23.26	0.00	0.00
000859	国风新材	0	0	0.00	0.00	0.00	0.00	0.00	0.00/-23.26	0.00	0.00
000860	顺鑫农业	0	0	0.00	0.00	0.00	0.00	0.00	0.00/-23.26	0.00	0.00
000863	三湘印象	0	0	0.00	0.00	0.00	0.00	0.00	0.00/-23.26	0.00	0.00
000868	安凯客车	0	0	0.00	0.00	0.00	0.00	0.00	0.00/-23.26	0.00	0.00
000869	张 裕Ａ	0	0	0.00	0.00	0.00	0.00	0.00	0.00/-23.26	0.00	0.00
000875	电投绿能	0	0	0.00	0.00	0.00	0.00	0.00	0.00/-23.26	0.00	0.00
000878	云南铜业	0	0	0.00	0.00	0.00	0.00	0.00	0.00/-23.26	0.00	0.00
000880	潍柴重机	0	0	0.00	0.00	0.00	0.00	0.00	0.00/-23.26	0.00	0.00
000881	中广核技	0	0	0.00	0.00	0.00	0.00	0.00	0.00/-23.26	0.00	0.00
000882	华联股份	0	0	0.00	0.00	0.00	0.00	0.00	0.00/-23.26	0.00	0.00
000883	湖北能源	0	0	0.00	0.00	0.00	0.00	0.00	0.00/-23.26	0.00	0.00
000885	城发环境	0	0	0.00	0.00	0.00	0.00	0.00	0.00/-23.26	0.00	0.00
000886	海南高速	0	0	0.00	0.00	0.00	0.00	0.00	0.00/-23.26	0.00	0.00
000888	峨眉山Ａ	0	0	0.00	0.00	0.00	0.00	0.00	0.00/-23.26	0.00	0.00
000889	中嘉博创	0	0	0.00	0.00	0.00	0.00	0.00	0.00/-23.26	0.00	0.00
000890	法尔胜	0	0	0.00	0.00	0.00	0.00	0.00	0.00/-23.26	0.00	0.00
000892	欢瑞世纪	0	0	0.00	0.00	0.00	0.00	0.00	0.00/-23.26	0.00	0.00
000895	双汇发展	0	0	0.00	0.00	0.00	0.00	0.00	0.00/-23.26	0.00	0.00
000898	鞍钢股份	0	0	0.00	0.00	0.00	0.00	0.00	0.00/-23.26	0.00	0.00
000899	赣能股份	0	0	0.00	0.00	0.00	0.00	0.00	0.00/-23.26	0.00	0.00
000900	现代投资	0	0	0.00	0.00	0.00	0.00	0.00	0.00/-23.26	0.00	0.00
000901	航天科技	0	0	0.00	0.00	0.00	0.00	0.00	0.00/-23.26	0.00	0.00
000902	新洋丰	0	0	0.00	0.00	0.00	0.00	0.00	0.00/-23.26	0.00	0.00
000903	ST云动	0	0	0.00	0.00	0.00	0.00	0.00	0.00/-23.26	0.00	0.00
000906	浙商中拓	0	0	0.00	0.00	0.00	0.00	0.00	0.00/-23.26	0.00	0.00
000908	石药景峰	0	0	0.00	0.00	0.00	0.00	0.00	0.00/-23.26	0.00	0.00
000909	*ST数源	0	0	0.00	0.00	0.00	0.00	0.00	0.00/-23.26	0.00	0.00
000910	大亚圣象	0	0	0.00	0.00	0.00	0.00	0.00	0.00/-23.26	0.00	0.00
000911	*ST广糖	0	0	0.00	0.00	0.00	0.00	0.00	0.00/-23.26	0.00	0.00
000912	泸天化	0	0	0.00	0.00	0.00	0.00	0.00	0.00/-23.26	0.00	0.00
000913	钱江摩托	0	0	0.00	0.00	0.00	0.00	0.00	0.00/-23.26	0.00	0.00
000915	华特达因	0	0	0.00	0.00	0.00	0.00	0.00	0.00/-23.26	0.00	0.00
000917	电广传媒	0	0	0.00	0.00	0.00	0.00	0.00	0.00/-23.26	0.00	0.00
000919	金陵药业	0	0	0.00	0.00	0.00	0.00	0.00	0.00/-23.26	0.00	0.00
000921	海信家电	0	0	0.00	0.00	0.00	0.00	0.00	0.00/-23.26	0.00	0.00
000925	众合科技	0	0	0.00	0.00	0.00	0.00	0.00	0.00/-23.26	0.00	0.00
000927	中国铁物	0	0	0.00	0.00	0.00	0.00	0.00	0.00/-23.26	0.00	0.00
000928	中钢国际	0	0	0.00	0.00	0.00	0.00	0.00	0.00/-23.26	0.00	0.00
000929	兰州黄河	0	0	0.00	0.00	0.00	0.00	0.00	0.00/-23.26	0.00	0.00
000930	中粮科技	0	0	0.00	0.00	0.00	0.00	0.00	0.00/-23.26	0.00	0.00
000931	中 关 村	0	0	0.00	0.00	0.00	0.00	0.00	0.00/-23.26	0.00	0.00
000932	华菱钢铁	0	0	0.00	0.00	0.00	0.00	0.00	0.00/-23.26	0.00	0.00
000933	神火股份	0	0	0.00	0.00	0.00	0.00	0.00	0.00/-23.26	0.00	0.00
000936	华西股份	0	0	0.00	0.00	0.00	0.00	0.00	0.00/-23.26	0.00	0.00
000937	冀中能源	0	0	0.00	0.00	0.00	0.00	0.00	0.00/-23.26	0.00	0.00
000948	南天信息	0	0	0.00	0.00	0.00	0.00	0.00	0.00/-23.26	0.00	0.00
000949	新乡化纤	0	0	0.00	0.00	0.00	0.00	0.00	0.00/-23.26	0.00	0.00
000950	重药控股	0	0	0.00	0.00	0.00	0.00	0.00	0.00/-23.26	0.00	0.00
000951	中国重汽	0	0	0.00	0.00	0.00	0.00	0.00	0.00/-23.26	0.00	0.00
000952	广济药业	0	0	0.00	0.00	0.00	0.00	0.00	0.00/-23.26	0.00	0.00
000953	中哲精化	0	0	0.00	0.00	0.00	0.00	0.00	0.00/-23.26	0.00	0.00
000955	欣龙控股	0	0	0.00	0.00	0.00	0.00	0.00	0.00/-23.26	0.00	0.00
000958	电投产融	0	0	0.00	0.00	0.00	0.00	0.00	0.00/-23.26	0.00	0.00
000959	首钢股份	0	0	0.00	0.00	0.00	0.00	0.00	0.00/-23.26	0.00	0.00
000962	东方钽业	0	0	0.00	0.00	0.00	0.00	0.00	0.00/-23.26	0.00	0.00
000965	天保基建	0	0	0.00	0.00	0.00	0.00	0.00	0.00/-23.26	0.00	0.00
000966	长源电力	0	0	0.00	0.00	0.00	0.00	0.00	0.00/-23.26	0.00	0.00
000967	盈峰环境	0	0	0.00	0.00	0.00	0.00	0.00	0.00/-23.26	0.00	0.00
000968	蓝焰控股	0	0	0.00	0.00	0.00	0.00	0.00	0.00/-23.26	0.00	0.00
000970	中科三环	0	0	0.00	0.00	0.00	0.00	0.00	0.00/-23.26	0.00	0.00
000972	中基健康	0	0	0.00	0.00	0.00	0.00	0.00	0.00/-23.26	0.00	0.00
000973	佛塑科技	0	0	0.00	0.00	0.00	0.00	0.00	0.00/-23.26	0.00	0.00
000975	山金国际	0	0	0.00	0.00	0.00	0.00	0.00	0.00/-23.26	0.00	0.00
000977	浪潮信息	0	0	0.00	0.00	0.00	0.00	0.00	0.00/-23.26	0.00	0.00
000978	桂林旅游	0	0	0.00	0.00	0.00	0.00	0.00	0.00/-23.26	0.00	0.00
000980	众泰汽车	0	0	0.00	0.00	0.00	0.00	0.00	0.00/-23.26	0.00	0.00
000981	山子高科	0	0	0.00	0.00	0.00	0.00	0.00	0.00/-23.26	0.00	0.00
000983	山西焦煤	0	0	0.00	0.00	0.00	0.00	0.00	0.00/-23.26	0.00	0.00
000985	大庆华科	0	0	0.00	0.00	0.00	0.00	0.00	0.00/-23.26	0.00	0.00
000987	越秀资本	0	0	0.00	0.00	0.00	0.00	0.00	0.00/-23.26	0.00	0.00
000989	九芝堂	0	0	0.00	0.00	0.00	0.00	0.00	0.00/-23.26	0.00	0.00
000990	诚志股份	0	0	0.00	0.00	0.00	0.00	0.00	0.00/-23.26	0.00	0.00
000993	闽东电力	0	0	0.00	0.00	0.00	0.00	0.00	0.00/-23.26	0.00	0.00
000995	皇台酒业	0	0	0.00	0.00	0.00	0.00	0.00	0.00/-23.26	0.00	0.00
000997	新 大 陆	0	0	0.00	0.00	0.00	0.00	0.00	0.00/-23.26	0.00	0.00
000998	隆平高科	0	0	0.00	0.00	0.00	0.00	0.00	0.00/-23.26	0.00	0.00
000999	华润三九	0	0	0.00	0.00	0.00	0.00	0.00	0.00/-23.26	0.00	0.00
001201	东瑞股份	0	0	0.00	0.00	0.00	0.00	0.00	0.00/-23.26	0.00	0.00
001202	炬申股份	0	0	0.00	0.00	0.00	0.00	0.00	0.00/-23.26	0.00	0.00
001203	大中矿业	0	0	0.00	0.00	0.00	0.00	0.00	0.00/-23.26	0.00	0.00
001205	盛航股份	0	0	0.00	0.00	0.00	0.00	0.00	0.00/-23.26	0.00	0.00
001206	依依股份	0	0	0.00	0.00	0.00	0.00	0.00	0.00/-23.26	0.00	0.00
001207	联科科技	0	0	0.00	0.00	0.00	0.00	0.00	0.00/-23.26	0.00	0.00
001208	华菱线缆	0	0	0.00	0.00	0.00	0.00	0.00	0.00/-23.26	0.00	0.00
001209	洪兴股份	0	0	0.00	0.00	0.00	0.00	0.00	0.00/-23.26	0.00	0.00
001210	金房能源	0	0	0.00	0.00	0.00	0.00	0.00	0.00/-23.26	0.00	0.00
001211	双枪科技	0	0	0.00	0.00	0.00	0.00	0.00	0.00/-23.26	0.00	0.00
001212	中旗新材	0	0	0.00	0.00	0.00	0.00	0.00	0.00/-23.26	0.00	0.00
001213	中铁特货	0	0	0.00	0.00	0.00	0.00	0.00	0.00/-23.26	0.00	0.00
001215	千味央厨	0	0	0.00	0.00	0.00	0.00	0.00	0.00/-23.26	0.00	0.00
001216	华瓷股份	0	0	0.00	0.00	0.00	0.00	0.00	0.00/-23.26	0.00	0.00
001217	华尔泰	0	0	0.00	0.00	0.00	0.00	0.00	0.00/-23.26	0.00	0.00
001218	丽臣实业	0	0	0.00	0.00	0.00	0.00	0.00	0.00/-23.26	0.00	0.00
001219	青岛食品	0	0	0.00	0.00	0.00	0.00	0.00	0.00/-23.26	0.00	0.00
001220	世盟股份	0	0	0.00	0.00	0.00	0.00	0.00	0.00/-23.26	0.00	0.00
001221	悍高集团	0	0	0.00	0.00	0.00	0.00	0.00	0.00/-23.26	0.00	0.00
001222	源飞宠物	0	0	0.00	0.00	0.00	0.00	0.00	0.00/-23.26	0.00	0.00
001223	欧克科技	0	0	0.00	0.00	0.00	0.00	0.00	0.00/-23.26	0.00	0.00
001225	和泰机电	0	0	0.00	0.00	0.00	0.00	0.00	0.00/-23.26	0.00	0.00
001226	拓山重工	0	0	0.00	0.00	0.00	0.00	0.00	0.00/-23.26	0.00	0.00
001227	兰州银行	0	0	0.00	0.00	0.00	0.00	0.00	0.00/-23.26	0.00	0.00
001228	永泰运	0	0	0.00	0.00	0.00	0.00	0.00	0.00/-23.26	0.00	0.00
001229	魅视科技	0	0	0.00	0.00	0.00	0.00	0.00	0.00/-23.26	0.00	0.00
001230	劲旅环境	0	0	0.00	0.00	0.00	0.00	0.00	0.00/-23.26	0.00	0.00
001231	农心科技	0	0	0.00	0.00	0.00	0.00	0.00	0.00/-23.26	0.00	0.00
001232	嘉立创	0	0	0.00	0.00	0.00	0.00	0.00	0.00/-23.26	0.00	0.00
001233	海安集团	0	0	0.00	0.00	0.00	0.00	0.00	0.00/-23.26	0.00	0.00
001234	泰慕士	0	0	0.00	0.00	0.00	0.00	0.00	0.00/-23.26	0.00	0.00
001236	弘业期货	0	0	0.00	0.00	0.00	0.00	0.00	0.00/-23.26	0.00	0.00
001237	惠康科技	0	0	0.00	0.00	0.00	0.00	0.00	0.00/-23.26	0.00	0.00
001238	浙江正特	0	0	0.00	0.00	0.00	0.00	0.00	0.00/-23.26	0.00	0.00
001239	永达股份	0	0	0.00	0.00	0.00	0.00	0.00	0.00/-23.26	0.00	0.00
001246	N力勤	0	0	0.00	0.00	0.00	0.00	0.00	0.00/-23.26	0.00	0.00
001248	华润新能	0	0	0.00	0.00	0.00	0.00	0.00	0.00/-23.26	0.00	0.00
001255	博菲电气	0	0	0.00	0.00	0.00	0.00	0.00	0.00/-23.26	0.00	0.00
001256	炜冈科技	0	0	0.00	0.00	0.00	0.00	0.00	0.00/-23.26	0.00	0.00
001257	盛龙股份	0	0	0.00	0.00	0.00	0.00	0.00	0.00/-23.26	0.00	0.00
001258	立新能源	0	0	0.00	0.00	0.00	0.00	0.00	0.00/-23.26	0.00	0.00
001259	利仁科技	0	0	0.00	0.00	0.00	0.00	0.00	0.00/-23.26	0.00	0.00
001260	坤泰股份	0	0	0.00	0.00	0.00	0.00	0.00	0.00/-23.26	0.00	0.00
001266	宏英智能	0	0	0.00	0.00	0.00	0.00	0.00	0.00/-23.26	0.00	0.00
001267	汇绿生态	0	0	0.00	0.00	0.00	0.00	0.00	0.00/-23.26	0.00	0.00
001268	联合精密	0	0	0.00	0.00	0.00	0.00	0.00	0.00/-23.26	0.00	0.00
001269	欧晶科技	0	0	0.00	0.00	0.00	0.00	0.00	0.00/-23.26	0.00	0.00
001270	铖昌科技	0	0	0.00	0.00	0.00	0.00	0.00	0.00/-23.26	0.00	0.00
001277	速达股份	0	0	0.00	0.00	0.00	0.00	0.00	0.00/-23.26	0.00	0.00
001278	一彬科技	0	0	0.00	0.00	0.00	0.00	0.00	0.00/-23.26	0.00	0.00
001279	强邦新材	0	0	0.00	0.00	0.00	0.00	0.00	0.00/-23.26	0.00	0.00
001280	中国铀业	0	0	0.00	0.00	0.00	0.00	0.00	0.00/-23.26	0.00	0.00
001282	三联锻造	0	0	0.00	0.00	0.00	0.00	0.00	0.00/-23.26	0.00	0.00
001283	豪鹏科技	0	0	0.00	0.00	0.00	0.00	0.00	0.00/-23.26	0.00	0.00
001285	瑞立科密	0	0	0.00	0.00	0.00	0.00	0.00	0.00/-23.26	0.00	0.00
001287	中电港	0	0	0.00	0.00	0.00	0.00	0.00	0.00/-23.26	0.00	0.00
001288	运机集团	0	0	0.00	0.00	0.00	0.00	0.00	0.00/-23.26	0.00	0.00
001289	龙源电力	0	0	0.00	0.00	0.00	0.00	0.00	0.00/-23.26	0.00	0.00
001296	长江材料	0	0	0.00	0.00	0.00	0.00	0.00	0.00/-23.26	0.00	0.00
001298	好上好	0	0	0.00	0.00	0.00	0.00	0.00	0.00/-23.26	0.00	0.00
001299	美能能源	0	0	0.00	0.00	0.00	0.00	0.00	0.00/-23.26	0.00	0.00
001300	三柏硕	0	0	0.00	0.00	0.00	0.00	0.00	0.00/-23.26	0.00	0.00
001301	尚太科技	0	0	0.00	0.00	0.00	0.00	0.00	0.00/-23.26	0.00	0.00
001306	夏厦精密	0	0	0.00	0.00	0.00	0.00	0.00	0.00/-23.26	0.00	0.00
001308	康冠科技	0	0	0.00	0.00	0.00	0.00	0.00	0.00/-23.26	0.00	0.00
001309	德明利	0	0	0.00	0.00	0.00	0.00	0.00	0.00/-23.26	0.00	0.00
001311	多利科技	0	0	0.00	0.00	0.00	0.00	0.00	0.00/-23.26	0.00	0.00
001312	福恩股份	0	0	0.00	0.00	0.00	0.00	0.00	0.00/-23.26	0.00	0.00
001313	粤海饲料	0	0	0.00	0.00	0.00	0.00	0.00	0.00/-23.26	0.00	0.00
001314	亿道信息	0	0	0.00	0.00	0.00	0.00	0.00	0.00/-23.26	0.00	0.00
001317	三羊马	0	0	0.00	0.00	0.00	0.00	0.00	0.00/-23.26	0.00	0.00
001318	阳光乳业	0	0	0.00	0.00	0.00	0.00	0.00	0.00/-23.26	0.00	0.00
001319	铭科精技	0	0	0.00	0.00	0.00	0.00	0.00	0.00/-23.26	0.00	0.00
001322	箭牌家居	0	0	0.00	0.00	0.00	0.00	0.00	0.00/-23.26	0.00	0.00
001323	慕思股份	0	0	0.00	0.00	0.00	0.00	0.00	0.00/-23.26	0.00	0.00
001324	长青科技	0	0	0.00	0.00	0.00	0.00	0.00	0.00/-23.26	0.00	0.00
001325	元创股份	0	0	0.00	0.00	0.00	0.00	0.00	0.00/-23.26	0.00	0.00
001326	联域股份	0	0	0.00	0.00	0.00	0.00	0.00	0.00/-23.26	0.00	0.00
001328	登康口腔	0	0	0.00	0.00	0.00	0.00	0.00	0.00/-23.26	0.00	0.00
001330	博纳影业	0	0	0.00	0.00	0.00	0.00	0.00	0.00/-23.26	0.00	0.00
001331	胜通能源	0	0	0.00	0.00	0.00	0.00	0.00	0.00/-23.26	0.00	0.00
001333	光华股份	0	0	0.00	0.00	0.00	0.00	0.00	0.00/-23.26	0.00	0.00
001335	信凯科技	0	0	0.00	0.00	0.00	0.00	0.00	0.00/-23.26	0.00	0.00
001336	楚环科技	0	0	0.00	0.00	0.00	0.00	0.00	0.00/-23.26	0.00	0.00
001338	永顺泰	0	0	0.00	0.00	0.00	0.00	0.00	0.00/-23.26	0.00	0.00
001339	智微智能	0	0	0.00	0.00	0.00	0.00	0.00	0.00/-23.26	0.00	0.00
001356	富岭股份	0	0	0.00	0.00	0.00	0.00	0.00	0.00/-23.26	0.00	0.00
001358	兴欣新材	0	0	0.00	0.00	0.00	0.00	0.00	0.00/-23.26	0.00	0.00
001359	平安电工	0	0	0.00	0.00	0.00	0.00	0.00	0.00/-23.26	0.00	0.00
001360	南矿集团	0	0	0.00	0.00	0.00	0.00	0.00	0.00/-23.26	0.00	0.00
001365	天海电子	0	0	0.00	0.00	0.00	0.00	0.00	0.00/-23.26	0.00	0.00
001366	播恩集团	0	0	0.00	0.00	0.00	0.00	0.00	0.00/-23.26	0.00	0.00
001367	海森药业	0	0	0.00	0.00	0.00	0.00	0.00	0.00/-23.26	0.00	0.00
001368	通达创智	0	0	0.00	0.00	0.00	0.00	0.00	0.00/-23.26	0.00	0.00
001369	双欣材料	0	0	0.00	0.00	0.00	0.00	0.00	0.00/-23.26	0.00	0.00
001373	翔腾新材	0	0	0.00	0.00	0.00	0.00	0.00	0.00/-23.26	0.00	0.00
001376	百通能源	0	0	0.00	0.00	0.00	0.00	0.00	0.00/-23.26	0.00	0.00
001378	德冠新材	0	0	0.00	0.00	0.00	0.00	0.00	0.00/-23.26	0.00	0.00
001379	腾达科技	0	0	0.00	0.00	0.00	0.00	0.00	0.00/-23.26	0.00	0.00
001380	华纬科技	0	0	0.00	0.00	0.00	0.00	0.00	0.00/-23.26	0.00	0.00
001382	新亚电缆	0	0	0.00	0.00	0.00	0.00	0.00	0.00/-23.26	0.00	0.00
001386	马可波罗	0	0	0.00	0.00	0.00	0.00	0.00	0.00/-23.26	0.00	0.00
001387	雪祺电气	0	0	0.00	0.00	0.00	0.00	0.00	0.00/-23.26	0.00	0.00
001388	信通电子	0	0	0.00	0.00	0.00	0.00	0.00	0.00/-23.26	0.00	0.00
001389	广合科技	0	0	0.00	0.00	0.00	0.00	0.00	0.00/-23.26	0.00	0.00
001390	古麒绒材	0	0	0.00	0.00	0.00	0.00	0.00	0.00/-23.26	0.00	0.00
001391	国货航	0	0	0.00	0.00	0.00	0.00	0.00	0.00/-23.26	0.00	0.00
001393	维通利	0	0	0.00	0.00	0.00	0.00	0.00	0.00/-23.26	0.00	0.00
001395	亚联机械	0	0	0.00	0.00	0.00	0.00	0.00	0.00/-23.26	0.00	0.00
001396	誉帆科技	0	0	0.00	0.00	0.00	0.00	0.00	0.00/-23.26	0.00	0.00
001399	惠科股份	0	0	0.00	0.00	0.00	0.00	0.00	0.00/-23.26	0.00	0.00
001400	江顺科技	0	0	0.00	0.00	0.00	0.00	0.00	0.00/-23.26	0.00	0.00
001696	宗申动力	0	0	0.00	0.00	0.00	0.00	0.00	0.00/-23.26	0.00	0.00
001872	招商港口	0	0	0.00	0.00	0.00	0.00	0.00	0.00/-23.26	0.00	0.00
001896	豫能控股	0	0	0.00	0.00	0.00	0.00	0.00	0.00/-23.26	0.00	0.00
001914	招商积余	0	0	0.00	0.00	0.00	0.00	0.00	0.00/-23.26	0.00	0.00
001965	招商公路	0	0	0.00	0.00	0.00	0.00	0.00	0.00/-23.26	0.00	0.00
001979	招商蛇口	0	0	0.00	0.00	0.00	0.00	0.00	0.00/-23.26	0.00	0.00
002001	新 和 成	0	0	0.00	0.00	0.00	0.00	0.00	0.00/-23.26	0.00	0.00
002003	伟星股份	0	0	0.00	0.00	0.00	0.00	0.00	0.00/-23.26	0.00	0.00
002004	华邦健康	0	0	0.00	0.00	0.00	0.00	0.00	0.00/-23.26	0.00	0.00
002005	德豪润达	0	0	0.00	0.00	0.00	0.00	0.00	0.00/-23.26	0.00	0.00
002006	精工科技	0	0	0.00	0.00	0.00	0.00	0.00	0.00/-23.26	0.00	0.00
002009	天奇股份	0	0	0.00	0.00	0.00	0.00	0.00	0.00/-23.26	0.00	0.00
002010	传化智联	0	0	0.00	0.00	0.00	0.00	0.00	0.00/-23.26	0.00	0.00
002011	盾安环境	0	0	0.00	0.00	0.00	0.00	0.00	0.00/-23.26	0.00	0.00
002012	凯恩股份	0	0	0.00	0.00	0.00	0.00	0.00	0.00/-23.26	0.00	0.00
002014	永新股份	0	0	0.00	0.00	0.00	0.00	0.00	0.00/-23.26	0.00	0.00
002015	协鑫能科	0	0	0.00	0.00	0.00	0.00	0.00	0.00/-23.26	0.00	0.00
002016	世荣兆业	0	0	0.00	0.00	0.00	0.00	0.00	0.00/-23.26	0.00	0.00
002019	亿帆医药	0	0	0.00	0.00	0.00	0.00	0.00	0.00/-23.26	0.00	0.00
002020	京新药业	0	0	0.00	0.00	0.00	0.00	0.00	0.00/-23.26	0.00	0.00
002021	中捷资源	0	0	0.00	0.00	0.00	0.00	0.00	0.00/-23.26	0.00	0.00
002022	科华生物	0	0	0.00	0.00	0.00	0.00	0.00	0.00/-23.26	0.00	0.00
002024	ST易购	0	0	0.00	0.00	0.00	0.00	0.00	0.00/-23.26	0.00	0.00
002025	航天电器	0	0	0.00	0.00	0.00	0.00	0.00	0.00/-23.26	0.00	0.00
002026	山东威达	0	0	0.00	0.00	0.00	0.00	0.00	0.00/-23.26	0.00	0.00
002027	分众传媒	0	0	0.00	0.00	0.00	0.00	0.00	0.00/-23.26	0.00	0.00
002028	思源电气	0	0	0.00	0.00	0.00	0.00	0.00	0.00/-23.26	0.00	0.00
002029	七 匹 狼	0	0	0.00	0.00	0.00	0.00	0.00	0.00/-23.26	0.00	0.00
002030	达安基因	0	0	0.00	0.00	0.00	0.00	0.00	0.00/-23.26	0.00	0.00
002031	巨轮智能	0	0	0.00	0.00	0.00	0.00	0.00	0.00/-23.26	0.00	0.00
002032	苏 泊 尔	0	0	0.00	0.00	0.00	0.00	0.00	0.00/-23.26	0.00	0.00
002033	丽江股份	0	0	0.00	0.00	0.00	0.00	0.00	0.00/-23.26	0.00	0.00
002034	旺能环境	0	0	0.00	0.00	0.00	0.00	0.00	0.00/-23.26	0.00	0.00
002035	华帝股份	0	0	0.00	0.00	0.00	0.00	0.00	0.00/-23.26	0.00	0.00
002036	联创电子	0	0	0.00	0.00	0.00	0.00	0.00	0.00/-23.26	0.00	0.00
002037	保利联合	0	0	0.00	0.00	0.00	0.00	0.00	0.00/-23.26	0.00	0.00
002038	双鹭药业	0	0	0.00	0.00	0.00	0.00	0.00	0.00/-23.26	0.00	0.00
002039	黔源电力	0	0	0.00	0.00	0.00	0.00	0.00	0.00/-23.26	0.00	0.00
002040	南 京 港	0	0	0.00	0.00	0.00	0.00	0.00	0.00/-23.26	0.00	0.00
002042	华孚时尚	0	0	0.00	0.00	0.00	0.00	0.00	0.00/-23.26	0.00	0.00
002043	兔 宝 宝	0	0	0.00	0.00	0.00	0.00	0.00	0.00/-23.26	0.00	0.00
002044	美年健康	0	0	0.00	0.00	0.00	0.00	0.00	0.00/-23.26	0.00	0.00
002045	国光电器	0	0	0.00	0.00	0.00	0.00	0.00	0.00/-23.26	0.00	0.00
002046	国机精工	0	0	0.00	0.00	0.00	0.00	0.00	0.00/-23.26	0.00	0.00
002047	宝鹰股份	0	0	0.00	0.00	0.00	0.00	0.00	0.00/-23.26	0.00	0.00
002048	宁波华翔	0	0	0.00	0.00	0.00	0.00	0.00	0.00/-23.26	0.00	0.00
002049	紫光国微	0	0	0.00	0.00	0.00	0.00	0.00	0.00/-23.26	0.00	0.00
002050	三花智控	0	0	0.00	0.00	0.00	0.00	0.00	0.00/-23.26	0.00	0.00
002051	中工国际	0	0	0.00	0.00	0.00	0.00	0.00	0.00/-23.26	0.00	0.00
002052	同洲电子	0	0	0.00	0.00	0.00	0.00	0.00	0.00/-23.26	0.00	0.00
002053	云南能投	0	0	0.00	0.00	0.00	0.00	0.00	0.00/-23.26	0.00	0.00
002054	德美化工	0	0	0.00	0.00	0.00	0.00	0.00	0.00/-23.26	0.00	0.00
002055	ST得润	0	0	0.00	0.00	0.00	0.00	0.00	0.00/-23.26	0.00	0.00
002056	横店东磁	0	0	0.00	0.00	0.00	0.00	0.00	0.00/-23.26	0.00	0.00
002057	中钢天源	0	0	0.00	0.00	0.00	0.00	0.00	0.00/-23.26	0.00	0.00
002058	紫竹高科	0	0	0.00	0.00	0.00	0.00	0.00	0.00/-23.26	0.00	0.00
002059	云南旅游	0	0	0.00	0.00	0.00	0.00	0.00	0.00/-23.26	0.00	0.00
002060	广东建工	0	0	0.00	0.00	0.00	0.00	0.00	0.00/-23.26	0.00	0.00
002061	浙江交科	0	0	0.00	0.00	0.00	0.00	0.00	0.00/-23.26	0.00	0.00
002062	宏润建设	0	0	0.00	0.00	0.00	0.00	0.00	0.00/-23.26	0.00	0.00
002064	华峰化学	0	0	0.00	0.00	0.00	0.00	0.00	0.00/-23.26	0.00	0.00
002065	东华软件	0	0	0.00	0.00	0.00	0.00	0.00	0.00/-23.26	0.00	0.00
002066	瑞泰科技	0	0	0.00	0.00	0.00	0.00	0.00	0.00/-23.26	0.00	0.00
002067	景兴纸业	0	0	0.00	0.00	0.00	0.00	0.00	0.00/-23.26	0.00	0.00
002068	黑猫股份	0	0	0.00	0.00	0.00	0.00	0.00	0.00/-23.26	0.00	0.00
002069	獐子岛	0	0	0.00	0.00	0.00	0.00	0.00	0.00/-23.26	0.00	0.00
002072	凯瑞德	0	0	0.00	0.00	0.00	0.00	0.00	0.00/-23.26	0.00	0.00
002073	软控股份	0	0	0.00	0.00	0.00	0.00	0.00	0.00/-23.26	0.00	0.00
002074	国轩高科	0	0	0.00	0.00	0.00	0.00	0.00	0.00/-23.26	0.00	0.00
002075	沙钢股份	0	0	0.00	0.00	0.00	0.00	0.00	0.00/-23.26	0.00	0.00
002076	星光股份	0	0	0.00	0.00	0.00	0.00	0.00	0.00/-23.26	0.00	0.00
002077	大港股份	0	0	0.00	0.00	0.00	0.00	0.00	0.00/-23.26	0.00	0.00
002081	金 螳 螂	0	0	0.00	0.00	0.00	0.00	0.00	0.00/-23.26	0.00	0.00
002082	ST万邦	0	0	0.00	0.00	0.00	0.00	0.00	0.00/-23.26	0.00	0.00
002083	孚日股份	0	0	0.00	0.00	0.00	0.00	0.00	0.00/-23.26	0.00	0.00
002084	海鸥住工	0	0	0.00	0.00	0.00	0.00	0.00	0.00/-23.26	0.00	0.00
002085	万丰奥威	0	0	0.00	0.00	0.00	0.00	0.00	0.00/-23.26	0.00	0.00
002086	东方海洋	0	0	0.00	0.00	0.00	0.00	0.00	0.00/-23.26	0.00	0.00
002088	鲁阳节能	0	0	0.00	0.00	0.00	0.00	0.00	0.00/-23.26	0.00	0.00
002091	江苏国泰	0	0	0.00	0.00	0.00	0.00	0.00	0.00/-23.26	0.00	0.00
002093	国脉科技	0	0	0.00	0.00	0.00	0.00	0.00	0.00/-23.26	0.00	0.00
002094	青岛金王	0	0	0.00	0.00	0.00	0.00	0.00	0.00/-23.26	0.00	0.00
002095	生 意 宝	0	0	0.00	0.00	0.00	0.00	0.00	0.00/-23.26	0.00	0.00
002096	易普力	0	0	0.00	0.00	0.00	0.00	0.00	0.00/-23.26	0.00	0.00
002098	浔兴股份	0	0	0.00	0.00	0.00	0.00	0.00	0.00/-23.26	0.00	0.00
002099	海翔药业	0	0	0.00	0.00	0.00	0.00	0.00	0.00/-23.26	0.00	0.00
002100	天康生物	0	0	0.00	0.00	0.00	0.00	0.00	0.00/-23.26	0.00	0.00
002101	广东鸿图	0	0	0.00	0.00	0.00	0.00	0.00	0.00/-23.26	0.00	0.00
002102	ST能特	0	0	0.00	0.00	0.00	0.00	0.00	0.00/-23.26	0.00	0.00
002103	广博股份	0	0	0.00	0.00	0.00	0.00	0.00	0.00/-23.26	0.00	0.00
002105	信隆健康	0	0	0.00	0.00	0.00	0.00	0.00	0.00/-23.26	0.00	0.00
002106	莱宝高科	0	0	0.00	0.00	0.00	0.00	0.00	0.00/-23.26	0.00	0.00
002107	沃华医药	0	0	0.00	0.00	0.00	0.00	0.00	0.00/-23.26	0.00	0.00
002109	ST兴化	0	0	0.00	0.00	0.00	0.00	0.00	0.00/-23.26	0.00	0.00
002110	三钢闽光	0	0	0.00	0.00	0.00	0.00	0.00	0.00/-23.26	0.00	0.00
002111	威海广泰	0	0	0.00	0.00	0.00	0.00	0.00	0.00/-23.26	0.00	0.00
002112	三变科技	0	0	0.00	0.00	0.00	0.00	0.00	0.00/-23.26	0.00	0.00
002114	罗平锌电	0	0	0.00	0.00	0.00	0.00	0.00	0.00/-23.26	0.00	0.00
002115	三维通信	0	0	0.00	0.00	0.00	0.00	0.00	0.00/-23.26	0.00	0.00
002116	中国海诚	0	0	0.00	0.00	0.00	0.00	0.00	0.00/-23.26	0.00	0.00
002117	东港股份	0	0	0.00	0.00	0.00	0.00	0.00	0.00/-23.26	0.00	0.00
002119	康强电子	0	0	0.00	0.00	0.00	0.00	0.00	0.00/-23.26	0.00	0.00
002120	韵达股份	0	0	0.00	0.00	0.00	0.00	0.00	0.00/-23.26	0.00	0.00
002121	科陆电子	0	0	0.00	0.00	0.00	0.00	0.00	0.00/-23.26	0.00	0.00
002122	ST汇洲	0	0	0.00	0.00	0.00	0.00	0.00	0.00/-23.26	0.00	0.00
002123	梦网科技	0	0	0.00	0.00	0.00	0.00	0.00	0.00/-23.26	0.00	0.00
002124	天邦食品	0	0	0.00	0.00	0.00	0.00	0.00	0.00/-23.26	0.00	0.00
002125	湘潭电化	0	0	0.00	0.00	0.00	0.00	0.00	0.00/-23.26	0.00	0.00
002126	银轮股份	0	0	0.00	0.00	0.00	0.00	0.00	0.00/-23.26	0.00	0.00
002127	南极电商	0	0	0.00	0.00	0.00	0.00	0.00	0.00/-23.26	0.00	0.00
002128	电投能源	0	0	0.00	0.00	0.00	0.00	0.00	0.00/-23.26	0.00	0.00
002129	TCL中环	0	0	0.00	0.00	0.00	0.00	0.00	0.00/-23.26	0.00	0.00
002130	沃尔核材	0	0	0.00	0.00	0.00	0.00	0.00	0.00/-23.26	0.00	0.00
002131	利欧股份	0	0	0.00	0.00	0.00	0.00	0.00	0.00/-23.26	0.00	0.00
002132	恒星科技	0	0	0.00	0.00	0.00	0.00	0.00	0.00/-23.26	0.00	0.00
002133	广宇集团	0	0	0.00	0.00	0.00	0.00	0.00	0.00/-23.26	0.00	0.00
002134	天津普林	0	0	0.00	0.00	0.00	0.00	0.00	0.00/-23.26	0.00	0.00
002135	东南网架	0	0	0.00	0.00	0.00	0.00	0.00	0.00/-23.26	0.00	0.00
002136	安 纳 达	0	0	0.00	0.00	0.00	0.00	0.00	0.00/-23.26	0.00	0.00
002137	实益达	0	0	0.00	0.00	0.00	0.00	0.00	0.00/-23.26	0.00	0.00
002138	顺络电子	0	0	0.00	0.00	0.00	0.00	0.00	0.00/-23.26	0.00	0.00
002139	拓邦股份	0	0	0.00	0.00	0.00	0.00	0.00	0.00/-23.26	0.00	0.00
002140	东华科技	0	0	0.00	0.00	0.00	0.00	0.00	0.00/-23.26	0.00	0.00
002141	贤丰控股	0	0	0.00	0.00	0.00	0.00	0.00	0.00/-23.26	0.00	0.00
002142	宁波银行	0	0	0.00	0.00	0.00	0.00	0.00	0.00/-23.26	0.00	0.00
002144	宏达高科	0	0	0.00	0.00	0.00	0.00	0.00	0.00/-23.26	0.00	0.00
002145	钛能化学	0	0	0.00	0.00	0.00	0.00	0.00	0.00/-23.26	0.00	0.00
002146	荣盛发展	0	0	0.00	0.00	0.00	0.00	0.00	0.00/-23.26	0.00	0.00
002148	北纬科技	0	0	0.00	0.00	0.00	0.00	0.00	0.00/-23.26	0.00	0.00
002149	西部材料	0	0	0.00	0.00	0.00	0.00	0.00	0.00/-23.26	0.00	0.00
002150	正泰电源	0	0	0.00	0.00	0.00	0.00	0.00	0.00/-23.26	0.00	0.00
002151	北斗星通	0	0	0.00	0.00	0.00	0.00	0.00	0.00/-23.26	0.00	0.00
002153	石基信息	0	0	0.00	0.00	0.00	0.00	0.00	0.00/-23.26	0.00	0.00
002154	报 喜 鸟	0	0	0.00	0.00	0.00	0.00	0.00	0.00/-23.26	0.00	0.00
002156	通富微电	0	0	0.00	0.00	0.00	0.00	0.00	0.00/-23.26	0.00	0.00
002157	正邦科技	0	0	0.00	0.00	0.00	0.00	0.00	0.00/-23.26	0.00	0.00
002158	汉钟精机	0	0	0.00	0.00	0.00	0.00	0.00	0.00/-23.26	0.00	0.00
002159	三特索道	0	0	0.00	0.00	0.00	0.00	0.00	0.00/-23.26	0.00	0.00
002160	常铝股份	0	0	0.00	0.00	0.00	0.00	0.00	0.00/-23.26	0.00	0.00
002161	远 望 谷	0	0	0.00	0.00	0.00	0.00	0.00	0.00/-23.26	0.00	0.00
002163	海南发展	0	0	0.00	0.00	0.00	0.00	0.00	0.00/-23.26	0.00	0.00
002164	宁波东力	0	0	0.00	0.00	0.00	0.00	0.00	0.00/-23.26	0.00	0.00
002165	红 宝 丽	0	0	0.00	0.00	0.00	0.00	0.00	0.00/-23.26	0.00	0.00
002168	ST惠程	0	0	0.00	0.00	0.00	0.00	0.00	0.00/-23.26	0.00	0.00
002169	智光电气	0	0	0.00	0.00	0.00	0.00	0.00	0.00/-23.26	0.00	0.00
002173	创新医疗	0	0	0.00	0.00	0.00	0.00	0.00	0.00/-23.26	0.00	0.00
002174	游族网络	0	0	0.00	0.00	0.00	0.00	0.00	0.00/-23.26	0.00	0.00
002175	*ST东智	0	0	0.00	0.00	0.00	0.00	0.00	0.00/-23.26	0.00	0.00
002176	江特电机	0	0	0.00	0.00	0.00	0.00	0.00	0.00/-23.26	0.00	0.00
002177	御银股份	0	0	0.00	0.00	0.00	0.00	0.00	0.00/-23.26	0.00	0.00
002178	延华智能	0	0	0.00	0.00	0.00	0.00	0.00	0.00/-23.26	0.00	0.00
002179	中航光电	0	0	0.00	0.00	0.00	0.00	0.00	0.00/-23.26	0.00	0.00
002180	奔图科技	0	0	0.00	0.00	0.00	0.00	0.00	0.00/-23.26	0.00	0.00
002181	粤 传 媒	0	0	0.00	0.00	0.00	0.00	0.00	0.00/-23.26	0.00	0.00
002182	宝武镁业	0	0	0.00	0.00	0.00	0.00	0.00	0.00/-23.26	0.00	0.00
002183	怡 亚 通	0	0	0.00	0.00	0.00	0.00	0.00	0.00/-23.26	0.00	0.00
002184	海得控制	0	0	0.00	0.00	0.00	0.00	0.00	0.00/-23.26	0.00	0.00
002185	华天科技	0	0	0.00	0.00	0.00	0.00	0.00	0.00/-23.26	0.00	0.00
002186	全 聚 德	0	0	0.00	0.00	0.00	0.00	0.00	0.00/-23.26	0.00	0.00
002187	广百股份	0	0	0.00	0.00	0.00	0.00	0.00	0.00/-23.26	0.00	0.00
002188	中天服务	0	0	0.00	0.00	0.00	0.00	0.00	0.00/-23.26	0.00	0.00
002189	中光学	0	0	0.00	0.00	0.00	0.00	0.00	0.00/-23.26	0.00	0.00
002190	成飞集成	0	0	0.00	0.00	0.00	0.00	0.00	0.00/-23.26	0.00	0.00
002191	劲嘉股份	0	0	0.00	0.00	0.00	0.00	0.00	0.00/-23.26	0.00	0.00
002192	融捷股份	0	0	0.00	0.00	0.00	0.00	0.00	0.00/-23.26	0.00	0.00
002193	ST如意	0	0	0.00	0.00	0.00	0.00	0.00	0.00/-23.26	0.00	0.00
002194	武汉凡谷	0	0	0.00	0.00	0.00	0.00	0.00	0.00/-23.26	0.00	0.00
002195	岩山科技	0	0	0.00	0.00	0.00	0.00	0.00	0.00/-23.26	0.00	0.00
002196	方正电机	0	0	0.00	0.00	0.00	0.00	0.00	0.00/-23.26	0.00	0.00
002197	证通电子	0	0	0.00	0.00	0.00	0.00	0.00	0.00/-23.26	0.00	0.00
002198	ST嘉应	0	0	0.00	0.00	0.00	0.00	0.00	0.00/-23.26	0.00	0.00
002199	东晶电子	0	0	0.00	0.00	0.00	0.00	0.00	0.00/-23.26	0.00	0.00
002200	交投生态	0	0	0.00	0.00	0.00	0.00	0.00	0.00/-23.26	0.00	0.00
002201	九鼎新材	0	0	0.00	0.00	0.00	0.00	0.00	0.00/-23.26	0.00	0.00
002203	海亮股份	0	0	0.00	0.00	0.00	0.00	0.00	0.00/-23.26	0.00	0.00
002205	国统股份	0	0	0.00	0.00	0.00	0.00	0.00	0.00/-23.26	0.00	0.00
002206	海 利 得	0	0	0.00	0.00	0.00	0.00	0.00	0.00/-23.26	0.00	0.00
002207	*ST准油	0	0	0.00	0.00	0.00	0.00	0.00	0.00/-23.26	0.00	0.00
002208	合肥城建	0	0	0.00	0.00	0.00	0.00	0.00	0.00/-23.26	0.00	0.00
002209	达 意 隆	0	0	0.00	0.00	0.00	0.00	0.00	0.00/-23.26	0.00	0.00
002210	飞马国际	0	0	0.00	0.00	0.00	0.00	0.00	0.00/-23.26	0.00	0.00
002211	ST宏达	0	0	0.00	0.00	0.00	0.00	0.00	0.00/-23.26	0.00	0.00
002212	天融信	0	0	0.00	0.00	0.00	0.00	0.00	0.00/-23.26	0.00	0.00
002213	大为股份	0	0	0.00	0.00	0.00	0.00	0.00	0.00/-23.26	0.00	0.00
002214	大立科技	0	0	0.00	0.00	0.00	0.00	0.00	0.00/-23.26	0.00	0.00
002215	诺 普 信	0	0	0.00	0.00	0.00	0.00	0.00	0.00/-23.26	0.00	0.00
002216	三全食品	0	0	0.00	0.00	0.00	0.00	0.00	0.00/-23.26	0.00	0.00
002217	ST合力泰	0	0	0.00	0.00	0.00	0.00	0.00	0.00/-23.26	0.00	0.00
002218	拓日新能	0	0	0.00	0.00	0.00	0.00	0.00	0.00/-23.26	0.00	0.00
002219	新里程	0	0	0.00	0.00	0.00	0.00	0.00	0.00/-23.26	0.00	0.00
002221	东华能源	0	0	0.00	0.00	0.00	0.00	0.00	0.00/-23.26	0.00	0.00
002222	福晶科技	0	0	0.00	0.00	0.00	0.00	0.00	0.00/-23.26	0.00	0.00
002223	鱼跃医疗	0	0	0.00	0.00	0.00	0.00	0.00	0.00/-23.26	0.00	0.00
002224	三 力 士	0	0	0.00	0.00	0.00	0.00	0.00	0.00/-23.26	0.00	0.00
002225	濮耐股份	0	0	0.00	0.00	0.00	0.00	0.00	0.00/-23.26	0.00	0.00
002227	*ST特迅	0	0	0.00	0.00	0.00	0.00	0.00	0.00/-23.26	0.00	0.00
002228	合兴包装	0	0	0.00	0.00	0.00	0.00	0.00	0.00/-23.26	0.00	0.00
002229	鸿博股份	0	0	0.00	0.00	0.00	0.00	0.00	0.00/-23.26	0.00	0.00
002230	科大讯飞	0	0	0.00	0.00	0.00	0.00	0.00	0.00/-23.26	0.00	0.00
002233	塔牌集团	0	0	0.00	0.00	0.00	0.00	0.00	0.00/-23.26	0.00	0.00
002234	民和股份	0	0	0.00	0.00	0.00	0.00	0.00	0.00/-23.26	0.00	0.00
002235	安妮股份	0	0	0.00	0.00	0.00	0.00	0.00	0.00/-23.26	0.00	0.00
002236	大华股份	0	0	0.00	0.00	0.00	0.00	0.00	0.00/-23.26	0.00	0.00
002237	恒邦股份	0	0	0.00	0.00	0.00	0.00	0.00	0.00/-23.26	0.00	0.00
002238	天威视讯	0	0	0.00	0.00	0.00	0.00	0.00	0.00/-23.26	0.00	0.00
002239	奥特佳	0	0	0.00	0.00	0.00	0.00	0.00	0.00/-23.26	0.00	0.00
002240	盛新锂能	0	0	0.00	0.00	0.00	0.00	0.00	0.00/-23.26	0.00	0.00
002241	歌尔股份	0	0	0.00	0.00	0.00	0.00	0.00	0.00/-23.26	0.00	0.00
002242	九阳股份	0	0	0.00	0.00	0.00	0.00	0.00	0.00/-23.26	0.00	0.00
002243	力合科创	0	0	0.00	0.00	0.00	0.00	0.00	0.00/-23.26	0.00	0.00
002244	滨江集团	0	0	0.00	0.00	0.00	0.00	0.00	0.00/-23.26	0.00	0.00
002245	蔚蓝锂芯	0	0	0.00	0.00	0.00	0.00	0.00	0.00/-23.26	0.00	0.00
002246	北化股份	0	0	0.00	0.00	0.00	0.00	0.00	0.00/-23.26	0.00	0.00
002247	聚力文化	0	0	0.00	0.00	0.00	0.00	0.00	0.00/-23.26	0.00	0.00
002248	华东数控	0	0	0.00	0.00	0.00	0.00	0.00	0.00/-23.26	0.00	0.00
002249	大洋电机	0	0	0.00	0.00	0.00	0.00	0.00	0.00/-23.26	0.00	0.00
002251	步步高	0	0	0.00	0.00	0.00	0.00	0.00	0.00/-23.26	0.00	0.00
002252	上海莱士	0	0	0.00	0.00	0.00	0.00	0.00	0.00/-23.26	0.00	0.00
002253	川大智胜	0	0	0.00	0.00	0.00	0.00	0.00	0.00/-23.26	0.00	0.00
002254	泰和新材	0	0	0.00	0.00	0.00	0.00	0.00	0.00/-23.26	0.00	0.00
002255	海陆重工	0	0	0.00	0.00	0.00	0.00	0.00	0.00/-23.26	0.00	0.00
002256	兆新股份	0	0	0.00	0.00	0.00	0.00	0.00	0.00/-23.26	0.00	0.00
002258	利尔化学	0	0	0.00	0.00	0.00	0.00	0.00	0.00/-23.26	0.00	0.00
002259	升达林业	0	0	0.00	0.00	0.00	0.00	0.00	0.00/-23.26	0.00	0.00
002261	拓维信息	0	0	0.00	0.00	0.00	0.00	0.00	0.00/-23.26	0.00	0.00
002262	恩华药业	0	0	0.00	0.00	0.00	0.00	0.00	0.00/-23.26	0.00	0.00
002263	大东南	0	0	0.00	0.00	0.00	0.00	0.00	0.00/-23.26	0.00	0.00
002264	新 华 都	0	0	0.00	0.00	0.00	0.00	0.00	0.00/-23.26	0.00	0.00
002265	建设工业	0	0	0.00	0.00	0.00	0.00	0.00	0.00/-23.26	0.00	0.00
002266	浙富控股	0	0	0.00	0.00	0.00	0.00	0.00	0.00/-23.26	0.00	0.00
002267	陕天然气	0	0	0.00	0.00	0.00	0.00	0.00	0.00/-23.26	0.00	0.00
002268	电科网安	0	0	0.00	0.00	0.00	0.00	0.00	0.00/-23.26	0.00	0.00
002269	美邦服饰	0	0	0.00	0.00	0.00	0.00	0.00	0.00/-23.26	0.00	0.00
002270	华明装备	0	0	0.00	0.00	0.00	0.00	0.00	0.00/-23.26	0.00	0.00
002272	川润股份	0	0	0.00	0.00	0.00	0.00	0.00	0.00/-23.26	0.00	0.00
002273	水晶光电	0	0	0.00	0.00	0.00	0.00	0.00	0.00/-23.26	0.00	0.00
002274	华昌化工	0	0	0.00	0.00	0.00	0.00	0.00	0.00/-23.26	0.00	0.00
002275	桂林三金	0	0	0.00	0.00	0.00	0.00	0.00	0.00/-23.26	0.00	0.00
002276	万马股份	0	0	0.00	0.00	0.00	0.00	0.00	0.00/-23.26	0.00	0.00
002278	神开股份	0	0	0.00	0.00	0.00	0.00	0.00	0.00/-23.26	0.00	0.00
002279	久其软件	0	0	0.00	0.00	0.00	0.00	0.00	0.00/-23.26	0.00	0.00
002281	光迅科技	0	0	0.00	0.00	0.00	0.00	0.00	0.00/-23.26	0.00	0.00
002282	博深股份	0	0	0.00	0.00	0.00	0.00	0.00	0.00/-23.26	0.00	0.00
002283	天润工业	0	0	0.00	0.00	0.00	0.00	0.00	0.00/-23.26	0.00	0.00
002285	世联行	0	0	0.00	0.00	0.00	0.00	0.00	0.00/-23.26	0.00	0.00
002286	保龄宝	0	0	0.00	0.00	0.00	0.00	0.00	0.00/-23.26	0.00	0.00
002287	奇正藏药	0	0	0.00	0.00	0.00	0.00	0.00	0.00/-23.26	0.00	0.00
002289	宇顺电子	0	0	0.00	0.00	0.00	0.00	0.00	0.00/-23.26	0.00	0.00
002290	禾盛新材	0	0	0.00	0.00	0.00	0.00	0.00	0.00/-23.26	0.00	0.00
002291	遥望科技	0	0	0.00	0.00	0.00	0.00	0.00	0.00/-23.26	0.00	0.00
002292	奥飞娱乐	0	0	0.00	0.00	0.00	0.00	0.00	0.00/-23.26	0.00	0.00
002293	罗莱生活	0	0	0.00	0.00	0.00	0.00	0.00	0.00/-23.26	0.00	0.00
002294	信立泰	0	0	0.00	0.00	0.00	0.00	0.00	0.00/-23.26	0.00	0.00
002295	精艺股份	0	0	0.00	0.00	0.00	0.00	0.00	0.00/-23.26	0.00	0.00
002297	博云新材	0	0	0.00	0.00	0.00	0.00	0.00	0.00/-23.26	0.00	0.00
002298	中电鑫龙	0	0	0.00	0.00	0.00	0.00	0.00	0.00/-23.26	0.00	0.00
002300	太阳电缆	0	0	0.00	0.00	0.00	0.00	0.00	0.00/-23.26	0.00	0.00
002301	齐心集团	0	0	0.00	0.00	0.00	0.00	0.00	0.00/-23.26	0.00	0.00
002302	西部建设	0	0	0.00	0.00	0.00	0.00	0.00	0.00/-23.26	0.00	0.00
002303	美盈森	0	0	0.00	0.00	0.00	0.00	0.00	0.00/-23.26	0.00	0.00
002304	洋河股份	0	0	0.00	0.00	0.00	0.00	0.00	0.00/-23.26	0.00	0.00
002305	*ST南置	0	0	0.00	0.00	0.00	0.00	0.00	0.00/-23.26	0.00	0.00
002306	ST云网	0	0	0.00	0.00	0.00	0.00	0.00	0.00/-23.26	0.00	0.00
002309	中利集团	0	0	0.00	0.00	0.00	0.00	0.00	0.00/-23.26	0.00	0.00
002310	东方新能	0	0	0.00	0.00	0.00	0.00	0.00	0.00/-23.26	0.00	0.00
002312	川发龙蟒	0	0	0.00	0.00	0.00	0.00	0.00	0.00/-23.26	0.00	0.00
002313	日海智能	0	0	0.00	0.00	0.00	0.00	0.00	0.00/-23.26	0.00	0.00
002314	南山控股	0	0	0.00	0.00	0.00	0.00	0.00	0.00/-23.26	0.00	0.00
002315	焦点科技	0	0	0.00	0.00	0.00	0.00	0.00	0.00/-23.26	0.00	0.00
002316	亚联发展	0	0	0.00	0.00	0.00	0.00	0.00	0.00/-23.26	0.00	0.00
002317	众生药业	0	0	0.00	0.00	0.00	0.00	0.00	0.00/-23.26	0.00	0.00
002318	久立特材	0	0	0.00	0.00	0.00	0.00	0.00	0.00/-23.26	0.00	0.00
002319	乐通股份	0	0	0.00	0.00	0.00	0.00	0.00	0.00/-23.26	0.00	0.00
002320	海峡股份	0	0	0.00	0.00	0.00	0.00	0.00	0.00/-23.26	0.00	0.00
002321	华英农业	0	0	0.00	0.00	0.00	0.00	0.00	0.00/-23.26	0.00	0.00
002322	理工能科	0	0	0.00	0.00	0.00	0.00	0.00	0.00/-23.26	0.00	0.00
002323	*ST雅博	0	0	0.00	0.00	0.00	0.00	0.00	0.00/-23.26	0.00	0.00
002326	永太科技	0	0	0.00	0.00	0.00	0.00	0.00	0.00/-23.26	0.00	0.00
002327	富安娜	0	0	0.00	0.00	0.00	0.00	0.00	0.00/-23.26	0.00	0.00
002328	新朋股份	0	0	0.00	0.00	0.00	0.00	0.00	0.00/-23.26	0.00	0.00
002329	皇氏集团	0	0	0.00	0.00	0.00	0.00	0.00	0.00/-23.26	0.00	0.00
002330	得利斯	0	0	0.00	0.00	0.00	0.00	0.00	0.00/-23.26	0.00	0.00
002331	皖通科技	0	0	0.00	0.00	0.00	0.00	0.00	0.00/-23.26	0.00	0.00
002333	罗普斯金	0	0	0.00	0.00	0.00	0.00	0.00	0.00/-23.26	0.00	0.00
002334	英威腾	0	0	0.00	0.00	0.00	0.00	0.00	0.00/-23.26	0.00	0.00
002335	科华数据	0	0	0.00	0.00	0.00	0.00	0.00	0.00/-23.26	0.00	0.00
002337	赛象科技	0	0	0.00	0.00	0.00	0.00	0.00	0.00/-23.26	0.00	0.00
002338	奥普光电	0	0	0.00	0.00	0.00	0.00	0.00	0.00/-23.26	0.00	0.00
002339	积成电子	0	0	0.00	0.00	0.00	0.00	0.00	0.00/-23.26	0.00	0.00
002340	格林美	0	0	0.00	0.00	0.00	0.00	0.00	0.00/-23.26	0.00	0.00
002342	巨力索具	0	0	0.00	0.00	0.00	0.00	0.00	0.00/-23.26	0.00	0.00
002343	慈文传媒	0	0	0.00	0.00	0.00	0.00	0.00	0.00/-23.26	0.00	0.00
002344	海宁皮城	0	0	0.00	0.00	0.00	0.00	0.00	0.00/-23.26	0.00	0.00
002345	潮宏基	0	0	0.00	0.00	0.00	0.00	0.00	0.00/-23.26	0.00	0.00
002347	泰尔股份	0	0	0.00	0.00	0.00	0.00	0.00	0.00/-23.26	0.00	0.00
002348	高乐股份	0	0	0.00	0.00	0.00	0.00	0.00	0.00/-23.26	0.00	0.00
002349	精华制药	0	0	0.00	0.00	0.00	0.00	0.00	0.00/-23.26	0.00	0.00
002350	北京科锐	0	0	0.00	0.00	0.00	0.00	0.00	0.00/-23.26	0.00	0.00
002351	漫步者	0	0	0.00	0.00	0.00	0.00	0.00	0.00/-23.26	0.00	0.00
002352	顺丰控股	0	0	0.00	0.00	0.00	0.00	0.00	0.00/-23.26	0.00	0.00
002354	天娱数科	0	0	0.00	0.00	0.00	0.00	0.00	0.00/-23.26	0.00	0.00
002355	兴民智通	0	0	0.00	0.00	0.00	0.00	0.00	0.00/-23.26	0.00	0.00
002356	鹏飞绿能	0	0	0.00	0.00	0.00	0.00	0.00	0.00/-23.26	0.00	0.00
002357	富临运业	0	0	0.00	0.00	0.00	0.00	0.00	0.00/-23.26	0.00	0.00
002358	森源电气	0	0	0.00	0.00	0.00	0.00	0.00	0.00/-23.26	0.00	0.00
002360	ST同德	0	0	0.00	0.00	0.00	0.00	0.00	0.00/-23.26	0.00	0.00
002361	神剑股份	0	0	0.00	0.00	0.00	0.00	0.00	0.00/-23.26	0.00	0.00
002362	汉王科技	0	0	0.00	0.00	0.00	0.00	0.00	0.00/-23.26	0.00	0.00
002363	隆基机械	0	0	0.00	0.00	0.00	0.00	0.00	0.00/-23.26	0.00	0.00
002364	中恒电气	0	0	0.00	0.00	0.00	0.00	0.00	0.00/-23.26	0.00	0.00
002365	永安药业	0	0	0.00	0.00	0.00	0.00	0.00	0.00/-23.26	0.00	0.00
002366	融发核电	0	0	0.00	0.00	0.00	0.00	0.00	0.00/-23.26	0.00	0.00
002367	康力电梯	0	0	0.00	0.00	0.00	0.00	0.00	0.00/-23.26	0.00	0.00
002368	太极股份	0	0	0.00	0.00	0.00	0.00	0.00	0.00/-23.26	0.00	0.00
002369	卓翼科技	0	0	0.00	0.00	0.00	0.00	0.00	0.00/-23.26	0.00	0.00
002370	亚太药业	0	0	0.00	0.00	0.00	0.00	0.00	0.00/-23.26	0.00	0.00
002372	伟星新材	0	0	0.00	0.00	0.00	0.00	0.00	0.00/-23.26	0.00	0.00
002374	中锐股份	0	0	0.00	0.00	0.00	0.00	0.00	0.00/-23.26	0.00	0.00
002375	亚厦股份	0	0	0.00	0.00	0.00	0.00	0.00	0.00/-23.26	0.00	0.00
002376	新北洋	0	0	0.00	0.00	0.00	0.00	0.00	0.00/-23.26	0.00	0.00
002377	国创高新	0	0	0.00	0.00	0.00	0.00	0.00	0.00/-23.26	0.00	0.00
002378	章源钨业	0	0	0.00	0.00	0.00	0.00	0.00	0.00/-23.26	0.00	0.00
002379	宏桥控股	0	0	0.00	0.00	0.00	0.00	0.00	0.00/-23.26	0.00	0.00
002380	科远智慧	0	0	0.00	0.00	0.00	0.00	0.00	0.00/-23.26	0.00	0.00
002381	双箭股份	0	0	0.00	0.00	0.00	0.00	0.00	0.00/-23.26	0.00	0.00
002382	蓝帆医疗	0	0	0.00	0.00	0.00	0.00	0.00	0.00/-23.26	0.00	0.00
002383	合众思壮	0	0	0.00	0.00	0.00	0.00	0.00	0.00/-23.26	0.00	0.00
002384	东山精密	0	0	0.00	0.00	0.00	0.00	0.00	0.00/-23.26	0.00	0.00
002385	大北农	0	0	0.00	0.00	0.00	0.00	0.00	0.00/-23.26	0.00	0.00
002386	天原股份	0	0	0.00	0.00	0.00	0.00	0.00	0.00/-23.26	0.00	0.00
002387	维信诺	0	0	0.00	0.00	0.00	0.00	0.00	0.00/-23.26	0.00	0.00
002388	新亚制程	0	0	0.00	0.00	0.00	0.00	0.00	0.00/-23.26	0.00	0.00
002389	航天彩虹	0	0	0.00	0.00	0.00	0.00	0.00	0.00/-23.26	0.00	0.00
002390	信邦制药	0	0	0.00	0.00	0.00	0.00	0.00	0.00/-23.26	0.00	0.00
002393	力生制药	0	0	0.00	0.00	0.00	0.00	0.00	0.00/-23.26	0.00	0.00
002394	联发股份	0	0	0.00	0.00	0.00	0.00	0.00	0.00/-23.26	0.00	0.00
002395	双象股份	0	0	0.00	0.00	0.00	0.00	0.00	0.00/-23.26	0.00	0.00
002396	星网锐捷	0	0	0.00	0.00	0.00	0.00	0.00	0.00/-23.26	0.00	0.00
002397	梦洁股份	0	0	0.00	0.00	0.00	0.00	0.00	0.00/-23.26	0.00	0.00
002398	垒知集团	0	0	0.00	0.00	0.00	0.00	0.00	0.00/-23.26	0.00	0.00
002399	海普瑞	0	0	0.00	0.00	0.00	0.00	0.00	0.00/-23.26	0.00	0.00
002400	省广集团	0	0	0.00	0.00	0.00	0.00	0.00	0.00/-23.26	0.00	0.00
002401	中远海科	0	0	0.00	0.00	0.00	0.00	0.00	0.00/-23.26	0.00	0.00
002402	和而泰	0	0	0.00	0.00	0.00	0.00	0.00	0.00/-23.26	0.00	0.00
002403	爱仕达	0	0	0.00	0.00	0.00	0.00	0.00	0.00/-23.26	0.00	0.00
002404	嘉欣丝绸	0	0	0.00	0.00	0.00	0.00	0.00	0.00/-23.26	0.00	0.00
002405	四维图新	0	0	0.00	0.00	0.00	0.00	0.00	0.00/-23.26	0.00	0.00
002406	远东传动	0	0	0.00	0.00	0.00	0.00	0.00	0.00/-23.26	0.00	0.00
002407	多氟多	0	0	0.00	0.00	0.00	0.00	0.00	0.00/-23.26	0.00	0.00
002408	齐翔腾达	0	0	0.00	0.00	0.00	0.00	0.00	0.00/-23.26	0.00	0.00
002409	雅克科技	0	0	0.00	0.00	0.00	0.00	0.00	0.00/-23.26	0.00	0.00
002412	汉森制药	0	0	0.00	0.00	0.00	0.00	0.00	0.00/-23.26	0.00	0.00
002413	雷科防务	0	0	0.00	0.00	0.00	0.00	0.00	0.00/-23.26	0.00	0.00
002414	高德红外	0	0	0.00	0.00	0.00	0.00	0.00	0.00/-23.26	0.00	0.00
002415	海康威视	0	0	0.00	0.00	0.00	0.00	0.00	0.00/-23.26	0.00	0.00
002416	爱施德	0	0	0.00	0.00	0.00	0.00	0.00	0.00/-23.26	0.00	0.00
002418	康盛股份	0	0	0.00	0.00	0.00	0.00	0.00	0.00/-23.26	0.00	0.00
002419	天虹股份	0	0	0.00	0.00	0.00	0.00	0.00	0.00/-23.26	0.00	0.00
002420	毅昌科技	0	0	0.00	0.00	0.00	0.00	0.00	0.00/-23.26	0.00	0.00
002422	科伦药业	0	0	0.00	0.00	0.00	0.00	0.00	0.00/-23.26	0.00	0.00
002423	中粮资本	0	0	0.00	0.00	0.00	0.00	0.00	0.00/-23.26	0.00	0.00
002424	ST百灵	0	0	0.00	0.00	0.00	0.00	0.00	0.00/-23.26	0.00	0.00
002425	凯撒文化	0	0	0.00	0.00	0.00	0.00	0.00	0.00/-23.26	0.00	0.00
002426	胜利精密	0	0	0.00	0.00	0.00	0.00	0.00	0.00/-23.26	0.00	0.00
002427	尤夫股份	0	0	0.00	0.00	0.00	0.00	0.00	0.00/-23.26	0.00	0.00
002429	兆驰股份	0	0	0.00	0.00	0.00	0.00	0.00	0.00/-23.26	0.00	0.00
002431	ST棕榈	0	0	0.00	0.00	0.00	0.00	0.00	0.00/-23.26	0.00	0.00
002432	九安医疗	0	0	0.00	0.00	0.00	0.00	0.00	0.00/-23.26	0.00	0.00
002434	万里扬	0	0	0.00	0.00	0.00	0.00	0.00	0.00/-23.26	0.00	0.00
002436	兴森科技	0	0	0.00	0.00	0.00	0.00	0.00	0.00/-23.26	0.00	0.00
002437	誉衡药业	0	0	0.00	0.00	0.00	0.00	0.00	0.00/-23.26	0.00	0.00
002438	江苏神通	0	0	0.00	0.00	0.00	0.00	0.00	0.00/-23.26	0.00	0.00
002439	启明星辰	0	0	0.00	0.00	0.00	0.00	0.00	0.00/-23.26	0.00	0.00
002440	闰土股份	0	0	0.00	0.00	0.00	0.00	0.00	0.00/-23.26	0.00	0.00
002441	众业达	0	0	0.00	0.00	0.00	0.00	0.00	0.00/-23.26	0.00	0.00
002442	龙星科技	0	0	0.00	0.00	0.00	0.00	0.00	0.00/-23.26	0.00	0.00
002443	金洲管道	0	0	0.00	0.00	0.00	0.00	0.00	0.00/-23.26	0.00	0.00
002444	巨星科技	0	0	0.00	0.00	0.00	0.00	0.00	0.00/-23.26	0.00	0.00
002445	中南文化	0	0	0.00	0.00	0.00	0.00	0.00	0.00/-23.26	0.00	0.00
002446	盛路通信	0	0	0.00	0.00	0.00	0.00	0.00	0.00/-23.26	0.00	0.00
002449	国星光电	0	0	0.00	0.00	0.00	0.00	0.00	0.00/-23.26	0.00	0.00
002451	摩恩电气	0	0	0.00	0.00	0.00	0.00	0.00	0.00/-23.26	0.00	0.00
002452	长高电气	0	0	0.00	0.00	0.00	0.00	0.00	0.00/-23.26	0.00	0.00
002453	华软科技	0	0	0.00	0.00	0.00	0.00	0.00	0.00/-23.26	0.00	0.00
002454	松芝股份	0	0	0.00	0.00	0.00	0.00	0.00	0.00/-23.26	0.00	0.00
002455	百川股份	0	0	0.00	0.00	0.00	0.00	0.00	0.00/-23.26	0.00	0.00
002456	欧菲光	0	0	0.00	0.00	0.00	0.00	0.00	0.00/-23.26	0.00	0.00
002457	青龙管业	0	0	0.00	0.00	0.00	0.00	0.00	0.00/-23.26	0.00	0.00
002458	益生股份	0	0	0.00	0.00	0.00	0.00	0.00	0.00/-23.26	0.00	0.00
002459	晶澳科技	0	0	0.00	0.00	0.00	0.00	0.00	0.00/-23.26	0.00	0.00
002460	赣锋锂业	0	0	0.00	0.00	0.00	0.00	0.00	0.00/-23.26	0.00	0.00
002461	珠江啤酒	0	0	0.00	0.00	0.00	0.00	0.00	0.00/-23.26	0.00	0.00
002462	嘉事堂	0	0	0.00	0.00	0.00	0.00	0.00	0.00/-23.26	0.00	0.00
002463	沪电股份	0	0	0.00	0.00	0.00	0.00	0.00	0.00/-23.26	0.00	0.00
002466	天齐锂业	0	0	0.00	0.00	0.00	0.00	0.00	0.00/-23.26	0.00	0.00
002467	二六三	0	0	0.00	0.00	0.00	0.00	0.00	0.00/-23.26	0.00	0.00
002468	申通快递	0	0	0.00	0.00	0.00	0.00	0.00	0.00/-23.26	0.00	0.00
002469	三维化学	0	0	0.00	0.00	0.00	0.00	0.00	0.00/-23.26	0.00	0.00
002470	金正大	0	0	0.00	0.00	0.00	0.00	0.00	0.00/-23.26	0.00	0.00
002471	中超控股	0	0	0.00	0.00	0.00	0.00	0.00	0.00/-23.26	0.00	0.00
002472	双环传动	0	0	0.00	0.00	0.00	0.00	0.00	0.00/-23.26	0.00	0.00
002476	新叶股份	0	0	0.00	0.00	0.00	0.00	0.00	0.00/-23.26	0.00	0.00
002478	常宝股份	0	0	0.00	0.00	0.00	0.00	0.00	0.00/-23.26	0.00	0.00
002479	富春环保	0	0	0.00	0.00	0.00	0.00	0.00	0.00/-23.26	0.00	0.00
002480	新筑股份	0	0	0.00	0.00	0.00	0.00	0.00	0.00/-23.26	0.00	0.00
002481	双塔食品	0	0	0.00	0.00	0.00	0.00	0.00	0.00/-23.26	0.00	0.00
002482	广田集团	0	0	0.00	0.00	0.00	0.00	0.00	0.00/-23.26	0.00	0.00
002483	润邦股份	0	0	0.00	0.00	0.00	0.00	0.00	0.00/-23.26	0.00	0.00
002484	江海股份	0	0	0.00	0.00	0.00	0.00	0.00	0.00/-23.26	0.00	0.00
002485	ST雪发	0	0	0.00	0.00	0.00	0.00	0.00	0.00/-23.26	0.00	0.00
002486	嘉麟杰	0	0	0.00	0.00	0.00	0.00	0.00	0.00/-23.26	0.00	0.00
002487	大金重工	0	0	0.00	0.00	0.00	0.00	0.00	0.00/-23.26	0.00	0.00
002488	金固股份	0	0	0.00	0.00	0.00	0.00	0.00	0.00/-23.26	0.00	0.00
002489	浙江永强	0	0	0.00	0.00	0.00	0.00	0.00	0.00/-23.26	0.00	0.00
002490	山东墨龙	0	0	0.00	0.00	0.00	0.00	0.00	0.00/-23.26	0.00	0.00
002491	通鼎互联	0	0	0.00	0.00	0.00	0.00	0.00	0.00/-23.26	0.00	0.00
002492	恒基达鑫	0	0	0.00	0.00	0.00	0.00	0.00	0.00/-23.26	0.00	0.00
002493	荣盛石化	0	0	0.00	0.00	0.00	0.00	0.00	0.00/-23.26	0.00	0.00
002494	华斯股份	0	0	0.00	0.00	0.00	0.00	0.00	0.00/-23.26	0.00	0.00
002495	佳隆股份	0	0	0.00	0.00	0.00	0.00	0.00	0.00/-23.26	0.00	0.00
002496	辉丰股份	0	0	0.00	0.00	0.00	0.00	0.00	0.00/-23.26	0.00	0.00
002497	雅化集团	0	0	0.00	0.00	0.00	0.00	0.00	0.00/-23.26	0.00	0.00
002498	汉缆股份	0	0	0.00	0.00	0.00	0.00	0.00	0.00/-23.26	0.00	0.00
002500	山西证券	0	0	0.00	0.00	0.00	0.00	0.00	0.00/-23.26	0.00	0.00
002501	*ST利源	0	0	0.00	0.00	0.00	0.00	0.00	0.00/-23.26	0.00	0.00
002506	协鑫集成	0	0	0.00	0.00	0.00	0.00	0.00	0.00/-23.26	0.00	0.00
002507	涪陵榨菜	0	0	0.00	0.00	0.00	0.00	0.00	0.00/-23.26	0.00	0.00
002508	老板电器	0	0	0.00	0.00	0.00	0.00	0.00	0.00/-23.26	0.00	0.00
002510	天汽模	0	0	0.00	0.00	0.00	0.00	0.00	0.00/-23.26	0.00	0.00
002511	中顺洁柔	0	0	0.00	0.00	0.00	0.00	0.00	0.00/-23.26	0.00	0.00
002512	ST达华	0	0	0.00	0.00	0.00	0.00	0.00	0.00/-23.26	0.00	0.00
002513	蓝丰生化	0	0	0.00	0.00	0.00	0.00	0.00	0.00/-23.26	0.00	0.00
002514	*ST宝馨	0	0	0.00	0.00	0.00	0.00	0.00	0.00/-23.26	0.00	0.00
002515	金字火腿	0	0	0.00	0.00	0.00	0.00	0.00	0.00/-23.26	0.00	0.00
002516	旷达科技	0	0	0.00	0.00	0.00	0.00	0.00	0.00/-23.26	0.00	0.00
002517	恺英网络	0	0	0.00	0.00	0.00	0.00	0.00	0.00/-23.26	0.00	0.00
002518	科士达	0	0	0.00	0.00	0.00	0.00	0.00	0.00/-23.26	0.00	0.00
002519	银河电子	0	0	0.00	0.00	0.00	0.00	0.00	0.00/-23.26	0.00	0.00
002520	日发精机	0	0	0.00	0.00	0.00	0.00	0.00	0.00/-23.26	0.00	0.00
002521	齐峰新材	0	0	0.00	0.00	0.00	0.00	0.00	0.00/-23.26	0.00	0.00
002524	光正眼科	0	0	0.00	0.00	0.00	0.00	0.00	0.00/-23.26	0.00	0.00
002526	山东矿机	0	0	0.00	0.00	0.00	0.00	0.00	0.00/-23.26	0.00	0.00
002527	新时达	0	0	0.00	0.00	0.00	0.00	0.00	0.00/-23.26	0.00	0.00
002528	*ST英飞	0	0	0.00	0.00	0.00	0.00	0.00	0.00/-23.26	0.00	0.00
002529	海源复材	0	0	0.00	0.00	0.00	0.00	0.00	0.00/-23.26	0.00	0.00
002530	金财互联	0	0	0.00	0.00	0.00	0.00	0.00	0.00/-23.26	0.00	0.00
002531	天顺风能	0	0	0.00	0.00	0.00	0.00	0.00	0.00/-23.26	0.00	0.00
002532	天山铝业	0	0	0.00	0.00	0.00	0.00	0.00	0.00/-23.26	0.00	0.00
002533	金杯电工	0	0	0.00	0.00	0.00	0.00	0.00	0.00/-23.26	0.00	0.00
002534	西子洁能	0	0	0.00	0.00	0.00	0.00	0.00	0.00/-23.26	0.00	0.00
002535	林州重机	0	0	0.00	0.00	0.00	0.00	0.00	0.00/-23.26	0.00	0.00
002536	飞龙股份	0	0	0.00	0.00	0.00	0.00	0.00	0.00/-23.26	0.00	0.00
002537	海联金汇	0	0	0.00	0.00	0.00	0.00	0.00	0.00/-23.26	0.00	0.00
002538	ST司特	0	0	0.00	0.00	0.00	0.00	0.00	0.00/-23.26	0.00	0.00
002539	云图控股	0	0	0.00	0.00	0.00	0.00	0.00	0.00/-23.26	0.00	0.00
002541	鸿路钢构	0	0	0.00	0.00	0.00	0.00	0.00	0.00/-23.26	0.00	0.00
002542	*ST中岩	0	0	0.00	0.00	0.00	0.00	0.00	0.00/-23.26	0.00	0.00
002543	万和电气	0	0	0.00	0.00	0.00	0.00	0.00	0.00/-23.26	0.00	0.00
002544	普天科技	0	0	0.00	0.00	0.00	0.00	0.00	0.00/-23.26	0.00	0.00
002545	东方铁塔	0	0	0.00	0.00	0.00	0.00	0.00	0.00/-23.26	0.00	0.00
002546	新联电子	0	0	0.00	0.00	0.00	0.00	0.00	0.00/-23.26	0.00	0.00
002547	*ST春兴	0	0	0.00	0.00	0.00	0.00	0.00	0.00/-23.26	0.00	0.00
002548	金新农	0	0	0.00	0.00	0.00	0.00	0.00	0.00/-23.26	0.00	0.00
002549	凯美特气	0	0	0.00	0.00	0.00	0.00	0.00	0.00/-23.26	0.00	0.00
002550	千红制药	0	0	0.00	0.00	0.00	0.00	0.00	0.00/-23.26	0.00	0.00
002551	尚荣医疗	0	0	0.00	0.00	0.00	0.00	0.00	0.00/-23.26	0.00	0.00
002552	宝鼎科技	0	0	0.00	0.00	0.00	0.00	0.00	0.00/-23.26	0.00	0.00
002553	南方精工	0	0	0.00	0.00	0.00	0.00	0.00	0.00/-23.26	0.00	0.00
002554	惠博普	0	0	0.00	0.00	0.00	0.00	0.00	0.00/-23.26	0.00	0.00
002555	三七互娱	0	0	0.00	0.00	0.00	0.00	0.00	0.00/-23.26	0.00	0.00
002557	洽洽食品	0	0	0.00	0.00	0.00	0.00	0.00	0.00/-23.26	0.00	0.00
002558	巨人网络	0	0	0.00	0.00	0.00	0.00	0.00	0.00/-23.26	0.00	0.00
002559	亚威股份	0	0	0.00	0.00	0.00	0.00	0.00	0.00/-23.26	0.00	0.00
002561	徐家汇	0	0	0.00	0.00	0.00	0.00	0.00	0.00/-23.26	0.00	0.00
002562	兄弟科技	0	0	0.00	0.00	0.00	0.00	0.00	0.00/-23.26	0.00	0.00
002563	森马服饰	0	0	0.00	0.00	0.00	0.00	0.00	0.00/-23.26	0.00	0.00
002564	天沃科技	0	0	0.00	0.00	0.00	0.00	0.00	0.00/-23.26	0.00	0.00
002565	顺灏股份	0	0	0.00	0.00	0.00	0.00	0.00	0.00/-23.26	0.00	0.00
002566	益盛药业	0	0	0.00	0.00	0.00	0.00	0.00	0.00/-23.26	0.00	0.00
002567	唐人神	0	0	0.00	0.00	0.00	0.00	0.00	0.00/-23.26	0.00	0.00
002568	百润股份	0	0	0.00	0.00	0.00	0.00	0.00	0.00/-23.26	0.00	0.00
002569	*ST步森	0	0	0.00	0.00	0.00	0.00	0.00	0.00/-23.26	0.00	0.00
002570	贝因美	0	0	0.00	0.00	0.00	0.00	0.00	0.00/-23.26	0.00	0.00
002571	德力股份	0	0	0.00	0.00	0.00	0.00	0.00	0.00/-23.26	0.00	0.00
002572	索菲亚	0	0	0.00	0.00	0.00	0.00	0.00	0.00/-23.26	0.00	0.00
002573	清新环境	0	0	0.00	0.00	0.00	0.00	0.00	0.00/-23.26	0.00	0.00
002574	明牌珠宝	0	0	0.00	0.00	0.00	0.00	0.00	0.00/-23.26	0.00	0.00
002575	群兴玩具	0	0	0.00	0.00	0.00	0.00	0.00	0.00/-23.26	0.00	0.00
002576	通达动力	0	0	0.00	0.00	0.00	0.00	0.00	0.00/-23.26	0.00	0.00
002577	雷柏科技	0	0	0.00	0.00	0.00	0.00	0.00	0.00/-23.26	0.00	0.00
002578	闽发铝业	0	0	0.00	0.00	0.00	0.00	0.00	0.00/-23.26	0.00	0.00
002579	中京电子	0	0	0.00	0.00	0.00	0.00	0.00	0.00/-23.26	0.00	0.00
002580	圣阳股份	0	0	0.00	0.00	0.00	0.00	0.00	0.00/-23.26	0.00	0.00
002581	*ST未名	0	0	0.00	0.00	0.00	0.00	0.00	0.00/-23.26	0.00	0.00
002582	好想你	0	0	0.00	0.00	0.00	0.00	0.00	0.00/-23.26	0.00	0.00
002584	西陇科学	0	0	0.00	0.00	0.00	0.00	0.00	0.00/-23.26	0.00	0.00
002585	双星新材	0	0	0.00	0.00	0.00	0.00	0.00	0.00/-23.26	0.00	0.00
002586	围海股份	0	0	0.00	0.00	0.00	0.00	0.00	0.00/-23.26	0.00	0.00
002587	奥拓电子	0	0	0.00	0.00	0.00	0.00	0.00	0.00/-23.26	0.00	0.00
002588	史丹利	0	0	0.00	0.00	0.00	0.00	0.00	0.00/-23.26	0.00	0.00
002589	瑞康医药	0	0	0.00	0.00	0.00	0.00	0.00	0.00/-23.26	0.00	0.00
002590	万安科技	0	0	0.00	0.00	0.00	0.00	0.00	0.00/-23.26	0.00	0.00
002591	恒大高新	0	0	0.00	0.00	0.00	0.00	0.00	0.00/-23.26	0.00	0.00
002592	ST八菱	0	0	0.00	0.00	0.00	0.00	0.00	0.00/-23.26	0.00	0.00
002593	日上集团	0	0	0.00	0.00	0.00	0.00	0.00	0.00/-23.26	0.00	0.00
002594	比亚迪	0	0	0.00	0.00	0.00	0.00	0.00	0.00/-23.26	0.00	0.00
002595	豪迈科技	0	0	0.00	0.00	0.00	0.00	0.00	0.00/-23.26	0.00	0.00
002596	海南瑞泽	0	0	0.00	0.00	0.00	0.00	0.00	0.00/-23.26	0.00	0.00
002598	ST章鼓	0	0	0.00	0.00	0.00	0.00	0.00	0.00/-23.26	0.00	0.00
002599	盛通股份	0	0	0.00	0.00	0.00	0.00	0.00	0.00/-23.26	0.00	0.00
002600	领益智造	0	0	0.00	0.00	0.00	0.00	0.00	0.00/-23.26	0.00	0.00
002601	龙佰集团	0	0	0.00	0.00	0.00	0.00	0.00	0.00/-23.26	0.00	0.00
002602	世纪华通	0	0	0.00	0.00	0.00	0.00	0.00	0.00/-23.26	0.00	0.00
002603	以岭药业	0	0	0.00	0.00	0.00	0.00	0.00	0.00/-23.26	0.00	0.00
002605	姚记科技	0	0	0.00	0.00	0.00	0.00	0.00	0.00/-23.26	0.00	0.00
002606	大连电瓷	0	0	0.00	0.00	0.00	0.00	0.00	0.00/-23.26	0.00	0.00
002607	中公教育	0	0	0.00	0.00	0.00	0.00	0.00	0.00/-23.26	0.00	0.00
002608	江苏国信	0	0	0.00	0.00	0.00	0.00	0.00	0.00/-23.26	0.00	0.00
002609	捷顺科技	0	0	0.00	0.00	0.00	0.00	0.00	0.00/-23.26	0.00	0.00
002611	东方精工	0	0	0.00	0.00	0.00	0.00	0.00	0.00/-23.26	0.00	0.00
002612	朗姿股份	0	0	0.00	0.00	0.00	0.00	0.00	0.00/-23.26	0.00	0.00
002613	北玻股份	0	0	0.00	0.00	0.00	0.00	0.00	0.00/-23.26	0.00	0.00
002614	奥佳华	0	0	0.00	0.00	0.00	0.00	0.00	0.00/-23.26	0.00	0.00
002615	哈尔斯	0	0	0.00	0.00	0.00	0.00	0.00	0.00/-23.26	0.00	0.00
002616	长青集团	0	0	0.00	0.00	0.00	0.00	0.00	0.00/-23.26	0.00	0.00
002617	露笑科技	0	0	0.00	0.00	0.00	0.00	0.00	0.00/-23.26	0.00	0.00
002620	*ST瑞和	0	0	0.00	0.00	0.00	0.00	0.00	0.00/-23.26	0.00	0.00
002622	皓宸医疗	0	0	0.00	0.00	0.00	0.00	0.00	0.00/-23.26	0.00	0.00
002623	亚玛顿	0	0	0.00	0.00	0.00	0.00	0.00	0.00/-23.26	0.00	0.00
002624	完美世界	0	0	0.00	0.00	0.00	0.00	0.00	0.00/-23.26	0.00	0.00
002625	光启技术	0	0	0.00	0.00	0.00	0.00	0.00	0.00/-23.26	0.00	0.00
002626	金达威	0	0	0.00	0.00	0.00	0.00	0.00	0.00/-23.26	0.00	0.00
002627	三峡旅游	0	0	0.00	0.00	0.00	0.00	0.00	0.00/-23.26	0.00	0.00
002628	成都路桥	0	0	0.00	0.00	0.00	0.00	0.00	0.00/-23.26	0.00	0.00
002629	仁智股份	0	0	0.00	0.00	0.00	0.00	0.00	0.00/-23.26	0.00	0.00
002630	*ST华西	0	0	0.00	0.00	0.00	0.00	0.00	0.00/-23.26	0.00	0.00
002631	德尔未来	0	0	0.00	0.00	0.00	0.00	0.00	0.00/-23.26	0.00	0.00
002632	道明光学	0	0	0.00	0.00	0.00	0.00	0.00	0.00/-23.26	0.00	0.00
002633	申科股份	0	0	0.00	0.00	0.00	0.00	0.00	0.00/-23.26	0.00	0.00
002634	*ST棒杰	0	0	0.00	0.00	0.00	0.00	0.00	0.00/-23.26	0.00	0.00
002635	安洁科技	0	0	0.00	0.00	0.00	0.00	0.00	0.00/-23.26	0.00	0.00
002636	金安国纪	0	0	0.00	0.00	0.00	0.00	0.00	0.00/-23.26	0.00	0.00
002637	赞宇科技	0	0	0.00	0.00	0.00	0.00	0.00	0.00/-23.26	0.00	0.00
002638	勤上股份	0	0	0.00	0.00	0.00	0.00	0.00	0.00/-23.26	0.00	0.00
002639	雪人集团	0	0	0.00	0.00	0.00	0.00	0.00	0.00/-23.26	0.00	0.00
002640	跨境通	0	0	0.00	0.00	0.00	0.00	0.00	0.00/-23.26	0.00	0.00
002641	公元股份	0	0	0.00	0.00	0.00	0.00	0.00	0.00/-23.26	0.00	0.00
002642	荣联科技	0	0	0.00	0.00	0.00	0.00	0.00	0.00/-23.26	0.00	0.00
002644	佛慈制药	0	0	0.00	0.00	0.00	0.00	0.00	0.00/-23.26	0.00	0.00
002645	华宏科技	0	0	0.00	0.00	0.00	0.00	0.00	0.00/-23.26	0.00	0.00
002646	天佑德酒	0	0	0.00	0.00	0.00	0.00	0.00	0.00/-23.26	0.00	0.00
002647	仁东控股	0	0	0.00	0.00	0.00	0.00	0.00	0.00/-23.26	0.00	0.00
002648	卫星化学	0	0	0.00	0.00	0.00	0.00	0.00	0.00/-23.26	0.00	0.00
002649	博彦科技	0	0	0.00	0.00	0.00	0.00	0.00	0.00/-23.26	0.00	0.00
002650	ST加加	0	0	0.00	0.00	0.00	0.00	0.00	0.00/-23.26	0.00	0.00
002651	利君股份	0	0	0.00	0.00	0.00	0.00	0.00	0.00/-23.26	0.00	0.00
002652	扬子新材	0	0	0.00	0.00	0.00	0.00	0.00	0.00/-23.26	0.00	0.00
002653	海思科	0	0	0.00	0.00	0.00	0.00	0.00	0.00/-23.26	0.00	0.00
002654	万润科技	0	0	0.00	0.00	0.00	0.00	0.00	0.00/-23.26	0.00	0.00
002655	共达电声	0	0	0.00	0.00	0.00	0.00	0.00	0.00/-23.26	0.00	0.00
002656	摩登大道	0	0	0.00	0.00	0.00	0.00	0.00	0.00/-23.26	0.00	0.00
002657	中科金财	0	0	0.00	0.00	0.00	0.00	0.00	0.00/-23.26	0.00	0.00
002658	雪迪龙	0	0	0.00	0.00	0.00	0.00	0.00	0.00/-23.26	0.00	0.00
002659	凯文教育	0	0	0.00	0.00	0.00	0.00	0.00	0.00/-23.26	0.00	0.00
002660	茂硕电源	0	0	0.00	0.00	0.00	0.00	0.00	0.00/-23.26	0.00	0.00
002661	克明食品	0	0	0.00	0.00	0.00	0.00	0.00	0.00/-23.26	0.00	0.00
002662	峰璟股份	0	0	0.00	0.00	0.00	0.00	0.00	0.00/-23.26	0.00	0.00
002663	普邦股份	0	0	0.00	0.00	0.00	0.00	0.00	0.00/-23.26	0.00	0.00
002664	信质集团	0	0	0.00	0.00	0.00	0.00	0.00	0.00/-23.26	0.00	0.00
002666	德联集团	0	0	0.00	0.00	0.00	0.00	0.00	0.00/-23.26	0.00	0.00
002667	*ST威领	0	0	0.00	0.00	0.00	0.00	0.00	0.00/-23.26	0.00	0.00
002668	TCL智家	0	0	0.00	0.00	0.00	0.00	0.00	0.00/-23.26	0.00	0.00
002670	国盛证券	0	0	0.00	0.00	0.00	0.00	0.00	0.00/-23.26	0.00	0.00
002671	龙泉股份	0	0	0.00	0.00	0.00	0.00	0.00	0.00/-23.26	0.00	0.00
002672	东江环保	0	0	0.00	0.00	0.00	0.00	0.00	0.00/-23.26	0.00	0.00
002673	西部证券	0	0	0.00	0.00	0.00	0.00	0.00	0.00/-23.26	0.00	0.00
002674	兴业科技	0	0	0.00	0.00	0.00	0.00	0.00	0.00/-23.26	0.00	0.00
002675	东诚药业	0	0	0.00	0.00	0.00	0.00	0.00	0.00/-23.26	0.00	0.00
002676	顺威股份	0	0	0.00	0.00	0.00	0.00	0.00	0.00/-23.26	0.00	0.00
002677	浙江美大	0	0	0.00	0.00	0.00	0.00	0.00	0.00/-23.26	0.00	0.00
002678	珠江钢琴	0	0	0.00	0.00	0.00	0.00	0.00	0.00/-23.26	0.00	0.00
002679	福建金森	0	0	0.00	0.00	0.00	0.00	0.00	0.00/-23.26	0.00	0.00
002681	奋达科技	0	0	0.00	0.00	0.00	0.00	0.00	0.00/-23.26	0.00	0.00
002682	龙洲股份	0	0	0.00	0.00	0.00	0.00	0.00	0.00/-23.26	0.00	0.00
002683	广东宏大	0	0	0.00	0.00	0.00	0.00	0.00	0.00/-23.26	0.00	0.00
002685	华东重机	0	0	0.00	0.00	0.00	0.00	0.00	0.00/-23.26	0.00	0.00
002686	亿利达	0	0	0.00	0.00	0.00	0.00	0.00	0.00/-23.26	0.00	0.00
002687	乔治白	0	0	0.00	0.00	0.00	0.00	0.00	0.00/-23.26	0.00	0.00
002688	金河生物	0	0	0.00	0.00	0.00	0.00	0.00	0.00/-23.26	0.00	0.00
002689	ST远智	0	0	0.00	0.00	0.00	0.00	0.00	0.00/-23.26	0.00	0.00
002690	美亚光电	0	0	0.00	0.00	0.00	0.00	0.00	0.00/-23.26	0.00	0.00
002691	*ST冀凯	0	0	0.00	0.00	0.00	0.00	0.00	0.00/-23.26	0.00	0.00
002692	远程股份	0	0	0.00	0.00	0.00	0.00	0.00	0.00/-23.26	0.00	0.00
002693	双成药业	0	0	0.00	0.00	0.00	0.00	0.00	0.00/-23.26	0.00	0.00
002694	*ST顾地	0	0	0.00	0.00	0.00	0.00	0.00	0.00/-23.26	0.00	0.00
002695	煌上煌	0	0	0.00	0.00	0.00	0.00	0.00	0.00/-23.26	0.00	0.00
002696	百洋股份	0	0	0.00	0.00	0.00	0.00	0.00	0.00/-23.26	0.00	0.00
002697	红旗连锁	0	0	0.00	0.00	0.00	0.00	0.00	0.00/-23.26	0.00	0.00
002698	博实股份	0	0	0.00	0.00	0.00	0.00	0.00	0.00/-23.26	0.00	0.00
002700	万憬能源	0	0	0.00	0.00	0.00	0.00	0.00	0.00/-23.26	0.00	0.00
002701	奥瑞金	0	0	0.00	0.00	0.00	0.00	0.00	0.00/-23.26	0.00	0.00
002702	海欣食品	0	0	0.00	0.00	0.00	0.00	0.00	0.00/-23.26	0.00	0.00
002703	浙江世宝	0	0	0.00	0.00	0.00	0.00	0.00	0.00/-23.26	0.00	0.00
002705	新宝股份	0	0	0.00	0.00	0.00	0.00	0.00	0.00/-23.26	0.00	0.00
002706	良信股份	0	0	0.00	0.00	0.00	0.00	0.00	0.00/-23.26	0.00	0.00
002707	众信旅游	0	0	0.00	0.00	0.00	0.00	0.00	0.00/-23.26	0.00	0.00
002708	光洋股份	0	0	0.00	0.00	0.00	0.00	0.00	0.00/-23.26	0.00	0.00
002709	天赐材料	0	0	0.00	0.00	0.00	0.00	0.00	0.00/-23.26	0.00	0.00
002712	思美传媒	0	0	0.00	0.00	0.00	0.00	0.00	0.00/-23.26	0.00	0.00
002713	东易日盛	0	0	0.00	0.00	0.00	0.00	0.00	0.00/-23.26	0.00	0.00
002714	牧原股份	0	0	0.00	0.00	0.00	0.00	0.00	0.00/-23.26	0.00	0.00
002715	登云股份	0	0	0.00	0.00	0.00	0.00	0.00	0.00/-23.26	0.00	0.00
002716	湖南白银	0	0	0.00	0.00	0.00	0.00	0.00	0.00/-23.26	0.00	0.00
002717	*ST岭南	0	0	0.00	0.00	0.00	0.00	0.00	0.00/-23.26	0.00	0.00
002718	友邦吊顶	0	0	0.00	0.00	0.00	0.00	0.00	0.00/-23.26	0.00	0.00
002719	ST麦趣	0	0	0.00	0.00	0.00	0.00	0.00	0.00/-23.26	0.00	0.00
002721	金一文化	0	0	0.00	0.00	0.00	0.00	0.00	0.00/-23.26	0.00	0.00
002722	物产金轮	0	0	0.00	0.00	0.00	0.00	0.00	0.00/-23.26	0.00	0.00
002723	小崧股份	0	0	0.00	0.00	0.00	0.00	0.00	0.00/-23.26	0.00	0.00
002724	海洋王	0	0	0.00	0.00	0.00	0.00	0.00	0.00/-23.26	0.00	0.00
002725	跃岭股份	0	0	0.00	0.00	0.00	0.00	0.00	0.00/-23.26	0.00	0.00
002726	ST龙大	0	0	0.00	0.00	0.00	0.00	0.00	0.00/-23.26	0.00	0.00
002727	一心堂	0	0	0.00	0.00	0.00	0.00	0.00	0.00/-23.26	0.00	0.00
002728	特一药业	0	0	0.00	0.00	0.00	0.00	0.00	0.00/-23.26	0.00	0.00
002729	好利科技	0	0	0.00	0.00	0.00	0.00	0.00	0.00/-23.26	0.00	0.00
002730	电光科技	0	0	0.00	0.00	0.00	0.00	0.00	0.00/-23.26	0.00	0.00
002731	*ST萃华	0	0	0.00	0.00	0.00	0.00	0.00	0.00/-23.26	0.00	0.00
002732	燕塘乳业	0	0	0.00	0.00	0.00	0.00	0.00	0.00/-23.26	0.00	0.00
002733	雄韬股份	0	0	0.00	0.00	0.00	0.00	0.00	0.00/-23.26	0.00	0.00
002734	利民股份	0	0	0.00	0.00	0.00	0.00	0.00	0.00/-23.26	0.00	0.00
002735	王子新材	0	0	0.00	0.00	0.00	0.00	0.00	0.00/-23.26	0.00	0.00
002736	国信证券	0	0	0.00	0.00	0.00	0.00	0.00	0.00/-23.26	0.00	0.00
002737	葵花药业	0	0	0.00	0.00	0.00	0.00	0.00	0.00/-23.26	0.00	0.00
002738	中矿资源	0	0	0.00	0.00	0.00	0.00	0.00	0.00/-23.26	0.00	0.00
002739	儒意电影	0	0	0.00	0.00	0.00	0.00	0.00	0.00/-23.26	0.00	0.00
002741	光华科技	0	0	0.00	0.00	0.00	0.00	0.00	0.00/-23.26	0.00	0.00
002742	冀衡医药	0	0	0.00	0.00	0.00	0.00	0.00	0.00/-23.26	0.00	0.00
002743	ST富煌	0	0	0.00	0.00	0.00	0.00	0.00	0.00/-23.26	0.00	0.00
002745	木林森	0	0	0.00	0.00	0.00	0.00	0.00	0.00/-23.26	0.00	0.00
002746	仙坛股份	0	0	0.00	0.00	0.00	0.00	0.00	0.00/-23.26	0.00	0.00
002747	埃斯顿	0	0	0.00	0.00	0.00	0.00	0.00	0.00/-23.26	0.00	0.00
002748	世龙实业	0	0	0.00	0.00	0.00	0.00	0.00	0.00/-23.26	0.00	0.00
002749	国光股份	0	0	0.00	0.00	0.00	0.00	0.00	0.00/-23.26	0.00	0.00
002752	昇兴股份	0	0	0.00	0.00	0.00	0.00	0.00	0.00/-23.26	0.00	0.00
002753	永东股份	0	0	0.00	0.00	0.00	0.00	0.00	0.00/-23.26	0.00	0.00
002755	奥赛康	0	0	0.00	0.00	0.00	0.00	0.00	0.00/-23.26	0.00	0.00
002756	永兴材料	0	0	0.00	0.00	0.00	0.00	0.00	0.00/-23.26	0.00	0.00
002757	南兴股份	0	0	0.00	0.00	0.00	0.00	0.00	0.00/-23.26	0.00	0.00
002758	浙农股份	0	0	0.00	0.00	0.00	0.00	0.00	0.00/-23.26	0.00	0.00
002759	ST天际	0	0	0.00	0.00	0.00	0.00	0.00	0.00/-23.26	0.00	0.00
002760	凤形股份	0	0	0.00	0.00	0.00	0.00	0.00	0.00/-23.26	0.00	0.00
002761	浙江建投	0	0	0.00	0.00	0.00	0.00	0.00	0.00/-23.26	0.00	0.00
002762	金发拉比	0	0	0.00	0.00	0.00	0.00	0.00	0.00/-23.26	0.00	0.00
002763	汇洁股份	0	0	0.00	0.00	0.00	0.00	0.00	0.00/-23.26	0.00	0.00
002765	蓝黛科技	0	0	0.00	0.00	0.00	0.00	0.00	0.00/-23.26	0.00	0.00
002766	索菱股份	0	0	0.00	0.00	0.00	0.00	0.00	0.00/-23.26	0.00	0.00
002768	国恩股份	0	0	0.00	0.00	0.00	0.00	0.00	0.00/-23.26	0.00	0.00
002769	普路通	0	0	0.00	0.00	0.00	0.00	0.00	0.00/-23.26	0.00	0.00
002771	真视通	0	0	0.00	0.00	0.00	0.00	0.00	0.00/-23.26	0.00	0.00
002772	众兴菌业	0	0	0.00	0.00	0.00	0.00	0.00	0.00/-23.26	0.00	0.00
002774	快意电梯	0	0	0.00	0.00	0.00	0.00	0.00	0.00/-23.26	0.00	0.00
002775	文科股份	0	0	0.00	0.00	0.00	0.00	0.00	0.00/-23.26	0.00	0.00
002777	久远银海	0	0	0.00	0.00	0.00	0.00	0.00	0.00/-23.26	0.00	0.00
002778	中晟高科	0	0	0.00	0.00	0.00	0.00	0.00	0.00/-23.26	0.00	0.00
002779	中坚科技	0	0	0.00	0.00	0.00	0.00	0.00	0.00/-23.26	0.00	0.00
002780	三夫户外	0	0	0.00	0.00	0.00	0.00	0.00	0.00/-23.26	0.00	0.00
002782	可立克	0	0	0.00	0.00	0.00	0.00	0.00	0.00/-23.26	0.00	0.00
002783	凯龙股份	0	0	0.00	0.00	0.00	0.00	0.00	0.00/-23.26	0.00	0.00
002786	银宝山新	0	0	0.00	0.00	0.00	0.00	0.00	0.00/-23.26	0.00	0.00
002787	华源控股	0	0	0.00	0.00	0.00	0.00	0.00	0.00/-23.26	0.00	0.00
002788	鹭燕医药	0	0	0.00	0.00	0.00	0.00	0.00	0.00/-23.26	0.00	0.00
002789	*ST建艺	0	0	0.00	0.00	0.00	0.00	0.00	0.00/-23.26	0.00	0.00
002790	瑞尔特	0	0	0.00	0.00	0.00	0.00	0.00	0.00/-23.26	0.00	0.00
002791	坚朗五金	0	0	0.00	0.00	0.00	0.00	0.00	0.00/-23.26	0.00	0.00
002792	通宇通讯	0	0	0.00	0.00	0.00	0.00	0.00	0.00/-23.26	0.00	0.00
002793	罗欣药业	0	0	0.00	0.00	0.00	0.00	0.00	0.00/-23.26	0.00	0.00
002795	永和智控	0	0	0.00	0.00	0.00	0.00	0.00	0.00/-23.26	0.00	0.00
002796	世嘉科技	0	0	0.00	0.00	0.00	0.00	0.00	0.00/-23.26	0.00	0.00
002797	第一创业	0	0	0.00	0.00	0.00	0.00	0.00	0.00/-23.26	0.00	0.00
002798	帝欧水华	0	0	0.00	0.00	0.00	0.00	0.00	0.00/-23.26	0.00	0.00
002799	环球印务	0	0	0.00	0.00	0.00	0.00	0.00	0.00/-23.26	0.00	0.00
002800	天顺股份	0	0	0.00	0.00	0.00	0.00	0.00	0.00/-23.26	0.00	0.00
002801	微光股份	0	0	0.00	0.00	0.00	0.00	0.00	0.00/-23.26	0.00	0.00
002802	洪汇新材	0	0	0.00	0.00	0.00	0.00	0.00	0.00/-23.26	0.00	0.00
002803	吉宏股份	0	0	0.00	0.00	0.00	0.00	0.00	0.00/-23.26	0.00	0.00
002805	丰元股份	0	0	0.00	0.00	0.00	0.00	0.00	0.00/-23.26	0.00	0.00
002806	华锋股份	0	0	0.00	0.00	0.00	0.00	0.00	0.00/-23.26	0.00	0.00
002807	江阴银行	0	0	0.00	0.00	0.00	0.00	0.00	0.00/-23.26	0.00	0.00
002809	红墙股份	0	0	0.00	0.00	0.00	0.00	0.00	0.00/-23.26	0.00	0.00
002810	山东赫达	0	0	0.00	0.00	0.00	0.00	0.00	0.00/-23.26	0.00	0.00
002811	郑中设计	0	0	0.00	0.00	0.00	0.00	0.00	0.00/-23.26	0.00	0.00
002812	恩捷股份	0	0	0.00	0.00	0.00	0.00	0.00	0.00/-23.26	0.00	0.00
002813	路畅科技	0	0	0.00	0.00	0.00	0.00	0.00	0.00/-23.26	0.00	0.00
002815	崇达技术	0	0	0.00	0.00	0.00	0.00	0.00	0.00/-23.26	0.00	0.00
002816	*ST和科	0	0	0.00	0.00	0.00	0.00	0.00	0.00/-23.26	0.00	0.00
002817	黄山胶囊	0	0	0.00	0.00	0.00	0.00	0.00	0.00/-23.26	0.00	0.00
002818	富森美	0	0	0.00	0.00	0.00	0.00	0.00	0.00/-23.26	0.00	0.00
002819	东方中科	0	0	0.00	0.00	0.00	0.00	0.00	0.00/-23.26	0.00	0.00
002820	桂发祥	0	0	0.00	0.00	0.00	0.00	0.00	0.00/-23.26	0.00	0.00
002822	ST中装	0	0	0.00	0.00	0.00	0.00	0.00	0.00/-23.26	0.00	0.00
002823	凯中精密	0	0	0.00	0.00	0.00	0.00	0.00	0.00/-23.26	0.00	0.00
002824	和胜股份	0	0	0.00	0.00	0.00	0.00	0.00	0.00/-23.26	0.00	0.00
002825	纳尔股份	0	0	0.00	0.00	0.00	0.00	0.00	0.00/-23.26	0.00	0.00
002826	易明医药	0	0	0.00	0.00	0.00	0.00	0.00	0.00/-23.26	0.00	0.00
002827	高争民爆	0	0	0.00	0.00	0.00	0.00	0.00	0.00/-23.26	0.00	0.00
002828	贝肯能源	0	0	0.00	0.00	0.00	0.00	0.00	0.00/-23.26	0.00	0.00
002829	星网宇达	0	0	0.00	0.00	0.00	0.00	0.00	0.00/-23.26	0.00	0.00
002830	名雕股份	0	0	0.00	0.00	0.00	0.00	0.00	0.00/-23.26	0.00	0.00
002831	裕同科技	0	0	0.00	0.00	0.00	0.00	0.00	0.00/-23.26	0.00	0.00
002832	比音勒芬	0	0	0.00	0.00	0.00	0.00	0.00	0.00/-23.26	0.00	0.00
002833	弘亚数控	0	0	0.00	0.00	0.00	0.00	0.00	0.00/-23.26	0.00	0.00
002835	同为股份	0	0	0.00	0.00	0.00	0.00	0.00	0.00/-23.26	0.00	0.00
002836	新宏泽	0	0	0.00	0.00	0.00	0.00	0.00	0.00/-23.26	0.00	0.00
002837	英维克	0	0	0.00	0.00	0.00	0.00	0.00	0.00/-23.26	0.00	0.00
002838	道恩股份	0	0	0.00	0.00	0.00	0.00	0.00	0.00/-23.26	0.00	0.00
002839	张家港行	0	0	0.00	0.00	0.00	0.00	0.00	0.00/-23.26	0.00	0.00
002840	华统股份	0	0	0.00	0.00	0.00	0.00	0.00	0.00/-23.26	0.00	0.00
002841	视源股份	0	0	0.00	0.00	0.00	0.00	0.00	0.00/-23.26	0.00	0.00
002842	翔鹭钨业	0	0	0.00	0.00	0.00	0.00	0.00	0.00/-23.26	0.00	0.00
002843	泰嘉股份	0	0	0.00	0.00	0.00	0.00	0.00	0.00/-23.26	0.00	0.00
002845	同兴达	0	0	0.00	0.00	0.00	0.00	0.00	0.00/-23.26	0.00	0.00
002847	盐津铺子	0	0	0.00	0.00	0.00	0.00	0.00	0.00/-23.26	0.00	0.00
002848	高斯贝尔	0	0	0.00	0.00	0.00	0.00	0.00	0.00/-23.26	0.00	0.00
002849	威星智能	0	0	0.00	0.00	0.00	0.00	0.00	0.00/-23.26	0.00	0.00
002850	科达利	0	0	0.00	0.00	0.00	0.00	0.00	0.00/-23.26	0.00	0.00
002851	麦格米特	0	0	0.00	0.00	0.00	0.00	0.00	0.00/-23.26	0.00	0.00
002852	道道全	0	0	0.00	0.00	0.00	0.00	0.00	0.00/-23.26	0.00	0.00
002853	皮阿诺	0	0	0.00	0.00	0.00	0.00	0.00	0.00/-23.26	0.00	0.00
002855	捷荣技术	0	0	0.00	0.00	0.00	0.00	0.00	0.00/-23.26	0.00	0.00
002856	*ST美芝	0	0	0.00	0.00	0.00	0.00	0.00	0.00/-23.26	0.00	0.00
002857	三晖电气	0	0	0.00	0.00	0.00	0.00	0.00	0.00/-23.26	0.00	0.00
002858	力盛体育	0	0	0.00	0.00	0.00	0.00	0.00	0.00/-23.26	0.00	0.00
002859	洁美科技	0	0	0.00	0.00	0.00	0.00	0.00	0.00/-23.26	0.00	0.00
002860	星帅尔	0	0	0.00	0.00	0.00	0.00	0.00	0.00/-23.26	0.00	0.00
002861	瀛通通讯	0	0	0.00	0.00	0.00	0.00	0.00	0.00/-23.26	0.00	0.00
002862	实丰文化	0	0	0.00	0.00	0.00	0.00	0.00	0.00/-23.26	0.00	0.00
002863	今飞凯达	0	0	0.00	0.00	0.00	0.00	0.00	0.00/-23.26	0.00	0.00
002864	盘龙药业	0	0	0.00	0.00	0.00	0.00	0.00	0.00/-23.26	0.00	0.00
002865	钧达股份	0	0	0.00	0.00	0.00	0.00	0.00	0.00/-23.26	0.00	0.00
002866	传艺科技	0	0	0.00	0.00	0.00	0.00	0.00	0.00/-23.26	0.00	0.00
002867	周大生	0	0	0.00	0.00	0.00	0.00	0.00	0.00/-23.26	0.00	0.00
002868	绿康生化	0	0	0.00	0.00	0.00	0.00	0.00	0.00/-23.26	0.00	0.00
002869	金溢科技	0	0	0.00	0.00	0.00	0.00	0.00	0.00/-23.26	0.00	0.00
002870	香山股份	0	0	0.00	0.00	0.00	0.00	0.00	0.00/-23.26	0.00	0.00
002871	伟隆股份	0	0	0.00	0.00	0.00	0.00	0.00	0.00/-23.26	0.00	0.00
002872	ST天圣	0	0	0.00	0.00	0.00	0.00	0.00	0.00/-23.26	0.00	0.00
002873	新天药业	0	0	0.00	0.00	0.00	0.00	0.00	0.00/-23.26	0.00	0.00
002875	安奈儿	0	0	0.00	0.00	0.00	0.00	0.00	0.00/-23.26	0.00	0.00
002876	三利谱	0	0	0.00	0.00	0.00	0.00	0.00	0.00/-23.26	0.00	0.00
002877	智能自控	0	0	0.00	0.00	0.00	0.00	0.00	0.00/-23.26	0.00	0.00
002878	元隆雅图	0	0	0.00	0.00	0.00	0.00	0.00	0.00/-23.26	0.00	0.00
002879	长缆科技	0	0	0.00	0.00	0.00	0.00	0.00	0.00/-23.26	0.00	0.00
002880	卫光生物	0	0	0.00	0.00	0.00	0.00	0.00	0.00/-23.26	0.00	0.00
002881	美格智能	0	0	0.00	0.00	0.00	0.00	0.00	0.00/-23.26	0.00	0.00
002882	金龙羽	0	0	0.00	0.00	0.00	0.00	0.00	0.00/-23.26	0.00	0.00
002883	*ST中设	0	0	0.00	0.00	0.00	0.00	0.00	0.00/-23.26	0.00	0.00
002884	凌霄泵业	0	0	0.00	0.00	0.00	0.00	0.00	0.00/-23.26	0.00	0.00
002885	京泉华	0	0	0.00	0.00	0.00	0.00	0.00	0.00/-23.26	0.00	0.00
002886	沃特股份	0	0	0.00	0.00	0.00	0.00	0.00	0.00/-23.26	0.00	0.00
002887	绿茵生态	0	0	0.00	0.00	0.00	0.00	0.00	0.00/-23.26	0.00	0.00
002888	惠威科技	0	0	0.00	0.00	0.00	0.00	0.00	0.00/-23.26	0.00	0.00
002889	东方嘉盛	0	0	0.00	0.00	0.00	0.00	0.00	0.00/-23.26	0.00	0.00
002890	弘宇股份	0	0	0.00	0.00	0.00	0.00	0.00	0.00/-23.26	0.00	0.00
002891	中宠股份	0	0	0.00	0.00	0.00	0.00	0.00	0.00/-23.26	0.00	0.00
002892	科力尔	0	0	0.00	0.00	0.00	0.00	0.00	0.00/-23.26	0.00	0.00
002893	京能热力	0	0	0.00	0.00	0.00	0.00	0.00	0.00/-23.26	0.00	0.00
002895	川恒股份	0	0	0.00	0.00	0.00	0.00	0.00	0.00/-23.26	0.00	0.00
002896	中大力德	0	0	0.00	0.00	0.00	0.00	0.00	0.00/-23.26	0.00	0.00
002897	意华股份	0	0	0.00	0.00	0.00	0.00	0.00	0.00/-23.26	0.00	0.00
002899	英派斯	0	0	0.00	0.00	0.00	0.00	0.00	0.00/-23.26	0.00	0.00
002900	哈三联	0	0	0.00	0.00	0.00	0.00	0.00	0.00/-23.26	0.00	0.00
002902	铭普光磁	0	0	0.00	0.00	0.00	0.00	0.00	0.00/-23.26	0.00	0.00
002903	宇环数控	0	0	0.00	0.00	0.00	0.00	0.00	0.00/-23.26	0.00	0.00
002905	金逸影视	0	0	0.00	0.00	0.00	0.00	0.00	0.00/-23.26	0.00	0.00
002906	华阳集团	0	0	0.00	0.00	0.00	0.00	0.00	0.00/-23.26	0.00	0.00
002907	华森制药	0	0	0.00	0.00	0.00	0.00	0.00	0.00/-23.26	0.00	0.00
002908	德生科技	0	0	0.00	0.00	0.00	0.00	0.00	0.00/-23.26	0.00	0.00
002910	庄园牧场	0	0	0.00	0.00	0.00	0.00	0.00	0.00/-23.26	0.00	0.00
002911	佛燃能源	0	0	0.00	0.00	0.00	0.00	0.00	0.00/-23.26	0.00	0.00
002912	中新赛克	0	0	0.00	0.00	0.00	0.00	0.00	0.00/-23.26	0.00	0.00
002913	奥士康	0	0	0.00	0.00	0.00	0.00	0.00	0.00/-23.26	0.00	0.00
002915	中欣氟材	0	0	0.00	0.00	0.00	0.00	0.00	0.00/-23.26	0.00	0.00
002917	金奥博	0	0	0.00	0.00	0.00	0.00	0.00	0.00/-23.26	0.00	0.00
002918	蒙娜丽莎	0	0	0.00	0.00	0.00	0.00	0.00	0.00/-23.26	0.00	0.00
002919	名臣健康	0	0	0.00	0.00	0.00	0.00	0.00	0.00/-23.26	0.00	0.00
002920	德赛西威	0	0	0.00	0.00	0.00	0.00	0.00	0.00/-23.26	0.00	0.00
002921	联诚精密	0	0	0.00	0.00	0.00	0.00	0.00	0.00/-23.26	0.00	0.00
002922	伊戈尔	0	0	0.00	0.00	0.00	0.00	0.00	0.00/-23.26	0.00	0.00
002923	润都股份	0	0	0.00	0.00	0.00	0.00	0.00	0.00/-23.26	0.00	0.00
002925	盈趣科技	0	0	0.00	0.00	0.00	0.00	0.00	0.00/-23.26	0.00	0.00
002926	华西证券	0	0	0.00	0.00	0.00	0.00	0.00	0.00/-23.26	0.00	0.00
002927	泰永长征	0	0	0.00	0.00	0.00	0.00	0.00	0.00/-23.26	0.00	0.00
002928	华夏航空	0	0	0.00	0.00	0.00	0.00	0.00	0.00/-23.26	0.00	0.00
002929	润建股份	0	0	0.00	0.00	0.00	0.00	0.00	0.00/-23.26	0.00	0.00
002930	宏川智慧	0	0	0.00	0.00	0.00	0.00	0.00	0.00/-23.26	0.00	0.00
002931	锋龙股份	0	0	0.00	0.00	0.00	0.00	0.00	0.00/-23.26	0.00	0.00
002932	*ST明德	0	0	0.00	0.00	0.00	0.00	0.00	0.00/-23.26	0.00	0.00
002933	新兴装备	0	0	0.00	0.00	0.00	0.00	0.00	0.00/-23.26	0.00	0.00
002935	天奥电子	0	0	0.00	0.00	0.00	0.00	0.00	0.00/-23.26	0.00	0.00
002936	郑州银行	0	0	0.00	0.00	0.00	0.00	0.00	0.00/-23.26	0.00	0.00
002937	兴瑞科技	0	0	0.00	0.00	0.00	0.00	0.00	0.00/-23.26	0.00	0.00
002938	鹏鼎控股	0	0	0.00	0.00	0.00	0.00	0.00	0.00/-23.26	0.00	0.00
002939	长城证券	0	0	0.00	0.00	0.00	0.00	0.00	0.00/-23.26	0.00	0.00
002940	昂利康	0	0	0.00	0.00	0.00	0.00	0.00	0.00/-23.26	0.00	0.00
002941	新疆交建	0	0	0.00	0.00	0.00	0.00	0.00	0.00/-23.26	0.00	0.00
002942	新农股份	0	0	0.00	0.00	0.00	0.00	0.00	0.00/-23.26	0.00	0.00
002945	华林证券	0	0	0.00	0.00	0.00	0.00	0.00	0.00/-23.26	0.00	0.00
002946	新乳业	0	0	0.00	0.00	0.00	0.00	0.00	0.00/-23.26	0.00	0.00
002947	恒铭达	0	0	0.00	0.00	0.00	0.00	0.00	0.00/-23.26	0.00	0.00
002948	青岛银行	0	0	0.00	0.00	0.00	0.00	0.00	0.00/-23.26	0.00	0.00
002949	华阳国际	0	0	0.00	0.00	0.00	0.00	0.00	0.00/-23.26	0.00	0.00
002950	奥美医疗	0	0	0.00	0.00	0.00	0.00	0.00	0.00/-23.26	0.00	0.00
002951	金时科技	0	0	0.00	0.00	0.00	0.00	0.00	0.00/-23.26	0.00	0.00
002952	亚世光电	0	0	0.00	0.00	0.00	0.00	0.00	0.00/-23.26	0.00	0.00
002953	日丰股份	0	0	0.00	0.00	0.00	0.00	0.00	0.00/-23.26	0.00	0.00
002955	鸿合科技	0	0	0.00	0.00	0.00	0.00	0.00	0.00/-23.26	0.00	0.00
002956	西麦食品	0	0	0.00	0.00	0.00	0.00	0.00	0.00/-23.26	0.00	0.00
002957	科瑞技术	0	0	0.00	0.00	0.00	0.00	0.00	0.00/-23.26	0.00	0.00
002958	青农商行	0	0	0.00	0.00	0.00	0.00	0.00	0.00/-23.26	0.00	0.00
002959	小熊电器	0	0	0.00	0.00	0.00	0.00	0.00	0.00/-23.26	0.00	0.00
002960	青鸟智控	0	0	0.00	0.00	0.00	0.00	0.00	0.00/-23.26	0.00	0.00
002961	瑞达期货	0	0	0.00	0.00	0.00	0.00	0.00	0.00/-23.26	0.00	0.00
002962	五方光电	0	0	0.00	0.00	0.00	0.00	0.00	0.00/-23.26	0.00	0.00
002963	豪尔赛	0	0	0.00	0.00	0.00	0.00	0.00	0.00/-23.26	0.00	0.00
002965	祥鑫科技	0	0	0.00	0.00	0.00	0.00	0.00	0.00/-23.26	0.00	0.00
002966	苏州银行	0	0	0.00	0.00	0.00	0.00	0.00	0.00/-23.26	0.00	0.00
002967	广电计量	0	0	0.00	0.00	0.00	0.00	0.00	0.00/-23.26	0.00	0.00
002968	新大正	0	0	0.00	0.00	0.00	0.00	0.00	0.00/-23.26	0.00	0.00
002969	嘉美包装	0	0	0.00	0.00	0.00	0.00	0.00	0.00/-23.26	0.00	0.00
002970	锐明技术	0	0	0.00	0.00	0.00	0.00	0.00	0.00/-23.26	0.00	0.00
002971	和远气体	0	0	0.00	0.00	0.00	0.00	0.00	0.00/-23.26	0.00	0.00
002972	科安达	0	0	0.00	0.00	0.00	0.00	0.00	0.00/-23.26	0.00	0.00
002973	侨银股份	0	0	0.00	0.00	0.00	0.00	0.00	0.00/-23.26	0.00	0.00
002975	博杰股份	0	0	0.00	0.00	0.00	0.00	0.00	0.00/-23.26	0.00	0.00
002976	瑞玛精密	0	0	0.00	0.00	0.00	0.00	0.00	0.00/-23.26	0.00	0.00
002977	*ST天箭	0	0	0.00	0.00	0.00	0.00	0.00	0.00/-23.26	0.00	0.00
002978	安宁股份	0	0	0.00	0.00	0.00	0.00	0.00	0.00/-23.26	0.00	0.00
002979	雷赛智能	0	0	0.00	0.00	0.00	0.00	0.00	0.00/-23.26	0.00	0.00
002980	华盛昌	0	0	0.00	0.00	0.00	0.00	0.00	0.00/-23.26	0.00	0.00
002981	朝阳科技	0	0	0.00	0.00	0.00	0.00	0.00	0.00/-23.26	0.00	0.00
002982	湘佳股份	0	0	0.00	0.00	0.00	0.00	0.00	0.00/-23.26	0.00	0.00
002983	芯瑞达	0	0	0.00	0.00	0.00	0.00	0.00	0.00/-23.26	0.00	0.00
002984	森麒麟	0	0	0.00	0.00	0.00	0.00	0.00	0.00/-23.26	0.00	0.00
002985	北摩高科	0	0	0.00	0.00	0.00	0.00	0.00	0.00/-23.26	0.00	0.00
002986	宇新股份	0	0	0.00	0.00	0.00	0.00	0.00	0.00/-23.26	0.00	0.00
002987	京北方	0	0	0.00	0.00	0.00	0.00	0.00	0.00/-23.26	0.00	0.00
002988	豪美新材	0	0	0.00	0.00	0.00	0.00	0.00	0.00/-23.26	0.00	0.00
002990	盛视科技	0	0	0.00	0.00	0.00	0.00	0.00	0.00/-23.26	0.00	0.00
002991	甘源食品	0	0	0.00	0.00	0.00	0.00	0.00	0.00/-23.26	0.00	0.00
002992	宝明科技	0	0	0.00	0.00	0.00	0.00	0.00	0.00/-23.26	0.00	0.00
002993	奥海科技	0	0	0.00	0.00	0.00	0.00	0.00	0.00/-23.26	0.00	0.00
002995	天地在线	0	0	0.00	0.00	0.00	0.00	0.00	0.00/-23.26	0.00	0.00
002996	顺博合金	0	0	0.00	0.00	0.00	0.00	0.00	0.00/-23.26	0.00	0.00
002997	瑞鹄模具	0	0	0.00	0.00	0.00	0.00	0.00	0.00/-23.26	0.00	0.00
002998	优彩资源	0	0	0.00	0.00	0.00	0.00	0.00	0.00/-23.26	0.00	0.00
002999	天禾股份	0	0	0.00	0.00	0.00	0.00	0.00	0.00/-23.26	0.00	0.00
003000	劲仔食品	0	0	0.00	0.00	0.00	0.00	0.00	0.00/-23.26	0.00	0.00
003001	中岩大地	0	0	0.00	0.00	0.00	0.00	0.00	0.00/-23.26	0.00	0.00
003002	壶化股份	0	0	0.00	0.00	0.00	0.00	0.00	0.00/-23.26	0.00	0.00
003003	天元股份	0	0	0.00	0.00	0.00	0.00	0.00	0.00/-23.26	0.00	0.00
003004	声迅股份	0	0	0.00	0.00	0.00	0.00	0.00	0.00/-23.26	0.00	0.00
003005	竞业达	0	0	0.00	0.00	0.00	0.00	0.00	0.00/-23.26	0.00	0.00
003006	百亚股份	0	0	0.00	0.00	0.00	0.00	0.00	0.00/-23.26	0.00	0.00
003007	直真科技	0	0	0.00	0.00	0.00	0.00	0.00	0.00/-23.26	0.00	0.00
003008	开普检测	0	0	0.00	0.00	0.00	0.00	0.00	0.00/-23.26	0.00	0.00
003009	中天火箭	0	0	0.00	0.00	0.00	0.00	0.00	0.00/-23.26	0.00	0.00
003010	若羽臣	0	0	0.00	0.00	0.00	0.00	0.00	0.00/-23.26	0.00	0.00
003011	海象新材	0	0	0.00	0.00	0.00	0.00	0.00	0.00/-23.26	0.00	0.00
003012	东鹏控股	0	0	0.00	0.00	0.00	0.00	0.00	0.00/-23.26	0.00	0.00
003013	地铁设计	0	0	0.00	0.00	0.00	0.00	0.00	0.00/-23.26	0.00	0.00
003015	日久光电	0	0	0.00	0.00	0.00	0.00	0.00	0.00/-23.26	0.00	0.00
003016	欣贺股份	0	0	0.00	0.00	0.00	0.00	0.00	0.00/-23.26	0.00	0.00
003017	大洋生物	0	0	0.00	0.00	0.00	0.00	0.00	0.00/-23.26	0.00	0.00
003018	金富科技	0	0	0.00	0.00	0.00	0.00	0.00	0.00/-23.26	0.00	0.00
003019	宸展光电	0	0	0.00	0.00	0.00	0.00	0.00	0.00/-23.26	0.00	0.00
003020	立方制药	0	0	0.00	0.00	0.00	0.00	0.00	0.00/-23.26	0.00	0.00
003021	兆威机电	0	0	0.00	0.00	0.00	0.00	0.00	0.00/-23.26	0.00	0.00
003022	联泓新科	0	0	0.00	0.00	0.00	0.00	0.00	0.00/-23.26	0.00	0.00
003023	彩虹集团	0	0	0.00	0.00	0.00	0.00	0.00	0.00/-23.26	0.00	0.00
003025	思进智能	0	0	0.00	0.00	0.00	0.00	0.00	0.00/-23.26	0.00	0.00
003026	中晶科技	0	0	0.00	0.00	0.00	0.00	0.00	0.00/-23.26	0.00	0.00
003027	同兴科技	0	0	0.00	0.00	0.00	0.00	0.00	0.00/-23.26	0.00	0.00
003028	振邦智能	0	0	0.00	0.00	0.00	0.00	0.00	0.00/-23.26	0.00	0.00
003029	吉大正元	0	0	0.00	0.00	0.00	0.00	0.00	0.00/-23.26	0.00	0.00
003030	祖名股份	0	0	0.00	0.00	0.00	0.00	0.00	0.00/-23.26	0.00	0.00
003031	中瓷电子	0	0	0.00	0.00	0.00	0.00	0.00	0.00/-23.26	0.00	0.00
003032	传智教育	0	0	0.00	0.00	0.00	0.00	0.00	0.00/-23.26	0.00	0.00
003033	征和工业	0	0	0.00	0.00	0.00	0.00	0.00	0.00/-23.26	0.00	0.00
003035	南网能源	0	0	0.00	0.00	0.00	0.00	0.00	0.00/-23.26	0.00	0.00
003036	泰坦股份	0	0	0.00	0.00	0.00	0.00	0.00	0.00/-23.26	0.00	0.00
003037	三和管桩	0	0	0.00	0.00	0.00	0.00	0.00	0.00/-23.26	0.00	0.00
003038	鑫铂股份	0	0	0.00	0.00	0.00	0.00	0.00	0.00/-23.26	0.00	0.00
003039	顺控发展	0	0	0.00	0.00	0.00	0.00	0.00	0.00/-23.26	0.00	0.00
003040	楚天龙	0	0	0.00	0.00	0.00	0.00	0.00	0.00/-23.26	0.00	0.00
003041	真爱美家	0	0	0.00	0.00	0.00	0.00	0.00	0.00/-23.26	0.00	0.00
003042	中农联合	0	0	0.00	0.00	0.00	0.00	0.00	0.00/-23.26	0.00	0.00
003816	中国广核	0	0	0.00	0.00	0.00	0.00	0.00	0.00/-23.26	0.00	0.00
300002	神州泰岳	0	0	0.00	0.00	0.00	0.00	0.00	0.00/-23.26	0.00	0.00
300004	南风股份	0	0	0.00	0.00	0.00	0.00	0.00	0.00/-23.26	0.00	0.00
300005	探路者	0	0	0.00	0.00	0.00	0.00	0.00	0.00/-23.26	0.00	0.00
300006	莱美药业	0	0	0.00	0.00	0.00	0.00	0.00	0.00/-23.26	0.00	0.00
300007	汉威科技	0	0	0.00	0.00	0.00	0.00	0.00	0.00/-23.26	0.00	0.00
300008	天海防务	0	0	0.00	0.00	0.00	0.00	0.00	0.00/-23.26	0.00	0.00
300009	安科生物	0	0	0.00	0.00	0.00	0.00	0.00	0.00/-23.26	0.00	0.00
300010	ST豆神	0	0	0.00	0.00	0.00	0.00	0.00	0.00/-23.26	0.00	0.00
300011	鼎汉技术	0	0	0.00	0.00	0.00	0.00	0.00	0.00/-23.26	0.00	0.00
300013	新宁物流	0	0	0.00	0.00	0.00	0.00	0.00	0.00/-23.26	0.00	0.00
300014	亿纬锂能	0	0	0.00	0.00	0.00	0.00	0.00	0.00/-23.26	0.00	0.00
300016	北陆药业	0	0	0.00	0.00	0.00	0.00	0.00	0.00/-23.26	0.00	0.00
300017	网宿科技	0	0	0.00	0.00	0.00	0.00	0.00	0.00/-23.26	0.00	0.00
300018	中元股份	0	0	0.00	0.00	0.00	0.00	0.00	0.00/-23.26	0.00	0.00
300019	硅宝科技	0	0	0.00	0.00	0.00	0.00	0.00	0.00/-23.26	0.00	0.00
300020	ST银江	0	0	0.00	0.00	0.00	0.00	0.00	0.00/-23.26	0.00	0.00
300025	华星创业	0	0	0.00	0.00	0.00	0.00	0.00	0.00/-23.26	0.00	0.00
300026	红日药业	0	0	0.00	0.00	0.00	0.00	0.00	0.00/-23.26	0.00	0.00
300027	ST华谊	0	0	0.00	0.00	0.00	0.00	0.00	0.00/-23.26	0.00	0.00
300030	阳普医疗	0	0	0.00	0.00	0.00	0.00	0.00	0.00/-23.26	0.00	0.00
300031	宝通科技	0	0	0.00	0.00	0.00	0.00	0.00	0.00/-23.26	0.00	0.00
300032	金龙机电	0	0	0.00	0.00	0.00	0.00	0.00	0.00/-23.26	0.00	0.00
300033	同花顺	0	0	0.00	0.00	0.00	0.00	0.00	0.00/-23.26	0.00	0.00
300034	钢研高纳	0	0	0.00	0.00	0.00	0.00	0.00	0.00/-23.26	0.00	0.00
300035	中科电气	0	0	0.00	0.00	0.00	0.00	0.00	0.00/-23.26	0.00	0.00
300036	超图软件	0	0	0.00	0.00	0.00	0.00	0.00	0.00/-23.26	0.00	0.00
300037	新宙邦	0	0	0.00	0.00	0.00	0.00	0.00	0.00/-23.26	0.00	0.00
300039	上海凯宝	0	0	0.00	0.00	0.00	0.00	0.00	0.00/-23.26	0.00	0.00
300040	九洲集团	0	0	0.00	0.00	0.00	0.00	0.00	0.00/-23.26	0.00	0.00
300041	回天新材	0	0	0.00	0.00	0.00	0.00	0.00	0.00/-23.26	0.00	0.00
300042	朗科科技	0	0	0.00	0.00	0.00	0.00	0.00	0.00/-23.26	0.00	0.00
300043	星辉娱乐	0	0	0.00	0.00	0.00	0.00	0.00	0.00/-23.26	0.00	0.00
300044	*ST赛为	0	0	0.00	0.00	0.00	0.00	0.00	0.00/-23.26	0.00	0.00
300045	华力创通	0	0	0.00	0.00	0.00	0.00	0.00	0.00/-23.26	0.00	0.00
300046	台基股份	0	0	0.00	0.00	0.00	0.00	0.00	0.00/-23.26	0.00	0.00
300048	合康新能	0	0	0.00	0.00	0.00	0.00	0.00	0.00/-23.26	0.00	0.00
300049	福瑞医科	0	0	0.00	0.00	0.00	0.00	0.00	0.00/-23.26	0.00	0.00
300050	世纪鼎利	0	0	0.00	0.00	0.00	0.00	0.00	0.00/-23.26	0.00	0.00
300051	琏升科技	0	0	0.00	0.00	0.00	0.00	0.00	0.00/-23.26	0.00	0.00
300052	中青宝	0	0	0.00	0.00	0.00	0.00	0.00	0.00/-23.26	0.00	0.00
300053	航宇微	0	0	0.00	0.00	0.00	0.00	0.00	0.00/-23.26	0.00	0.00
300054	鼎龙股份	0	0	0.00	0.00	0.00	0.00	0.00	0.00/-23.26	0.00	0.00
300055	万邦达	0	0	0.00	0.00	0.00	0.00	0.00	0.00/-23.26	0.00	0.00
300056	中创环保	0	0	0.00	0.00	0.00	0.00	0.00	0.00/-23.26	0.00	0.00
300057	万顺新材	0	0	0.00	0.00	0.00	0.00	0.00	0.00/-23.26	0.00	0.00
300058	蓝色光标	0	0	0.00	0.00	0.00	0.00	0.00	0.00/-23.26	0.00	0.00
300059	东方财富	0	0	0.00	0.00	0.00	0.00	0.00	0.00/-23.26	0.00	0.00
300061	旗天科技	0	0	0.00	0.00	0.00	0.00	0.00	0.00/-23.26	0.00	0.00
300062	中能电气	0	0	0.00	0.00	0.00	0.00	0.00	0.00/-23.26	0.00	0.00
300063	天龙集团	0	0	0.00	0.00	0.00	0.00	0.00	0.00/-23.26	0.00	0.00
300065	海兰信	0	0	0.00	0.00	0.00	0.00	0.00	0.00/-23.26	0.00	0.00
300066	三川智慧	0	0	0.00	0.00	0.00	0.00	0.00	0.00/-23.26	0.00	0.00
300067	安诺其	0	0	0.00	0.00	0.00	0.00	0.00	0.00/-23.26	0.00	0.00
300068	ST南都	0	0	0.00	0.00	0.00	0.00	0.00	0.00/-23.26	0.00	0.00
300069	金利华电	0	0	0.00	0.00	0.00	0.00	0.00	0.00/-23.26	0.00	0.00
300070	碧水源	0	0	0.00	0.00	0.00	0.00	0.00	0.00/-23.26	0.00	0.00
300071	福石控股	0	0	0.00	0.00	0.00	0.00	0.00	0.00/-23.26	0.00	0.00
300073	当升科技	0	0	0.00	0.00	0.00	0.00	0.00	0.00/-23.26	0.00	0.00
300074	华平股份	0	0	0.00	0.00	0.00	0.00	0.00	0.00/-23.26	0.00	0.00
300075	数字政通	0	0	0.00	0.00	0.00	0.00	0.00	0.00/-23.26	0.00	0.00
300076	*ST宁视	0	0	0.00	0.00	0.00	0.00	0.00	0.00/-23.26	0.00	0.00
300077	国民技术	0	0	0.00	0.00	0.00	0.00	0.00	0.00/-23.26	0.00	0.00
300078	思创智联	0	0	0.00	0.00	0.00	0.00	0.00	0.00/-23.26	0.00	0.00
300079	数码视讯	0	0	0.00	0.00	0.00	0.00	0.00	0.00/-23.26	0.00	0.00
300080	易成新能	0	0	0.00	0.00	0.00	0.00	0.00	0.00/-23.26	0.00	0.00
300081	ST恒信	0	0	0.00	0.00	0.00	0.00	0.00	0.00/-23.26	0.00	0.00
300082	奥克股份	0	0	0.00	0.00	0.00	0.00	0.00	0.00/-23.26	0.00	0.00
300084	海默科技	0	0	0.00	0.00	0.00	0.00	0.00	0.00/-23.26	0.00	0.00
300085	银之杰	0	0	0.00	0.00	0.00	0.00	0.00	0.00/-23.26	0.00	0.00
300086	康芝药业	0	0	0.00	0.00	0.00	0.00	0.00	0.00/-23.26	0.00	0.00
300087	ST荃银	0	0	0.00	0.00	0.00	0.00	0.00	0.00/-23.26	0.00	0.00
300088	长信科技	0	0	0.00	0.00	0.00	0.00	0.00	0.00/-23.26	0.00	0.00
300091	*ST金灵	0	0	0.00	0.00	0.00	0.00	0.00	0.00/-23.26	0.00	0.00
300092	科新机电	0	0	0.00	0.00	0.00	0.00	0.00	0.00/-23.26	0.00	0.00
300093	金刚光伏	0	0	0.00	0.00	0.00	0.00	0.00	0.00/-23.26	0.00	0.00
300094	国联水产	0	0	0.00	0.00	0.00	0.00	0.00	0.00/-23.26	0.00	0.00
300095	华伍股份	0	0	0.00	0.00	0.00	0.00	0.00	0.00/-23.26	0.00	0.00
300096	易联众	0	0	0.00	0.00	0.00	0.00	0.00	0.00/-23.26	0.00	0.00
300097	智云股份	0	0	0.00	0.00	0.00	0.00	0.00	0.00/-23.26	0.00	0.00
300098	高新兴	0	0	0.00	0.00	0.00	0.00	0.00	0.00/-23.26	0.00	0.00
300099	尤洛卡	0	0	0.00	0.00	0.00	0.00	0.00	0.00/-23.26	0.00	0.00
300100	双林股份	0	0	0.00	0.00	0.00	0.00	0.00	0.00/-23.26	0.00	0.00
300101	振芯科技	0	0	0.00	0.00	0.00	0.00	0.00	0.00/-23.26	0.00	0.00
300102	乾照光电	0	0	0.00	0.00	0.00	0.00	0.00	0.00/-23.26	0.00	0.00
300103	达刚控股	0	0	0.00	0.00	0.00	0.00	0.00	0.00/-23.26	0.00	0.00
300105	龙源技术	0	0	0.00	0.00	0.00	0.00	0.00	0.00/-23.26	0.00	0.00
300106	西部牧业	0	0	0.00	0.00	0.00	0.00	0.00	0.00/-23.26	0.00	0.00
300107	建新股份	0	0	0.00	0.00	0.00	0.00	0.00	0.00/-23.26	0.00	0.00
300110	华仁药业	0	0	0.00	0.00	0.00	0.00	0.00	0.00/-23.26	0.00	0.00
300111	向日葵	0	0	0.00	0.00	0.00	0.00	0.00	0.00/-23.26	0.00	0.00
300112	万讯自控	0	0	0.00	0.00	0.00	0.00	0.00	0.00/-23.26	0.00	0.00
300113	顺网科技	0	0	0.00	0.00	0.00	0.00	0.00	0.00/-23.26	0.00	0.00
300115	长盈精密	0	0	0.00	0.00	0.00	0.00	0.00	0.00/-23.26	0.00	0.00
300118	东方日升	0	0	0.00	0.00	0.00	0.00	0.00	0.00/-23.26	0.00	0.00
300119	瑞普生物	0	0	0.00	0.00	0.00	0.00	0.00	0.00/-23.26	0.00	0.00
300120	经纬辉开	0	0	0.00	0.00	0.00	0.00	0.00	0.00/-23.26	0.00	0.00
300121	阳谷华泰	0	0	0.00	0.00	0.00	0.00	0.00	0.00/-23.26	0.00	0.00
300123	ST亚光	0	0	0.00	0.00	0.00	0.00	0.00	0.00/-23.26	0.00	0.00
300125	聆达股份	0	0	0.00	0.00	0.00	0.00	0.00	0.00/-23.26	0.00	0.00
300126	锐奇股份	0	0	0.00	0.00	0.00	0.00	0.00	0.00/-23.26	0.00	0.00
300127	银河磁体	0	0	0.00	0.00	0.00	0.00	0.00	0.00/-23.26	0.00	0.00
300128	锦富技术	0	0	0.00	0.00	0.00	0.00	0.00	0.00/-23.26	0.00	0.00
300129	泰胜风能	0	0	0.00	0.00	0.00	0.00	0.00	0.00/-23.26	0.00	0.00
300130	新国都	0	0	0.00	0.00	0.00	0.00	0.00	0.00/-23.26	0.00	0.00
300131	英唐智控	0	0	0.00	0.00	0.00	0.00	0.00	0.00/-23.26	0.00	0.00
300132	诺斯贝尔	0	0	0.00	0.00	0.00	0.00	0.00	0.00/-23.26	0.00	0.00
300133	华策影视	0	0	0.00	0.00	0.00	0.00	0.00	0.00/-23.26	0.00	0.00
300134	大富科技	0	0	0.00	0.00	0.00	0.00	0.00	0.00/-23.26	0.00	0.00
300135	宝利国际	0	0	0.00	0.00	0.00	0.00	0.00	0.00/-23.26	0.00	0.00
300137	先河环保	0	0	0.00	0.00	0.00	0.00	0.00	0.00/-23.26	0.00	0.00
300138	晨光生物	0	0	0.00	0.00	0.00	0.00	0.00	0.00/-23.26	0.00	0.00
300139	晓程科技	0	0	0.00	0.00	0.00	0.00	0.00	0.00/-23.26	0.00	0.00
300140	节能环境	0	0	0.00	0.00	0.00	0.00	0.00	0.00/-23.26	0.00	0.00
300141	和顺电气	0	0	0.00	0.00	0.00	0.00	0.00	0.00/-23.26	0.00	0.00
300142	沃森生物	0	0	0.00	0.00	0.00	0.00	0.00	0.00/-23.26	0.00	0.00
300143	盈康生命	0	0	0.00	0.00	0.00	0.00	0.00	0.00/-23.26	0.00	0.00
300145	南方泵业	0	0	0.00	0.00	0.00	0.00	0.00	0.00/-23.26	0.00	0.00
300146	汤臣倍健	0	0	0.00	0.00	0.00	0.00	0.00	0.00/-23.26	0.00	0.00
300147	*ST香雪	0	0	0.00	0.00	0.00	0.00	0.00	0.00/-23.26	0.00	0.00
300148	天舟文化	0	0	0.00	0.00	0.00	0.00	0.00	0.00/-23.26	0.00	0.00
300149	睿智医药	0	0	0.00	0.00	0.00	0.00	0.00	0.00/-23.26	0.00	0.00
300150	世纪瑞尔	0	0	0.00	0.00	0.00	0.00	0.00	0.00/-23.26	0.00	0.00
300151	昌红科技	0	0	0.00	0.00	0.00	0.00	0.00	0.00/-23.26	0.00	0.00
300152	*ST动力	0	0	0.00	0.00	0.00	0.00	0.00	0.00/-23.26	0.00	0.00
300153	科泰电源	0	0	0.00	0.00	0.00	0.00	0.00	0.00/-23.26	0.00	0.00
300154	瑞凌股份	0	0	0.00	0.00	0.00	0.00	0.00	0.00/-23.26	0.00	0.00
300155	安居宝	0	0	0.00	0.00	0.00	0.00	0.00	0.00/-23.26	0.00	0.00
300157	新锦动力	0	0	0.00	0.00	0.00	0.00	0.00	0.00/-23.26	0.00	0.00
300158	振东制药	0	0	0.00	0.00	0.00	0.00	0.00	0.00/-23.26	0.00	0.00
300159	新研股份	0	0	0.00	0.00	0.00	0.00	0.00	0.00/-23.26	0.00	0.00
300160	秀强股份	0	0	0.00	0.00	0.00	0.00	0.00	0.00/-23.26	0.00	0.00
300161	华中数控	0	0	0.00	0.00	0.00	0.00	0.00	0.00/-23.26	0.00	0.00
300162	雷曼光电	0	0	0.00	0.00	0.00	0.00	0.00	0.00/-23.26	0.00	0.00
300163	先锋新材	0	0	0.00	0.00	0.00	0.00	0.00	0.00/-23.26	0.00	0.00
300164	通源石油	0	0	0.00	0.00	0.00	0.00	0.00	0.00/-23.26	0.00	0.00
300165	天瑞仪器	0	0	0.00	0.00	0.00	0.00	0.00	0.00/-23.26	0.00	0.00
300166	东方国信	0	0	0.00	0.00	0.00	0.00	0.00	0.00/-23.26	0.00	0.00
300167	ST迪威迅	0	0	0.00	0.00	0.00	0.00	0.00	0.00/-23.26	0.00	0.00
300168	万达信息	0	0	0.00	0.00	0.00	0.00	0.00	0.00/-23.26	0.00	0.00
300169	天晟新材	0	0	0.00	0.00	0.00	0.00	0.00	0.00/-23.26	0.00	0.00
300170	汉得信息	0	0	0.00	0.00	0.00	0.00	0.00	0.00/-23.26	0.00	0.00
300172	中电环保	0	0	0.00	0.00	0.00	0.00	0.00	0.00/-23.26	0.00	0.00
300173	ST福能	0	0	0.00	0.00	0.00	0.00	0.00	0.00/-23.26	0.00	0.00
300174	元力股份	0	0	0.00	0.00	0.00	0.00	0.00	0.00/-23.26	0.00	0.00
300175	朗源股份	0	0	0.00	0.00	0.00	0.00	0.00	0.00/-23.26	0.00	0.00
300176	鸿特科技	0	0	0.00	0.00	0.00	0.00	0.00	0.00/-23.26	0.00	0.00
300177	中海达	0	0	0.00	0.00	0.00	0.00	0.00	0.00/-23.26	0.00	0.00
300179	四方达	0	0	0.00	0.00	0.00	0.00	0.00	0.00/-23.26	0.00	0.00
300180	华峰超纤	0	0	0.00	0.00	0.00	0.00	0.00	0.00/-23.26	0.00	0.00
300181	佐力药业	0	0	0.00	0.00	0.00	0.00	0.00	0.00/-23.26	0.00	0.00
300182	捷成股份	0	0	0.00	0.00	0.00	0.00	0.00	0.00/-23.26	0.00	0.00
300184	力源信息	0	0	0.00	0.00	0.00	0.00	0.00	0.00/-23.26	0.00	0.00
300185	通裕重工	0	0	0.00	0.00	0.00	0.00	0.00	0.00/-23.26	0.00	0.00
300187	永清环保	0	0	0.00	0.00	0.00	0.00	0.00	0.00/-23.26	0.00	0.00
300188	国投智能	0	0	0.00	0.00	0.00	0.00	0.00	0.00/-23.26	0.00	0.00
300189	神农种业	0	0	0.00	0.00	0.00	0.00	0.00	0.00/-23.26	0.00	0.00
300190	维尔利	0	0	0.00	0.00	0.00	0.00	0.00	0.00/-23.26	0.00	0.00
300191	潜能恒信	0	0	0.00	0.00	0.00	0.00	0.00	0.00/-23.26	0.00	0.00
300192	科德教育	0	0	0.00	0.00	0.00	0.00	0.00	0.00/-23.26	0.00	0.00
300193	佳士科技	0	0	0.00	0.00	0.00	0.00	0.00	0.00/-23.26	0.00	0.00
300194	福安药业	0	0	0.00	0.00	0.00	0.00	0.00	0.00/-23.26	0.00	0.00
300195	长荣股份	0	0	0.00	0.00	0.00	0.00	0.00	0.00/-23.26	0.00	0.00
300196	长海股份	0	0	0.00	0.00	0.00	0.00	0.00	0.00/-23.26	0.00	0.00
300197	节能铁汉	0	0	0.00	0.00	0.00	0.00	0.00	0.00/-23.26	0.00	0.00
300198	*ST纳川	0	0	0.00	0.00	0.00	0.00	0.00	0.00/-23.26	0.00	0.00
300199	翰宇药业	0	0	0.00	0.00	0.00	0.00	0.00	0.00/-23.26	0.00	0.00
300200	高盟新材	0	0	0.00	0.00	0.00	0.00	0.00	0.00/-23.26	0.00	0.00
300201	海伦哲	0	0	0.00	0.00	0.00	0.00	0.00	0.00/-23.26	0.00	0.00
300203	聚光科技	0	0	0.00	0.00	0.00	0.00	0.00	0.00/-23.26	0.00	0.00
300204	舒泰神	0	0	0.00	0.00	0.00	0.00	0.00	0.00/-23.26	0.00	0.00
300205	*ST天喻	0	0	0.00	0.00	0.00	0.00	0.00	0.00/-23.26	0.00	0.00
300206	理邦仪器	0	0	0.00	0.00	0.00	0.00	0.00	0.00/-23.26	0.00	0.00
300207	欣旺达	0	0	0.00	0.00	0.00	0.00	0.00	0.00/-23.26	0.00	0.00
300209	行云科技	0	0	0.00	0.00	0.00	0.00	0.00	0.00/-23.26	0.00	0.00
300210	森远股份	0	0	0.00	0.00	0.00	0.00	0.00	0.00/-23.26	0.00	0.00
300211	亿通科技	0	0	0.00	0.00	0.00	0.00	0.00	0.00/-23.26	0.00	0.00
300212	*ST易录	0	0	0.00	0.00	0.00	0.00	0.00	0.00/-23.26	0.00	0.00
300213	佳讯飞鸿	0	0	0.00	0.00	0.00	0.00	0.00	0.00/-23.26	0.00	0.00
300214	日科化学	0	0	0.00	0.00	0.00	0.00	0.00	0.00/-23.26	0.00	0.00
300215	电科院	0	0	0.00	0.00	0.00	0.00	0.00	0.00/-23.26	0.00	0.00
300217	东方电热	0	0	0.00	0.00	0.00	0.00	0.00	0.00/-23.26	0.00	0.00
300218	安利股份	0	0	0.00	0.00	0.00	0.00	0.00	0.00/-23.26	0.00	0.00
300219	鸿利智汇	0	0	0.00	0.00	0.00	0.00	0.00	0.00/-23.26	0.00	0.00
300220	金运激光	0	0	0.00	0.00	0.00	0.00	0.00	0.00/-23.26	0.00	0.00
300221	银禧科技	0	0	0.00	0.00	0.00	0.00	0.00	0.00/-23.26	0.00	0.00
300222	科大智能	0	0	0.00	0.00	0.00	0.00	0.00	0.00/-23.26	0.00	0.00
300223	君正股份	0	0	0.00	0.00	0.00	0.00	0.00	0.00/-23.26	0.00	0.00
300224	正海磁材	0	0	0.00	0.00	0.00	0.00	0.00	0.00/-23.26	0.00	0.00
300226	上海钢联	0	0	0.00	0.00	0.00	0.00	0.00	0.00/-23.26	0.00	0.00
300227	光韵达	0	0	0.00	0.00	0.00	0.00	0.00	0.00/-23.26	0.00	0.00
300228	富瑞特装	0	0	0.00	0.00	0.00	0.00	0.00	0.00/-23.26	0.00	0.00
300229	拓尔思	0	0	0.00	0.00	0.00	0.00	0.00	0.00/-23.26	0.00	0.00
300230	永利股份	0	0	0.00	0.00	0.00	0.00	0.00	0.00/-23.26	0.00	0.00
300231	银信科技	0	0	0.00	0.00	0.00	0.00	0.00	0.00/-23.26	0.00	0.00
300232	洲明科技	0	0	0.00	0.00	0.00	0.00	0.00	0.00/-23.26	0.00	0.00
300233	金城医药	0	0	0.00	0.00	0.00	0.00	0.00	0.00/-23.26	0.00	0.00
300234	开尔新材	0	0	0.00	0.00	0.00	0.00	0.00	0.00/-23.26	0.00	0.00
300235	方直科技	0	0	0.00	0.00	0.00	0.00	0.00	0.00/-23.26	0.00	0.00
300236	上海新阳	0	0	0.00	0.00	0.00	0.00	0.00	0.00/-23.26	0.00	0.00
300237	ST美晨	0	0	0.00	0.00	0.00	0.00	0.00	0.00/-23.26	0.00	0.00
300238	冠昊生物	0	0	0.00	0.00	0.00	0.00	0.00	0.00/-23.26	0.00	0.00
300239	东宝生物	0	0	0.00	0.00	0.00	0.00	0.00	0.00/-23.26	0.00	0.00
300240	飞力达	0	0	0.00	0.00	0.00	0.00	0.00	0.00/-23.26	0.00	0.00
300241	瑞丰光电	0	0	0.00	0.00	0.00	0.00	0.00	0.00/-23.26	0.00	0.00
300242	佳云科技	0	0	0.00	0.00	0.00	0.00	0.00	0.00/-23.26	0.00	0.00
300243	瑞丰高材	0	0	0.00	0.00	0.00	0.00	0.00	0.00/-23.26	0.00	0.00
300244	迪安诊断	0	0	0.00	0.00	0.00	0.00	0.00	0.00/-23.26	0.00	0.00
300245	ST天玑	0	0	0.00	0.00	0.00	0.00	0.00	0.00/-23.26	0.00	0.00
300246	宝莱特	0	0	0.00	0.00	0.00	0.00	0.00	0.00/-23.26	0.00	0.00
300247	融捷健康	0	0	0.00	0.00	0.00	0.00	0.00	0.00/-23.26	0.00	0.00
300249	依米康	0	0	0.00	0.00	0.00	0.00	0.00	0.00/-23.26	0.00	0.00
300250	初灵信息	0	0	0.00	0.00	0.00	0.00	0.00	0.00/-23.26	0.00	0.00
300251	光线传媒	0	0	0.00	0.00	0.00	0.00	0.00	0.00/-23.26	0.00	0.00
300252	金信诺	0	0	0.00	0.00	0.00	0.00	0.00	0.00/-23.26	0.00	0.00
300253	卫宁健康	0	0	0.00	0.00	0.00	0.00	0.00	0.00/-23.26	0.00	0.00
300254	仟源医药	0	0	0.00	0.00	0.00	0.00	0.00	0.00/-23.26	0.00	0.00
300256	星星科技	0	0	0.00	0.00	0.00	0.00	0.00	0.00/-23.26	0.00	0.00
300257	开山股份	0	0	0.00	0.00	0.00	0.00	0.00	0.00/-23.26	0.00	0.00
300258	精锻科技	0	0	0.00	0.00	0.00	0.00	0.00	0.00/-23.26	0.00	0.00
300259	新天科技	0	0	0.00	0.00	0.00	0.00	0.00	0.00/-23.26	0.00	0.00
300260	新莱应材	0	0	0.00	0.00	0.00	0.00	0.00	0.00/-23.26	0.00	0.00
300261	雅本化学	0	0	0.00	0.00	0.00	0.00	0.00	0.00/-23.26	0.00	0.00
300263	隆华科技	0	0	0.00	0.00	0.00	0.00	0.00	0.00/-23.26	0.00	0.00
300264	佳创视讯	0	0	0.00	0.00	0.00	0.00	0.00	0.00/-23.26	0.00	0.00
300265	通光线缆	0	0	0.00	0.00	0.00	0.00	0.00	0.00/-23.26	0.00	0.00
300266	兴源环境	0	0	0.00	0.00	0.00	0.00	0.00	0.00/-23.26	0.00	0.00
300267	尔康制药	0	0	0.00	0.00	0.00	0.00	0.00	0.00/-23.26	0.00	0.00
300268	佳沃食品	0	0	0.00	0.00	0.00	0.00	0.00	0.00/-23.26	0.00	0.00
300269	联建光电	0	0	0.00	0.00	0.00	0.00	0.00	0.00/-23.26	0.00	0.00
300270	中威电子	0	0	0.00	0.00	0.00	0.00	0.00	0.00/-23.26	0.00	0.00
300272	开能健康	0	0	0.00	0.00	0.00	0.00	0.00	0.00/-23.26	0.00	0.00
300274	阳光电源	0	0	0.00	0.00	0.00	0.00	0.00	0.00/-23.26	0.00	0.00
300275	梅安森	0	0	0.00	0.00	0.00	0.00	0.00	0.00/-23.26	0.00	0.00
300276	三丰智能	0	0	0.00	0.00	0.00	0.00	0.00	0.00/-23.26	0.00	0.00
300277	汽轮科技	0	0	0.00	0.00	0.00	0.00	0.00	0.00/-23.26	0.00	0.00
300278	华昌达	0	0	0.00	0.00	0.00	0.00	0.00	0.00/-23.26	0.00	0.00
300279	和晶科技	0	0	0.00	0.00	0.00	0.00	0.00	0.00/-23.26	0.00	0.00
300281	金明精机	0	0	0.00	0.00	0.00	0.00	0.00	0.00/-23.26	0.00	0.00
300283	温州宏丰	0	0	0.00	0.00	0.00	0.00	0.00	0.00/-23.26	0.00	0.00
300284	苏交科	0	0	0.00	0.00	0.00	0.00	0.00	0.00/-23.26	0.00	0.00
300286	安科瑞	0	0	0.00	0.00	0.00	0.00	0.00	0.00/-23.26	0.00	0.00
300287	飞利信	0	0	0.00	0.00	0.00	0.00	0.00	0.00/-23.26	0.00	0.00
300288	朗玛信息	0	0	0.00	0.00	0.00	0.00	0.00	0.00/-23.26	0.00	0.00
300289	利德曼	0	0	0.00	0.00	0.00	0.00	0.00	0.00/-23.26	0.00	0.00
300290	ST荣科	0	0	0.00	0.00	0.00	0.00	0.00	0.00/-23.26	0.00	0.00
300291	百纳千成	0	0	0.00	0.00	0.00	0.00	0.00	0.00/-23.26	0.00	0.00
300292	吴通控股	0	0	0.00	0.00	0.00	0.00	0.00	0.00/-23.26	0.00	0.00
300293	蓝英装备	0	0	0.00	0.00	0.00	0.00	0.00	0.00/-23.26	0.00	0.00
300294	博雅生物	0	0	0.00	0.00	0.00	0.00	0.00	0.00/-23.26	0.00	0.00
300295	*ST三六	0	0	0.00	0.00	0.00	0.00	0.00	0.00/-23.26	0.00	0.00
300296	利亚德	0	0	0.00	0.00	0.00	0.00	0.00	0.00/-23.26	0.00	0.00
300298	三诺生物	0	0	0.00	0.00	0.00	0.00	0.00	0.00/-23.26	0.00	0.00
300299	富春股份	0	0	0.00	0.00	0.00	0.00	0.00	0.00/-23.26	0.00	0.00
300300	海峡创新	0	0	0.00	0.00	0.00	0.00	0.00	0.00/-23.26	0.00	0.00
300301	ST长方	0	0	0.00	0.00	0.00	0.00	0.00	0.00/-23.26	0.00	0.00
300302	同有科技	0	0	0.00	0.00	0.00	0.00	0.00	0.00/-23.26	0.00	0.00
300303	聚飞光电	0	0	0.00	0.00	0.00	0.00	0.00	0.00/-23.26	0.00	0.00
300305	裕兴股份	0	0	0.00	0.00	0.00	0.00	0.00	0.00/-23.26	0.00	0.00
300306	远方信息	0	0	0.00	0.00	0.00	0.00	0.00	0.00/-23.26	0.00	0.00
300307	慈星股份	0	0	0.00	0.00	0.00	0.00	0.00	0.00/-23.26	0.00	0.00
300310	宜通世纪	0	0	0.00	0.00	0.00	0.00	0.00	0.00/-23.26	0.00	0.00
300311	任子行	0	0	0.00	0.00	0.00	0.00	0.00	0.00/-23.26	0.00	0.00
300313	天山生物	0	0	0.00	0.00	0.00	0.00	0.00	0.00/-23.26	0.00	0.00
300314	戴维医疗	0	0	0.00	0.00	0.00	0.00	0.00	0.00/-23.26	0.00	0.00
300315	掌趣科技	0	0	0.00	0.00	0.00	0.00	0.00	0.00/-23.26	0.00	0.00
300316	晶盛机电	0	0	0.00	0.00	0.00	0.00	0.00	0.00/-23.26	0.00	0.00
300317	珈伟新能	0	0	0.00	0.00	0.00	0.00	0.00	0.00/-23.26	0.00	0.00
300318	博晖创新	0	0	0.00	0.00	0.00	0.00	0.00	0.00/-23.26	0.00	0.00
300319	麦捷科技	0	0	0.00	0.00	0.00	0.00	0.00	0.00/-23.26	0.00	0.00
300320	海达股份	0	0	0.00	0.00	0.00	0.00	0.00	0.00/-23.26	0.00	0.00
300321	同大股份	0	0	0.00	0.00	0.00	0.00	0.00	0.00/-23.26	0.00	0.00
300322	硕贝德	0	0	0.00	0.00	0.00	0.00	0.00	0.00/-23.26	0.00	0.00
300323	华灿光电	0	0	0.00	0.00	0.00	0.00	0.00	0.00/-23.26	0.00	0.00
300324	旋极信息	0	0	0.00	0.00	0.00	0.00	0.00	0.00/-23.26	0.00	0.00
300326	ST凯利	0	0	0.00	0.00	0.00	0.00	0.00	0.00/-23.26	0.00	0.00
300327	中颖电子	0	0	0.00	0.00	0.00	0.00	0.00	0.00/-23.26	0.00	0.00
300329	海伦钢琴	0	0	0.00	0.00	0.00	0.00	0.00	0.00/-23.26	0.00	0.00
300331	苏大维格	0	0	0.00	0.00	0.00	0.00	0.00	0.00/-23.26	0.00	0.00
300332	天壕能源	0	0	0.00	0.00	0.00	0.00	0.00	0.00/-23.26	0.00	0.00
300333	兆日科技	0	0	0.00	0.00	0.00	0.00	0.00	0.00/-23.26	0.00	0.00
300334	津膜科技	0	0	0.00	0.00	0.00	0.00	0.00	0.00/-23.26	0.00	0.00
300335	迪森股份	0	0	0.00	0.00	0.00	0.00	0.00	0.00/-23.26	0.00	0.00
300337	银邦股份	0	0	0.00	0.00	0.00	0.00	0.00	0.00/-23.26	0.00	0.00
300338	*ST开元	0	0	0.00	0.00	0.00	0.00	0.00	0.00/-23.26	0.00	0.00
300339	润和软件	0	0	0.00	0.00	0.00	0.00	0.00	0.00/-23.26	0.00	0.00
300340	科恒股份	0	0	0.00	0.00	0.00	0.00	0.00	0.00/-23.26	0.00	0.00
300341	麦克奥迪	0	0	0.00	0.00	0.00	0.00	0.00	0.00/-23.26	0.00	0.00
300342	天银机电	0	0	0.00	0.00	0.00	0.00	0.00	0.00/-23.26	0.00	0.00
300343	联创股份	0	0	0.00	0.00	0.00	0.00	0.00	0.00/-23.26	0.00	0.00
300345	华民股份	0	0	0.00	0.00	0.00	0.00	0.00	0.00/-23.26	0.00	0.00
300346	南大光电	0	0	0.00	0.00	0.00	0.00	0.00	0.00/-23.26	0.00	0.00
300347	泰格医药	0	0	0.00	0.00	0.00	0.00	0.00	0.00/-23.26	0.00	0.00
300348	长亮科技	0	0	0.00	0.00	0.00	0.00	0.00	0.00/-23.26	0.00	0.00
300349	金卡智能	0	0	0.00	0.00	0.00	0.00	0.00	0.00/-23.26	0.00	0.00
300350	华鹏飞	0	0	0.00	0.00	0.00	0.00	0.00	0.00/-23.26	0.00	0.00
300351	永贵电器	0	0	0.00	0.00	0.00	0.00	0.00	0.00/-23.26	0.00	0.00
300352	ST信源	0	0	0.00	0.00	0.00	0.00	0.00	0.00/-23.26	0.00	0.00
300353	东土科技	0	0	0.00	0.00	0.00	0.00	0.00	0.00/-23.26	0.00	0.00
300354	东华测试	0	0	0.00	0.00	0.00	0.00	0.00	0.00/-23.26	0.00	0.00
300359	全通教育	0	0	0.00	0.00	0.00	0.00	0.00	0.00/-23.26	0.00	0.00
300360	炬华科技	0	0	0.00	0.00	0.00	0.00	0.00	0.00/-23.26	0.00	0.00
300363	博腾股份	0	0	0.00	0.00	0.00	0.00	0.00	0.00/-23.26	0.00	0.00
300364	中文在线	0	0	0.00	0.00	0.00	0.00	0.00	0.00/-23.26	0.00	0.00
300365	恒华科技	0	0	0.00	0.00	0.00	0.00	0.00	0.00/-23.26	0.00	0.00
300366	ST创意	0	0	0.00	0.00	0.00	0.00	0.00	0.00/-23.26	0.00	0.00
300368	汇金股份	0	0	0.00	0.00	0.00	0.00	0.00	0.00/-23.26	0.00	0.00
300369	绿盟科技	0	0	0.00	0.00	0.00	0.00	0.00	0.00/-23.26	0.00	0.00
300370	安控科技	0	0	0.00	0.00	0.00	0.00	0.00	0.00/-23.26	0.00	0.00
300371	汇中股份	0	0	0.00	0.00	0.00	0.00	0.00	0.00/-23.26	0.00	0.00
300373	扬杰科技	0	0	0.00	0.00	0.00	0.00	0.00	0.00/-23.26	0.00	0.00
300374	中铁装配	0	0	0.00	0.00	0.00	0.00	0.00	0.00/-23.26	0.00	0.00
300375	鹏翎股份	0	0	0.00	0.00	0.00	0.00	0.00	0.00/-23.26	0.00	0.00
300376	易事特	0	0	0.00	0.00	0.00	0.00	0.00	0.00/-23.26	0.00	0.00
300377	赢时胜	0	0	0.00	0.00	0.00	0.00	0.00	0.00/-23.26	0.00	0.00
300378	鼎捷数智	0	0	0.00	0.00	0.00	0.00	0.00	0.00/-23.26	0.00	0.00
300380	安硕信息	0	0	0.00	0.00	0.00	0.00	0.00	0.00/-23.26	0.00	0.00
300381	溢多利	0	0	0.00	0.00	0.00	0.00	0.00	0.00/-23.26	0.00	0.00
300382	斯莱克	0	0	0.00	0.00	0.00	0.00	0.00	0.00/-23.26	0.00	0.00
300384	三联虹普	0	0	0.00	0.00	0.00	0.00	0.00	0.00/-23.26	0.00	0.00
300385	ST雪浪	0	0	0.00	0.00	0.00	0.00	0.00	0.00/-23.26	0.00	0.00
300386	飞天诚信	0	0	0.00	0.00	0.00	0.00	0.00	0.00/-23.26	0.00	0.00
300387	富邦科技	0	0	0.00	0.00	0.00	0.00	0.00	0.00/-23.26	0.00	0.00
300388	节能国祯	0	0	0.00	0.00	0.00	0.00	0.00	0.00/-23.26	0.00	0.00
300389	艾比森	0	0	0.00	0.00	0.00	0.00	0.00	0.00/-23.26	0.00	0.00
300390	天华新能	0	0	0.00	0.00	0.00	0.00	0.00	0.00/-23.26	0.00	0.00
300393	中来股份	0	0	0.00	0.00	0.00	0.00	0.00	0.00/-23.26	0.00	0.00
300394	天孚通信	0	0	0.00	0.00	0.00	0.00	0.00	0.00/-23.26	0.00	0.00
300395	菲利华	0	0	0.00	0.00	0.00	0.00	0.00	0.00/-23.26	0.00	0.00
300396	ST迪瑞	0	0	0.00	0.00	0.00	0.00	0.00	0.00/-23.26	0.00	0.00
300397	天和防务	0	0	0.00	0.00	0.00	0.00	0.00	0.00/-23.26	0.00	0.00
300398	飞凯材料	0	0	0.00	0.00	0.00	0.00	0.00	0.00/-23.26	0.00	0.00
300399	天利科技	0	0	0.00	0.00	0.00	0.00	0.00	0.00/-23.26	0.00	0.00
300400	劲拓股份	0	0	0.00	0.00	0.00	0.00	0.00	0.00/-23.26	0.00	0.00
300401	花园生物	0	0	0.00	0.00	0.00	0.00	0.00	0.00/-23.26	0.00	0.00
300402	宝色股份	0	0	0.00	0.00	0.00	0.00	0.00	0.00/-23.26	0.00	0.00
300403	汉宇集团	0	0	0.00	0.00	0.00	0.00	0.00	0.00/-23.26	0.00	0.00
300404	博济医药	0	0	0.00	0.00	0.00	0.00	0.00	0.00/-23.26	0.00	0.00
300405	科隆股份	0	0	0.00	0.00	0.00	0.00	0.00	0.00/-23.26	0.00	0.00
300406	九强生物	0	0	0.00	0.00	0.00	0.00	0.00	0.00/-23.26	0.00	0.00
300407	凯发电气	0	0	0.00	0.00	0.00	0.00	0.00	0.00/-23.26	0.00	0.00
300409	道氏技术	0	0	0.00	0.00	0.00	0.00	0.00	0.00/-23.26	0.00	0.00
300410	正业科技	0	0	0.00	0.00	0.00	0.00	0.00	0.00/-23.26	0.00	0.00
300411	金盾股份	0	0	0.00	0.00	0.00	0.00	0.00	0.00/-23.26	0.00	0.00
300412	迦南科技	0	0	0.00	0.00	0.00	0.00	0.00	0.00/-23.26	0.00	0.00
300413	芒果超媒	0	0	0.00	0.00	0.00	0.00	0.00	0.00/-23.26	0.00	0.00
300414	中光防雷	0	0	0.00	0.00	0.00	0.00	0.00	0.00/-23.26	0.00	0.00
300416	苏试试验	0	0	0.00	0.00	0.00	0.00	0.00	0.00/-23.26	0.00	0.00
300417	南华仪器	0	0	0.00	0.00	0.00	0.00	0.00	0.00/-23.26	0.00	0.00
300418	昆仑万维	0	0	0.00	0.00	0.00	0.00	0.00	0.00/-23.26	0.00	0.00
300419	ST浩丰	0	0	0.00	0.00	0.00	0.00	0.00	0.00/-23.26	0.00	0.00
300420	五洋自控	0	0	0.00	0.00	0.00	0.00	0.00	0.00/-23.26	0.00	0.00
300421	力星股份	0	0	0.00	0.00	0.00	0.00	0.00	0.00/-23.26	0.00	0.00
300422	博世科	0	0	0.00	0.00	0.00	0.00	0.00	0.00/-23.26	0.00	0.00
300423	昇辉科技	0	0	0.00	0.00	0.00	0.00	0.00	0.00/-23.26	0.00	0.00
300424	航新科技	0	0	0.00	0.00	0.00	0.00	0.00	0.00/-23.26	0.00	0.00
300425	中建环能	0	0	0.00	0.00	0.00	0.00	0.00	0.00/-23.26	0.00	0.00
300426	华智数媒	0	0	0.00	0.00	0.00	0.00	0.00	0.00/-23.26	0.00	0.00
300427	红相股份	0	0	0.00	0.00	0.00	0.00	0.00	0.00/-23.26	0.00	0.00
300428	立中集团	0	0	0.00	0.00	0.00	0.00	0.00	0.00/-23.26	0.00	0.00
300429	强力新材	0	0	0.00	0.00	0.00	0.00	0.00	0.00/-23.26	0.00	0.00
300430	*ST益通	0	0	0.00	0.00	0.00	0.00	0.00	0.00/-23.26	0.00	0.00
300432	富临精工	0	0	0.00	0.00	0.00	0.00	0.00	0.00/-23.26	0.00	0.00
300433	蓝思科技	0	0	0.00	0.00	0.00	0.00	0.00	0.00/-23.26	0.00	0.00
300434	金石亚药	0	0	0.00	0.00	0.00	0.00	0.00	0.00/-23.26	0.00	0.00
300435	中泰股份	0	0	0.00	0.00	0.00	0.00	0.00	0.00/-23.26	0.00	0.00
300436	广生堂	0	0	0.00	0.00	0.00	0.00	0.00	0.00/-23.26	0.00	0.00
300437	清水源	0	0	0.00	0.00	0.00	0.00	0.00	0.00/-23.26	0.00	0.00
300438	鹏辉能源	0	0	0.00	0.00	0.00	0.00	0.00	0.00/-23.26	0.00	0.00
300439	美康生物	0	0	0.00	0.00	0.00	0.00	0.00	0.00/-23.26	0.00	0.00
300441	鲍斯股份	0	0	0.00	0.00	0.00	0.00	0.00	0.00/-23.26	0.00	0.00
300442	润泽科技	0	0	0.00	0.00	0.00	0.00	0.00	0.00/-23.26	0.00	0.00
300443	金雷股份	0	0	0.00	0.00	0.00	0.00	0.00	0.00/-23.26	0.00	0.00
300444	双杰电气	0	0	0.00	0.00	0.00	0.00	0.00	0.00/-23.26	0.00	0.00
300445	康斯特	0	0	0.00	0.00	0.00	0.00	0.00	0.00/-23.26	0.00	0.00
300446	航天智造	0	0	0.00	0.00	0.00	0.00	0.00	0.00/-23.26	0.00	0.00
300447	全信股份	0	0	0.00	0.00	0.00	0.00	0.00	0.00/-23.26	0.00	0.00
300448	浩云科技	0	0	0.00	0.00	0.00	0.00	0.00	0.00/-23.26	0.00	0.00
300449	汉邦高科	0	0	0.00	0.00	0.00	0.00	0.00	0.00/-23.26	0.00	0.00
300450	先导智能	0	0	0.00	0.00	0.00	0.00	0.00	0.00/-23.26	0.00	0.00
300451	创业慧康	0	0	0.00	0.00	0.00	0.00	0.00	0.00/-23.26	0.00	0.00
300452	山河药辅	0	0	0.00	0.00	0.00	0.00	0.00	0.00/-23.26	0.00	0.00
300453	三鑫医疗	0	0	0.00	0.00	0.00	0.00	0.00	0.00/-23.26	0.00	0.00
300455	航天智装	0	0	0.00	0.00	0.00	0.00	0.00	0.00/-23.26	0.00	0.00
300456	赛微电子	0	0	0.00	0.00	0.00	0.00	0.00	0.00/-23.26	0.00	0.00
300457	赢合科技	0	0	0.00	0.00	0.00	0.00	0.00	0.00/-23.26	0.00	0.00
300458	全志科技	0	0	0.00	0.00	0.00	0.00	0.00	0.00/-23.26	0.00	0.00
300459	汤姆猫	0	0	0.00	0.00	0.00	0.00	0.00	0.00/-23.26	0.00	0.00
300460	ST惠伦	0	0	0.00	0.00	0.00	0.00	0.00	0.00/-23.26	0.00	0.00
300461	田中精机	0	0	0.00	0.00	0.00	0.00	0.00	0.00/-23.26	0.00	0.00
300462	ST华铭	0	0	0.00	0.00	0.00	0.00	0.00	0.00/-23.26	0.00	0.00
300463	迈克生物	0	0	0.00	0.00	0.00	0.00	0.00	0.00/-23.26	0.00	0.00
300464	星徽股份	0	0	0.00	0.00	0.00	0.00	0.00	0.00/-23.26	0.00	0.00
300465	高伟达	0	0	0.00	0.00	0.00	0.00	0.00	0.00/-23.26	0.00	0.00
300466	赛摩智能	0	0	0.00	0.00	0.00	0.00	0.00	0.00/-23.26	0.00	0.00
300468	四方精创	0	0	0.00	0.00	0.00	0.00	0.00	0.00/-23.26	0.00	0.00
300469	信息发展	0	0	0.00	0.00	0.00	0.00	0.00	0.00/-23.26	0.00	0.00
300470	中密控股	0	0	0.00	0.00	0.00	0.00	0.00	0.00/-23.26	0.00	0.00
300471	厚普股份	0	0	0.00	0.00	0.00	0.00	0.00	0.00/-23.26	0.00	0.00
300472	ST新元	0	0	0.00	0.00	0.00	0.00	0.00	0.00/-23.26	0.00	0.00
300473	德尔股份	0	0	0.00	0.00	0.00	0.00	0.00	0.00/-23.26	0.00	0.00
300474	景嘉微	0	0	0.00	0.00	0.00	0.00	0.00	0.00/-23.26	0.00	0.00
300475	香农芯创	0	0	0.00	0.00	0.00	0.00	0.00	0.00/-23.26	0.00	0.00
300476	胜宏科技	0	0	0.00	0.00	0.00	0.00	0.00	0.00/-23.26	0.00	0.00
300477	ST合纵	0	0	0.00	0.00	0.00	0.00	0.00	0.00/-23.26	0.00	0.00
300478	杭州高新	0	0	0.00	0.00	0.00	0.00	0.00	0.00/-23.26	0.00	0.00
300479	神思电子	0	0	0.00	0.00	0.00	0.00	0.00	0.00/-23.26	0.00	0.00
300480	光力科技	0	0	0.00	0.00	0.00	0.00	0.00	0.00/-23.26	0.00	0.00
300481	濮阳惠成	0	0	0.00	0.00	0.00	0.00	0.00	0.00/-23.26	0.00	0.00
300482	万孚生物	0	0	0.00	0.00	0.00	0.00	0.00	0.00/-23.26	0.00	0.00
300483	首华燃气	0	0	0.00	0.00	0.00	0.00	0.00	0.00/-23.26	0.00	0.00
300484	蓝海华腾	0	0	0.00	0.00	0.00	0.00	0.00	0.00/-23.26	0.00	0.00
300485	赛升药业	0	0	0.00	0.00	0.00	0.00	0.00	0.00/-23.26	0.00	0.00
300486	东杰智能	0	0	0.00	0.00	0.00	0.00	0.00	0.00/-23.26	0.00	0.00
300487	蓝晓科技	0	0	0.00	0.00	0.00	0.00	0.00	0.00/-23.26	0.00	0.00
300488	恒锋工具	0	0	0.00	0.00	0.00	0.00	0.00	0.00/-23.26	0.00	0.00
300489	光智科技	0	0	0.00	0.00	0.00	0.00	0.00	0.00/-23.26	0.00	0.00
300490	华自科技	0	0	0.00	0.00	0.00	0.00	0.00	0.00/-23.26	0.00	0.00
300491	通合科技	0	0	0.00	0.00	0.00	0.00	0.00	0.00/-23.26	0.00	0.00
300492	华图山鼎	0	0	0.00	0.00	0.00	0.00	0.00	0.00/-23.26	0.00	0.00
300493	润欣科技	0	0	0.00	0.00	0.00	0.00	0.00	0.00/-23.26	0.00	0.00
300494	盛天网络	0	0	0.00	0.00	0.00	0.00	0.00	0.00/-23.26	0.00	0.00
300497	富祥股份	0	0	0.00	0.00	0.00	0.00	0.00	0.00/-23.26	0.00	0.00
300498	温氏股份	0	0	0.00	0.00	0.00	0.00	0.00	0.00/-23.26	0.00	0.00
300499	高澜股份	0	0	0.00	0.00	0.00	0.00	0.00	0.00/-23.26	0.00	0.00
300500	启迪设计	0	0	0.00	0.00	0.00	0.00	0.00	0.00/-23.26	0.00	0.00
300501	海顺新材	0	0	0.00	0.00	0.00	0.00	0.00	0.00/-23.26	0.00	0.00
300502	新易盛	0	0	0.00	0.00	0.00	0.00	0.00	0.00/-23.26	0.00	0.00
300503	昊志机电	0	0	0.00	0.00	0.00	0.00	0.00	0.00/-23.26	0.00	0.00
300504	天邑股份	0	0	0.00	0.00	0.00	0.00	0.00	0.00/-23.26	0.00	0.00
300505	川金诺	0	0	0.00	0.00	0.00	0.00	0.00	0.00/-23.26	0.00	0.00
300506	名家汇	0	0	0.00	0.00	0.00	0.00	0.00	0.00/-23.26	0.00	0.00
300507	苏奥传感	0	0	0.00	0.00	0.00	0.00	0.00	0.00/-23.26	0.00	0.00
300508	维宏股份	0	0	0.00	0.00	0.00	0.00	0.00	0.00/-23.26	0.00	0.00
300509	新美星	0	0	0.00	0.00	0.00	0.00	0.00	0.00/-23.26	0.00	0.00
300510	金冠股份	0	0	0.00	0.00	0.00	0.00	0.00	0.00/-23.26	0.00	0.00
300511	雪榕生物	0	0	0.00	0.00	0.00	0.00	0.00	0.00/-23.26	0.00	0.00
300512	中亚股份	0	0	0.00	0.00	0.00	0.00	0.00	0.00/-23.26	0.00	0.00
300513	恒实科技	0	0	0.00	0.00	0.00	0.00	0.00	0.00/-23.26	0.00	0.00
300514	友讯达	0	0	0.00	0.00	0.00	0.00	0.00	0.00/-23.26	0.00	0.00
300515	三德科技	0	0	0.00	0.00	0.00	0.00	0.00	0.00/-23.26	0.00	0.00
300516	久之洋	0	0	0.00	0.00	0.00	0.00	0.00	0.00/-23.26	0.00	0.00
300517	海波重科	0	0	0.00	0.00	0.00	0.00	0.00	0.00/-23.26	0.00	0.00
300518	新迅达	0	0	0.00	0.00	0.00	0.00	0.00	0.00/-23.26	0.00	0.00
300519	新光药业	0	0	0.00	0.00	0.00	0.00	0.00	0.00/-23.26	0.00	0.00
300520	科大国创	0	0	0.00	0.00	0.00	0.00	0.00	0.00/-23.26	0.00	0.00
300521	爱司凯	0	0	0.00	0.00	0.00	0.00	0.00	0.00/-23.26	0.00	0.00
300522	世名科技	0	0	0.00	0.00	0.00	0.00	0.00	0.00/-23.26	0.00	0.00
300523	辰安科技	0	0	0.00	0.00	0.00	0.00	0.00	0.00/-23.26	0.00	0.00
300525	博思软件	0	0	0.00	0.00	0.00	0.00	0.00	0.00/-23.26	0.00	0.00
300527	中船应急	0	0	0.00	0.00	0.00	0.00	0.00	0.00/-23.26	0.00	0.00
300528	幸福蓝海	0	0	0.00	0.00	0.00	0.00	0.00	0.00/-23.26	0.00	0.00
300529	健帆生物	0	0	0.00	0.00	0.00	0.00	0.00	0.00/-23.26	0.00	0.00
300530	领湃科技	0	0	0.00	0.00	0.00	0.00	0.00	0.00/-23.26	0.00	0.00
300531	优博讯	0	0	0.00	0.00	0.00	0.00	0.00	0.00/-23.26	0.00	0.00
300532	今天国际	0	0	0.00	0.00	0.00	0.00	0.00	0.00/-23.26	0.00	0.00
300533	冰川网络	0	0	0.00	0.00	0.00	0.00	0.00	0.00/-23.26	0.00	0.00
300534	陇神戎发	0	0	0.00	0.00	0.00	0.00	0.00	0.00/-23.26	0.00	0.00
300535	达威股份	0	0	0.00	0.00	0.00	0.00	0.00	0.00/-23.26	0.00	0.00
300536	农尚环境	0	0	0.00	0.00	0.00	0.00	0.00	0.00/-23.26	0.00	0.00
300537	广信材料	0	0	0.00	0.00	0.00	0.00	0.00	0.00/-23.26	0.00	0.00
300538	同益股份	0	0	0.00	0.00	0.00	0.00	0.00	0.00/-23.26	0.00	0.00
300539	横河精密	0	0	0.00	0.00	0.00	0.00	0.00	0.00/-23.26	0.00	0.00
300540	蜀道装备	0	0	0.00	0.00	0.00	0.00	0.00	0.00/-23.26	0.00	0.00
300541	先进数通	0	0	0.00	0.00	0.00	0.00	0.00	0.00/-23.26	0.00	0.00
300542	新晨科技	0	0	0.00	0.00	0.00	0.00	0.00	0.00/-23.26	0.00	0.00
300543	朗科智能	0	0	0.00	0.00	0.00	0.00	0.00	0.00/-23.26	0.00	0.00
300545	联得装备	0	0	0.00	0.00	0.00	0.00	0.00	0.00/-23.26	0.00	0.00
300546	雄帝科技	0	0	0.00	0.00	0.00	0.00	0.00	0.00/-23.26	0.00	0.00
300547	川环科技	0	0	0.00	0.00	0.00	0.00	0.00	0.00/-23.26	0.00	0.00
300548	长芯博创	0	0	0.00	0.00	0.00	0.00	0.00	0.00/-23.26	0.00	0.00
300549	优德精密	0	0	0.00	0.00	0.00	0.00	0.00	0.00/-23.26	0.00	0.00
300550	和仁科技	0	0	0.00	0.00	0.00	0.00	0.00	0.00/-23.26	0.00	0.00
300551	古鳌科技	0	0	0.00	0.00	0.00	0.00	0.00	0.00/-23.26	0.00	0.00
300552	万集科技	0	0	0.00	0.00	0.00	0.00	0.00	0.00/-23.26	0.00	0.00
300553	集智股份	0	0	0.00	0.00	0.00	0.00	0.00	0.00/-23.26	0.00	0.00
300554	三超新材	0	0	0.00	0.00	0.00	0.00	0.00	0.00/-23.26	0.00	0.00
300555	ST路通	0	0	0.00	0.00	0.00	0.00	0.00	0.00/-23.26	0.00	0.00
300556	丝路视觉	0	0	0.00	0.00	0.00	0.00	0.00	0.00/-23.26	0.00	0.00
300557	理工光科	0	0	0.00	0.00	0.00	0.00	0.00	0.00/-23.26	0.00	0.00
300558	贝达药业	0	0	0.00	0.00	0.00	0.00	0.00	0.00/-23.26	0.00	0.00
300559	佳发教育	0	0	0.00	0.00	0.00	0.00	0.00	0.00/-23.26	0.00	0.00
300560	中富通	0	0	0.00	0.00	0.00	0.00	0.00	0.00/-23.26	0.00	0.00
300561	汇金科技	0	0	0.00	0.00	0.00	0.00	0.00	0.00/-23.26	0.00	0.00
300562	乐心股份	0	0	0.00	0.00	0.00	0.00	0.00	0.00/-23.26	0.00	0.00
300563	神宇股份	0	0	0.00	0.00	0.00	0.00	0.00	0.00/-23.26	0.00	0.00
300564	筑博设计	0	0	0.00	0.00	0.00	0.00	0.00	0.00/-23.26	0.00	0.00
300565	科信技术	0	0	0.00	0.00	0.00	0.00	0.00	0.00/-23.26	0.00	0.00
300566	激智科技	0	0	0.00	0.00	0.00	0.00	0.00	0.00/-23.26	0.00	0.00
300567	精测电子	0	0	0.00	0.00	0.00	0.00	0.00	0.00/-23.26	0.00	0.00
300568	星源材质	0	0	0.00	0.00	0.00	0.00	0.00	0.00/-23.26	0.00	0.00
300569	天能重工	0	0	0.00	0.00	0.00	0.00	0.00	0.00/-23.26	0.00	0.00
300570	太辰光	0	0	0.00	0.00	0.00	0.00	0.00	0.00/-23.26	0.00	0.00
300572	安车检测	0	0	0.00	0.00	0.00	0.00	0.00	0.00/-23.26	0.00	0.00
300573	兴齐眼药	0	0	0.00	0.00	0.00	0.00	0.00	0.00/-23.26	0.00	0.00
300575	中旗股份	0	0	0.00	0.00	0.00	0.00	0.00	0.00/-23.26	0.00	0.00
300576	容大感光	0	0	0.00	0.00	0.00	0.00	0.00	0.00/-23.26	0.00	0.00
300577	开润股份	0	0	0.00	0.00	0.00	0.00	0.00	0.00/-23.26	0.00	0.00
300578	会畅科技	0	0	0.00	0.00	0.00	0.00	0.00	0.00/-23.26	0.00	0.00
300579	数字认证	0	0	0.00	0.00	0.00	0.00	0.00	0.00/-23.26	0.00	0.00
300580	贝斯特	0	0	0.00	0.00	0.00	0.00	0.00	0.00/-23.26	0.00	0.00
300581	晨曦航空	0	0	0.00	0.00	0.00	0.00	0.00	0.00/-23.26	0.00	0.00
300582	英飞特	0	0	0.00	0.00	0.00	0.00	0.00	0.00/-23.26	0.00	0.00
300583	赛托生物	0	0	0.00	0.00	0.00	0.00	0.00	0.00/-23.26	0.00	0.00
300584	海辰药业	0	0	0.00	0.00	0.00	0.00	0.00	0.00/-23.26	0.00	0.00
300585	奥联电子	0	0	0.00	0.00	0.00	0.00	0.00	0.00/-23.26	0.00	0.00
300586	美联新材	0	0	0.00	0.00	0.00	0.00	0.00	0.00/-23.26	0.00	0.00
300587	天铁科技	0	0	0.00	0.00	0.00	0.00	0.00	0.00/-23.26	0.00	0.00
300588	熙菱信息	0	0	0.00	0.00	0.00	0.00	0.00	0.00/-23.26	0.00	0.00
300589	江龙船艇	0	0	0.00	0.00	0.00	0.00	0.00	0.00/-23.26	0.00	0.00
300590	移为通信	0	0	0.00	0.00	0.00	0.00	0.00	0.00/-23.26	0.00	0.00
300591	万里马	0	0	0.00	0.00	0.00	0.00	0.00	0.00/-23.26	0.00	0.00
300592	华凯易佰	0	0	0.00	0.00	0.00	0.00	0.00	0.00/-23.26	0.00	0.00
300593	新雷能	0	0	0.00	0.00	0.00	0.00	0.00	0.00/-23.26	0.00	0.00
300594	ST朗进	0	0	0.00	0.00	0.00	0.00	0.00	0.00/-23.26	0.00	0.00
300595	欧普康视	0	0	0.00	0.00	0.00	0.00	0.00	0.00/-23.26	0.00	0.00
300596	利安隆	0	0	0.00	0.00	0.00	0.00	0.00	0.00/-23.26	0.00	0.00
300597	吉大通信	0	0	0.00	0.00	0.00	0.00	0.00	0.00/-23.26	0.00	0.00
300598	诚迈科技	0	0	0.00	0.00	0.00	0.00	0.00	0.00/-23.26	0.00	0.00
300599	雄塑科技	0	0	0.00	0.00	0.00	0.00	0.00	0.00/-23.26	0.00	0.00
300600	国瑞科技	0	0	0.00	0.00	0.00	0.00	0.00	0.00/-23.26	0.00	0.00
300602	飞荣达	0	0	0.00	0.00	0.00	0.00	0.00	0.00/-23.26	0.00	0.00
300603	立昂技术	0	0	0.00	0.00	0.00	0.00	0.00	0.00/-23.26	0.00	0.00
300604	长川科技	0	0	0.00	0.00	0.00	0.00	0.00	0.00/-23.26	0.00	0.00
300605	恒锋信息	0	0	0.00	0.00	0.00	0.00	0.00	0.00/-23.26	0.00	0.00
300606	金太阳	0	0	0.00	0.00	0.00	0.00	0.00	0.00/-23.26	0.00	0.00
300607	拓斯达	0	0	0.00	0.00	0.00	0.00	0.00	0.00/-23.26	0.00	0.00
300608	思特奇	0	0	0.00	0.00	0.00	0.00	0.00	0.00/-23.26	0.00	0.00
300609	汇纳科技	0	0	0.00	0.00	0.00	0.00	0.00	0.00/-23.26	0.00	0.00
300610	晨化股份	0	0	0.00	0.00	0.00	0.00	0.00	0.00/-23.26	0.00	0.00
300611	美力科技	0	0	0.00	0.00	0.00	0.00	0.00	0.00/-23.26	0.00	0.00
300612	宣亚国际	0	0	0.00	0.00	0.00	0.00	0.00	0.00/-23.26	0.00	0.00
300613	富瀚微	0	0	0.00	0.00	0.00	0.00	0.00	0.00/-23.26	0.00	0.00
300614	百川畅银	0	0	0.00	0.00	0.00	0.00	0.00	0.00/-23.26	0.00	0.00
300615	欣天科技	0	0	0.00	0.00	0.00	0.00	0.00	0.00/-23.26	0.00	0.00
300616	尚品宅配	0	0	0.00	0.00	0.00	0.00	0.00	0.00/-23.26	0.00	0.00
300617	安靠智电	0	0	0.00	0.00	0.00	0.00	0.00	0.00/-23.26	0.00	0.00
300618	寒锐钴业	0	0	0.00	0.00	0.00	0.00	0.00	0.00/-23.26	0.00	0.00
300619	金银河	0	0	0.00	0.00	0.00	0.00	0.00	0.00/-23.26	0.00	0.00
300620	光库科技	0	0	0.00	0.00	0.00	0.00	0.00	0.00/-23.26	0.00	0.00
300621	维业股份	0	0	0.00	0.00	0.00	0.00	0.00	0.00/-23.26	0.00	0.00
300622	博士眼镜	0	0	0.00	0.00	0.00	0.00	0.00	0.00/-23.26	0.00	0.00
300623	捷捷微电	0	0	0.00	0.00	0.00	0.00	0.00	0.00/-23.26	0.00	0.00
300624	万兴科技	0	0	0.00	0.00	0.00	0.00	0.00	0.00/-23.26	0.00	0.00
300625	三雄极光	0	0	0.00	0.00	0.00	0.00	0.00	0.00/-23.26	0.00	0.00
300626	华瑞股份	0	0	0.00	0.00	0.00	0.00	0.00	0.00/-23.26	0.00	0.00
300628	亿联网络	0	0	0.00	0.00	0.00	0.00	0.00	0.00/-23.26	0.00	0.00
300629	新劲刚	0	0	0.00	0.00	0.00	0.00	0.00	0.00/-23.26	0.00	0.00
300631	久吾高科	0	0	0.00	0.00	0.00	0.00	0.00	0.00/-23.26	0.00	0.00
300633	开立医疗	0	0	0.00	0.00	0.00	0.00	0.00	0.00/-23.26	0.00	0.00
300634	彩讯股份	0	0	0.00	0.00	0.00	0.00	0.00	0.00/-23.26	0.00	0.00
300635	中达安	0	0	0.00	0.00	0.00	0.00	0.00	0.00/-23.26	0.00	0.00
300636	同和药业	0	0	0.00	0.00	0.00	0.00	0.00	0.00/-23.26	0.00	0.00
300637	扬帆新材	0	0	0.00	0.00	0.00	0.00	0.00	0.00/-23.26	0.00	0.00
300638	广和通	0	0	0.00	0.00	0.00	0.00	0.00	0.00/-23.26	0.00	0.00
300639	凯普生物	0	0	0.00	0.00	0.00	0.00	0.00	0.00/-23.26	0.00	0.00
300640	德艺文创	0	0	0.00	0.00	0.00	0.00	0.00	0.00/-23.26	0.00	0.00
300641	正丹股份	0	0	0.00	0.00	0.00	0.00	0.00	0.00/-23.26	0.00	0.00
300642	透景生命	0	0	0.00	0.00	0.00	0.00	0.00	0.00/-23.26	0.00	0.00
300643	万通智控	0	0	0.00	0.00	0.00	0.00	0.00	0.00/-23.26	0.00	0.00
300644	南京聚隆	0	0	0.00	0.00	0.00	0.00	0.00	0.00/-23.26	0.00	0.00
300645	正元智慧	0	0	0.00	0.00	0.00	0.00	0.00	0.00/-23.26	0.00	0.00
300647	超频三	0	0	0.00	0.00	0.00	0.00	0.00	0.00/-23.26	0.00	0.00
300648	星云股份	0	0	0.00	0.00	0.00	0.00	0.00	0.00/-23.26	0.00	0.00
300649	杭州园林	0	0	0.00	0.00	0.00	0.00	0.00	0.00/-23.26	0.00	0.00
300651	金陵体育	0	0	0.00	0.00	0.00	0.00	0.00	0.00/-23.26	0.00	0.00
300652	雷迪克	0	0	0.00	0.00	0.00	0.00	0.00	0.00/-23.26	0.00	0.00
300653	正海生物	0	0	0.00	0.00	0.00	0.00	0.00	0.00/-23.26	0.00	0.00
300654	世纪天鸿	0	0	0.00	0.00	0.00	0.00	0.00	0.00/-23.26	0.00	0.00
300655	晶瑞电材	0	0	0.00	0.00	0.00	0.00	0.00	0.00/-23.26	0.00	0.00
300656	民德电子	0	0	0.00	0.00	0.00	0.00	0.00	0.00/-23.26	0.00	0.00
300657	弘信电子	0	0	0.00	0.00	0.00	0.00	0.00	0.00/-23.26	0.00	0.00
300658	延江股份	0	0	0.00	0.00	0.00	0.00	0.00	0.00/-23.26	0.00	0.00
300659	中孚信息	0	0	0.00	0.00	0.00	0.00	0.00	0.00/-23.26	0.00	0.00
300660	江苏雷利	0	0	0.00	0.00	0.00	0.00	0.00	0.00/-23.26	0.00	0.00
300661	圣邦股份	0	0	0.00	0.00	0.00	0.00	0.00	0.00/-23.26	0.00	0.00
300662	科锐国际	0	0	0.00	0.00	0.00	0.00	0.00	0.00/-23.26	0.00	0.00
300663	科蓝软件	0	0	0.00	0.00	0.00	0.00	0.00	0.00/-23.26	0.00	0.00
300664	鹏鹞环保	0	0	0.00	0.00	0.00	0.00	0.00	0.00/-23.26	0.00	0.00
300665	飞鹿股份	0	0	0.00	0.00	0.00	0.00	0.00	0.00/-23.26	0.00	0.00
300667	必创科技	0	0	0.00	0.00	0.00	0.00	0.00	0.00/-23.26	0.00	0.00
300668	杰恩股份	0	0	0.00	0.00	0.00	0.00	0.00	0.00/-23.26	0.00	0.00
300669	沪宁股份	0	0	0.00	0.00	0.00	0.00	0.00	0.00/-23.26	0.00	0.00
300670	大烨智能	0	0	0.00	0.00	0.00	0.00	0.00	0.00/-23.26	0.00	0.00
300671	富满微	0	0	0.00	0.00	0.00	0.00	0.00	0.00/-23.26	0.00	0.00
300672	国科微	0	0	0.00	0.00	0.00	0.00	0.00	0.00/-23.26	0.00	0.00
300673	佩蒂股份	0	0	0.00	0.00	0.00	0.00	0.00	0.00/-23.26	0.00	0.00
300674	宇信科技	0	0	0.00	0.00	0.00	0.00	0.00	0.00/-23.26	0.00	0.00
300675	建科院	0	0	0.00	0.00	0.00	0.00	0.00	0.00/-23.26	0.00	0.00
300676	华大基因	0	0	0.00	0.00	0.00	0.00	0.00	0.00/-23.26	0.00	0.00
300677	英科医疗	0	0	0.00	0.00	0.00	0.00	0.00	0.00/-23.26	0.00	0.00
300678	中科信息	0	0	0.00	0.00	0.00	0.00	0.00	0.00/-23.26	0.00	0.00
300679	电连技术	0	0	0.00	0.00	0.00	0.00	0.00	0.00/-23.26	0.00	0.00
300680	隆盛科技	0	0	0.00	0.00	0.00	0.00	0.00	0.00/-23.26	0.00	0.00
300681	英搏尔	0	0	0.00	0.00	0.00	0.00	0.00	0.00/-23.26	0.00	0.00
300682	朗新科技	0	0	0.00	0.00	0.00	0.00	0.00	0.00/-23.26	0.00	0.00
300683	海特生物	0	0	0.00	0.00	0.00	0.00	0.00	0.00/-23.26	0.00	0.00
300685	艾德生物	0	0	0.00	0.00	0.00	0.00	0.00	0.00/-23.26	0.00	0.00
300686	智动力	0	0	0.00	0.00	0.00	0.00	0.00	0.00/-23.26	0.00	0.00
300687	赛意信息	0	0	0.00	0.00	0.00	0.00	0.00	0.00/-23.26	0.00	0.00
300688	创业黑马	0	0	0.00	0.00	0.00	0.00	0.00	0.00/-23.26	0.00	0.00
300689	澄天伟业	0	0	0.00	0.00	0.00	0.00	0.00	0.00/-23.26	0.00	0.00
300690	双一科技	0	0	0.00	0.00	0.00	0.00	0.00	0.00/-23.26	0.00	0.00
300691	联合光电	0	0	0.00	0.00	0.00	0.00	0.00	0.00/-23.26	0.00	0.00
300692	中赋科技	0	0	0.00	0.00	0.00	0.00	0.00	0.00/-23.26	0.00	0.00
300693	盛弘股份	0	0	0.00	0.00	0.00	0.00	0.00	0.00/-23.26	0.00	0.00
300694	蠡湖股份	0	0	0.00	0.00	0.00	0.00	0.00	0.00/-23.26	0.00	0.00
300695	兆丰股份	0	0	0.00	0.00	0.00	0.00	0.00	0.00/-23.26	0.00	0.00
300697	电工合金	0	0	0.00	0.00	0.00	0.00	0.00	0.00/-23.26	0.00	0.00
300698	万马科技	0	0	0.00	0.00	0.00	0.00	0.00	0.00/-23.26	0.00	0.00
300699	光威复材	0	0	0.00	0.00	0.00	0.00	0.00	0.00/-23.26	0.00	0.00
300700	岱勒新材	0	0	0.00	0.00	0.00	0.00	0.00	0.00/-23.26	0.00	0.00
300701	森霸传感	0	0	0.00	0.00	0.00	0.00	0.00	0.00/-23.26	0.00	0.00
300702	天宇股份	0	0	0.00	0.00	0.00	0.00	0.00	0.00/-23.26	0.00	0.00
300703	创源股份	0	0	0.00	0.00	0.00	0.00	0.00	0.00/-23.26	0.00	0.00
300705	九典制药	0	0	0.00	0.00	0.00	0.00	0.00	0.00/-23.26	0.00	0.00
300706	阿石创	0	0	0.00	0.00	0.00	0.00	0.00	0.00/-23.26	0.00	0.00
300707	威唐工业	0	0	0.00	0.00	0.00	0.00	0.00	0.00/-23.26	0.00	0.00
300708	聚灿光电	0	0	0.00	0.00	0.00	0.00	0.00	0.00/-23.26	0.00	0.00
300709	精研科技	0	0	0.00	0.00	0.00	0.00	0.00	0.00/-23.26	0.00	0.00
300710	万隆光电	0	0	0.00	0.00	0.00	0.00	0.00	0.00/-23.26	0.00	0.00
300711	广哈通信	0	0	0.00	0.00	0.00	0.00	0.00	0.00/-23.26	0.00	0.00
300712	永福股份	0	0	0.00	0.00	0.00	0.00	0.00	0.00/-23.26	0.00	0.00
300713	英可瑞	0	0	0.00	0.00	0.00	0.00	0.00	0.00/-23.26	0.00	0.00
300715	凯伦股份	0	0	0.00	0.00	0.00	0.00	0.00	0.00/-23.26	0.00	0.00
300716	*ST泉为	0	0	0.00	0.00	0.00	0.00	0.00	0.00/-23.26	0.00	0.00
300717	华信新材	0	0	0.00	0.00	0.00	0.00	0.00	0.00/-23.26	0.00	0.00
300718	长盛轴承	0	0	0.00	0.00	0.00	0.00	0.00	0.00/-23.26	0.00	0.00
300719	安达维尔	0	0	0.00	0.00	0.00	0.00	0.00	0.00/-23.26	0.00	0.00
300720	海川智能	0	0	0.00	0.00	0.00	0.00	0.00	0.00/-23.26	0.00	0.00
300721	怡达股份	0	0	0.00	0.00	0.00	0.00	0.00	0.00/-23.26	0.00	0.00
300722	新余国科	0	0	0.00	0.00	0.00	0.00	0.00	0.00/-23.26	0.00	0.00
300723	一品红	0	0	0.00	0.00	0.00	0.00	0.00	0.00/-23.26	0.00	0.00
300724	捷佳伟创	0	0	0.00	0.00	0.00	0.00	0.00	0.00/-23.26	0.00	0.00
300725	药石科技	0	0	0.00	0.00	0.00	0.00	0.00	0.00/-23.26	0.00	0.00
300727	润禾材料	0	0	0.00	0.00	0.00	0.00	0.00	0.00/-23.26	0.00	0.00
300729	乐歌股份	0	0	0.00	0.00	0.00	0.00	0.00	0.00/-23.26	0.00	0.00
300730	科创信息	0	0	0.00	0.00	0.00	0.00	0.00	0.00/-23.26	0.00	0.00
300731	科创新源	0	0	0.00	0.00	0.00	0.00	0.00	0.00/-23.26	0.00	0.00
300732	设研院	0	0	0.00	0.00	0.00	0.00	0.00	0.00/-23.26	0.00	0.00
300733	西菱动力	0	0	0.00	0.00	0.00	0.00	0.00	0.00/-23.26	0.00	0.00
300735	光弘科技	0	0	0.00	0.00	0.00	0.00	0.00	0.00/-23.26	0.00	0.00
300736	百邦科技	0	0	0.00	0.00	0.00	0.00	0.00	0.00/-23.26	0.00	0.00
300737	科顺股份	0	0	0.00	0.00	0.00	0.00	0.00	0.00/-23.26	0.00	0.00
300738	奥飞数据	0	0	0.00	0.00	0.00	0.00	0.00	0.00/-23.26	0.00	0.00
300740	水羊股份	0	0	0.00	0.00	0.00	0.00	0.00	0.00/-23.26	0.00	0.00
300741	华宝股份	0	0	0.00	0.00	0.00	0.00	0.00	0.00/-23.26	0.00	0.00
300743	天地数码	0	0	0.00	0.00	0.00	0.00	0.00	0.00/-23.26	0.00	0.00
300745	欣锐科技	0	0	0.00	0.00	0.00	0.00	0.00	0.00/-23.26	0.00	0.00
300746	汉嘉数智	0	0	0.00	0.00	0.00	0.00	0.00	0.00/-23.26	0.00	0.00
300747	锐科激光	0	0	0.00	0.00	0.00	0.00	0.00	0.00/-23.26	0.00	0.00
300748	金力永磁	0	0	0.00	0.00	0.00	0.00	0.00	0.00/-23.26	0.00	0.00
300749	顶固集创	0	0	0.00	0.00	0.00	0.00	0.00	0.00/-23.26	0.00	0.00
300750	宁德时代	0	0	0.00	0.00	0.00	0.00	0.00	0.00/-23.26	0.00	0.00
300751	迈为股份	0	0	0.00	0.00	0.00	0.00	0.00	0.00/-23.26	0.00	0.00
300752	隆利科技	0	0	0.00	0.00	0.00	0.00	0.00	0.00/-23.26	0.00	0.00
300753	爱朋医疗	0	0	0.00	0.00	0.00	0.00	0.00	0.00/-23.26	0.00	0.00
300755	华致酒行	0	0	0.00	0.00	0.00	0.00	0.00	0.00/-23.26	0.00	0.00
300756	金马游乐	0	0	0.00	0.00	0.00	0.00	0.00	0.00/-23.26	0.00	0.00
300757	罗博特科	0	0	0.00	0.00	0.00	0.00	0.00	0.00/-23.26	0.00	0.00
300758	七彩化学	0	0	0.00	0.00	0.00	0.00	0.00	0.00/-23.26	0.00	0.00
300759	康龙化成	0	0	0.00	0.00	0.00	0.00	0.00	0.00/-23.26	0.00	0.00
300761	立华股份	0	0	0.00	0.00	0.00	0.00	0.00	0.00/-23.26	0.00	0.00
300762	上海瀚讯	0	0	0.00	0.00	0.00	0.00	0.00	0.00/-23.26	0.00	0.00
300763	锦浪科技	0	0	0.00	0.00	0.00	0.00	0.00	0.00/-23.26	0.00	0.00
300765	石药创新	0	0	0.00	0.00	0.00	0.00	0.00	0.00/-23.26	0.00	0.00
300766	每日互动	0	0	0.00	0.00	0.00	0.00	0.00	0.00/-23.26	0.00	0.00
300767	震安科技	0	0	0.00	0.00	0.00	0.00	0.00	0.00/-23.26	0.00	0.00
300768	迪普科技	0	0	0.00	0.00	0.00	0.00	0.00	0.00/-23.26	0.00	0.00
300769	德方纳米	0	0	0.00	0.00	0.00	0.00	0.00	0.00/-23.26	0.00	0.00
300770	新媒股份	0	0	0.00	0.00	0.00	0.00	0.00	0.00/-23.26	0.00	0.00
300771	智莱科技	0	0	0.00	0.00	0.00	0.00	0.00	0.00/-23.26	0.00	0.00
300772	运达股份	0	0	0.00	0.00	0.00	0.00	0.00	0.00/-23.26	0.00	0.00
300773	拉卡拉	0	0	0.00	0.00	0.00	0.00	0.00	0.00/-23.26	0.00	0.00
300774	倍杰特	0	0	0.00	0.00	0.00	0.00	0.00	0.00/-23.26	0.00	0.00
300775	三角防务	0	0	0.00	0.00	0.00	0.00	0.00	0.00/-23.26	0.00	0.00
300776	帝尔激光	0	0	0.00	0.00	0.00	0.00	0.00	0.00/-23.26	0.00	0.00
300777	中简科技	0	0	0.00	0.00	0.00	0.00	0.00	0.00/-23.26	0.00	0.00
300778	新城市	0	0	0.00	0.00	0.00	0.00	0.00	0.00/-23.26	0.00	0.00
300779	惠城环保	0	0	0.00	0.00	0.00	0.00	0.00	0.00/-23.26	0.00	0.00
300780	德恩精工	0	0	0.00	0.00	0.00	0.00	0.00	0.00/-23.26	0.00	0.00
300781	因赛集团	0	0	0.00	0.00	0.00	0.00	0.00	0.00/-23.26	0.00	0.00
300782	卓胜微	0	0	0.00	0.00	0.00	0.00	0.00	0.00/-23.26	0.00	0.00
300783	三只松鼠	0	0	0.00	0.00	0.00	0.00	0.00	0.00/-23.26	0.00	0.00
300784	利安科技	0	0	0.00	0.00	0.00	0.00	0.00	0.00/-23.26	0.00	0.00
300785	值得买	0	0	0.00	0.00	0.00	0.00	0.00	0.00/-23.26	0.00	0.00
300786	国林科技	0	0	0.00	0.00	0.00	0.00	0.00	0.00/-23.26	0.00	0.00
300787	海能实业	0	0	0.00	0.00	0.00	0.00	0.00	0.00/-23.26	0.00	0.00
300788	中信出版	0	0	0.00	0.00	0.00	0.00	0.00	0.00/-23.26	0.00	0.00
300789	唐源电气	0	0	0.00	0.00	0.00	0.00	0.00	0.00/-23.26	0.00	0.00
300790	宇瞳光学	0	0	0.00	0.00	0.00	0.00	0.00	0.00/-23.26	0.00	0.00
300791	仙乐健康	0	0	0.00	0.00	0.00	0.00	0.00	0.00/-23.26	0.00	0.00
300792	壹网壹创	0	0	0.00	0.00	0.00	0.00	0.00	0.00/-23.26	0.00	0.00
300793	佳禾智能	0	0	0.00	0.00	0.00	0.00	0.00	0.00/-23.26	0.00	0.00
300795	米奥会展	0	0	0.00	0.00	0.00	0.00	0.00	0.00/-23.26	0.00	0.00
300797	钢研纳克	0	0	0.00	0.00	0.00	0.00	0.00	0.00/-23.26	0.00	0.00
300798	锦鸡股份	0	0	0.00	0.00	0.00	0.00	0.00	0.00/-23.26	0.00	0.00
300800	力合科技	0	0	0.00	0.00	0.00	0.00	0.00	0.00/-23.26	0.00	0.00
300801	泰和科技	0	0	0.00	0.00	0.00	0.00	0.00	0.00/-23.26	0.00	0.00
300802	矩子科技	0	0	0.00	0.00	0.00	0.00	0.00	0.00/-23.26	0.00	0.00
300803	指南针	0	0	0.00	0.00	0.00	0.00	0.00	0.00/-23.26	0.00	0.00
300804	广康生化	0	0	0.00	0.00	0.00	0.00	0.00	0.00/-23.26	0.00	0.00
300805	电声股份	0	0	0.00	0.00	0.00	0.00	0.00	0.00/-23.26	0.00	0.00
300806	斯迪克	0	0	0.00	0.00	0.00	0.00	0.00	0.00/-23.26	0.00	0.00
300807	天迈科技	0	0	0.00	0.00	0.00	0.00	0.00	0.00/-23.26	0.00	0.00
300808	久量股份	0	0	0.00	0.00	0.00	0.00	0.00	0.00/-23.26	0.00	0.00
300809	华辰装备	0	0	0.00	0.00	0.00	0.00	0.00	0.00/-23.26	0.00	0.00
300810	中科海讯	0	0	0.00	0.00	0.00	0.00	0.00	0.00/-23.26	0.00	0.00
300811	铂科新材	0	0	0.00	0.00	0.00	0.00	0.00	0.00/-23.26	0.00	0.00
300812	易天股份	0	0	0.00	0.00	0.00	0.00	0.00	0.00/-23.26	0.00	0.00
300813	泰林生物	0	0	0.00	0.00	0.00	0.00	0.00	0.00/-23.26	0.00	0.00
300814	中富电路	0	0	0.00	0.00	0.00	0.00	0.00	0.00/-23.26	0.00	0.00
300816	艾可蓝	0	0	0.00	0.00	0.00	0.00	0.00	0.00/-23.26	0.00	0.00
300817	双飞集团	0	0	0.00	0.00	0.00	0.00	0.00	0.00/-23.26	0.00	0.00
300818	耐普矿机	0	0	0.00	0.00	0.00	0.00	0.00	0.00/-23.26	0.00	0.00
300819	聚杰微纤	0	0	0.00	0.00	0.00	0.00	0.00	0.00/-23.26	0.00	0.00
300820	英杰电气	0	0	0.00	0.00	0.00	0.00	0.00	0.00/-23.26	0.00	0.00
300821	东岳硅材	0	0	0.00	0.00	0.00	0.00	0.00	0.00/-23.26	0.00	0.00
300822	贝仕达克	0	0	0.00	0.00	0.00	0.00	0.00	0.00/-23.26	0.00	0.00
300823	建科智能	0	0	0.00	0.00	0.00	0.00	0.00	0.00/-23.26	0.00	0.00
300824	北鼎股份	0	0	0.00	0.00	0.00	0.00	0.00	0.00/-23.26	0.00	0.00
300825	阿尔特	0	0	0.00	0.00	0.00	0.00	0.00	0.00/-23.26	0.00	0.00
300826	测绘股份	0	0	0.00	0.00	0.00	0.00	0.00	0.00/-23.26	0.00	0.00
300827	上能电气	0	0	0.00	0.00	0.00	0.00	0.00	0.00/-23.26	0.00	0.00
300828	锐新科技	0	0	0.00	0.00	0.00	0.00	0.00	0.00/-23.26	0.00	0.00
300829	金丹科技	0	0	0.00	0.00	0.00	0.00	0.00	0.00/-23.26	0.00	0.00
300830	金现代	0	0	0.00	0.00	0.00	0.00	0.00	0.00/-23.26	0.00	0.00
300831	ST派瑞	0	0	0.00	0.00	0.00	0.00	0.00	0.00/-23.26	0.00	0.00
300832	新产业	0	0	0.00	0.00	0.00	0.00	0.00	0.00/-23.26	0.00	0.00
300833	浩洋股份	0	0	0.00	0.00	0.00	0.00	0.00	0.00/-23.26	0.00	0.00
300834	星辉环材	0	0	0.00	0.00	0.00	0.00	0.00	0.00/-23.26	0.00	0.00
300835	龙磁科技	0	0	0.00	0.00	0.00	0.00	0.00	0.00/-23.26	0.00	0.00
300836	佰奥智能	0	0	0.00	0.00	0.00	0.00	0.00	0.00/-23.26	0.00	0.00
300837	浙矿股份	0	0	0.00	0.00	0.00	0.00	0.00	0.00/-23.26	0.00	0.00
300838	浙江力诺	0	0	0.00	0.00	0.00	0.00	0.00	0.00/-23.26	0.00	0.00
300839	博汇股份	0	0	0.00	0.00	0.00	0.00	0.00	0.00/-23.26	0.00	0.00
300840	酷特智能	0	0	0.00	0.00	0.00	0.00	0.00	0.00/-23.26	0.00	0.00
300841	康华生物	0	0	0.00	0.00	0.00	0.00	0.00	0.00/-23.26	0.00	0.00
300842	帝科股份	0	0	0.00	0.00	0.00	0.00	0.00	0.00/-23.26	0.00	0.00
300843	胜蓝股份	0	0	0.00	0.00	0.00	0.00	0.00	0.00/-23.26	0.00	0.00
300844	山水比德	0	0	0.00	0.00	0.00	0.00	0.00	0.00/-23.26	0.00	0.00
300845	捷安高科	0	0	0.00	0.00	0.00	0.00	0.00	0.00/-23.26	0.00	0.00
300846	首都在线	0	0	0.00	0.00	0.00	0.00	0.00	0.00/-23.26	0.00	0.00
300847	中船汉光	0	0	0.00	0.00	0.00	0.00	0.00	0.00/-23.26	0.00	0.00
300848	美瑞新材	0	0	0.00	0.00	0.00	0.00	0.00	0.00/-23.26	0.00	0.00
300849	锦盛新材	0	0	0.00	0.00	0.00	0.00	0.00	0.00/-23.26	0.00	0.00
300850	新强联	0	0	0.00	0.00	0.00	0.00	0.00	0.00/-23.26	0.00	0.00
300851	交大思诺	0	0	0.00	0.00	0.00	0.00	0.00	0.00/-23.26	0.00	0.00
300852	四会富仕	0	0	0.00	0.00	0.00	0.00	0.00	0.00/-23.26	0.00	0.00
300853	申昊科技	0	0	0.00	0.00	0.00	0.00	0.00	0.00/-23.26	0.00	0.00
300854	中兰环保	0	0	0.00	0.00	0.00	0.00	0.00	0.00/-23.26	0.00	0.00
300855	图南股份	0	0	0.00	0.00	0.00	0.00	0.00	0.00/-23.26	0.00	0.00
300856	科思股份	0	0	0.00	0.00	0.00	0.00	0.00	0.00/-23.26	0.00	0.00
300857	协创数据	0	0	0.00	0.00	0.00	0.00	0.00	0.00/-23.26	0.00	0.00
300858	科拓生物	0	0	0.00	0.00	0.00	0.00	0.00	0.00/-23.26	0.00	0.00
300859	西域旅游	0	0	0.00	0.00	0.00	0.00	0.00	0.00/-23.26	0.00	0.00
300860	锋尚文化	0	0	0.00	0.00	0.00	0.00	0.00	0.00/-23.26	0.00	0.00
300861	美畅股份	0	0	0.00	0.00	0.00	0.00	0.00	0.00/-23.26	0.00	0.00
300862	蓝盾光电	0	0	0.00	0.00	0.00	0.00	0.00	0.00/-23.26	0.00	0.00
300863	卡倍亿	0	0	0.00	0.00	0.00	0.00	0.00	0.00/-23.26	0.00	0.00
300864	南大环境	0	0	0.00	0.00	0.00	0.00	0.00	0.00/-23.26	0.00	0.00
300865	大宏立	0	0	0.00	0.00	0.00	0.00	0.00	0.00/-23.26	0.00	0.00
300866	安克创新	0	0	0.00	0.00	0.00	0.00	0.00	0.00/-23.26	0.00	0.00
300867	圣元环保	0	0	0.00	0.00	0.00	0.00	0.00	0.00/-23.26	0.00	0.00
300868	杰美特	0	0	0.00	0.00	0.00	0.00	0.00	0.00/-23.26	0.00	0.00
300869	康泰医学	0	0	0.00	0.00	0.00	0.00	0.00	0.00/-23.26	0.00	0.00
300870	欧陆通	0	0	0.00	0.00	0.00	0.00	0.00	0.00/-23.26	0.00	0.00
300871	回盛生物	0	0	0.00	0.00	0.00	0.00	0.00	0.00/-23.26	0.00	0.00
300872	天阳科技	0	0	0.00	0.00	0.00	0.00	0.00	0.00/-23.26	0.00	0.00
300873	海晨股份	0	0	0.00	0.00	0.00	0.00	0.00	0.00/-23.26	0.00	0.00
300875	捷强装备	0	0	0.00	0.00	0.00	0.00	0.00	0.00/-23.26	0.00	0.00
300876	蒙泰高新	0	0	0.00	0.00	0.00	0.00	0.00	0.00/-23.26	0.00	0.00
300877	金春股份	0	0	0.00	0.00	0.00	0.00	0.00	0.00/-23.26	0.00	0.00
300878	维康药业	0	0	0.00	0.00	0.00	0.00	0.00	0.00/-23.26	0.00	0.00
300879	大叶股份	0	0	0.00	0.00	0.00	0.00	0.00	0.00/-23.26	0.00	0.00
300880	迦南智能	0	0	0.00	0.00	0.00	0.00	0.00	0.00/-23.26	0.00	0.00
300881	盛德鑫泰	0	0	0.00	0.00	0.00	0.00	0.00	0.00/-23.26	0.00	0.00
300882	万胜智能	0	0	0.00	0.00	0.00	0.00	0.00	0.00/-23.26	0.00	0.00
300883	龙利得	0	0	0.00	0.00	0.00	0.00	0.00	0.00/-23.26	0.00	0.00
300884	狄耐克	0	0	0.00	0.00	0.00	0.00	0.00	0.00/-23.26	0.00	0.00
300886	华业香料	0	0	0.00	0.00	0.00	0.00	0.00	0.00/-23.26	0.00	0.00
300887	谱尼测试	0	0	0.00	0.00	0.00	0.00	0.00	0.00/-23.26	0.00	0.00
300888	稳健医疗	0	0	0.00	0.00	0.00	0.00	0.00	0.00/-23.26	0.00	0.00
300889	爱克股份	0	0	0.00	0.00	0.00	0.00	0.00	0.00/-23.26	0.00	0.00
300890	翔丰华	0	0	0.00	0.00	0.00	0.00	0.00	0.00/-23.26	0.00	0.00
300891	惠云钛业	0	0	0.00	0.00	0.00	0.00	0.00	0.00/-23.26	0.00	0.00
300892	品渥食品	0	0	0.00	0.00	0.00	0.00	0.00	0.00/-23.26	0.00	0.00
300893	松原安全	0	0	0.00	0.00	0.00	0.00	0.00	0.00/-23.26	0.00	0.00
300894	火星人	0	0	0.00	0.00	0.00	0.00	0.00	0.00/-23.26	0.00	0.00
300895	铜牛信息	0	0	0.00	0.00	0.00	0.00	0.00	0.00/-23.26	0.00	0.00
300896	爱美客	0	0	0.00	0.00	0.00	0.00	0.00	0.00/-23.26	0.00	0.00
300897	山科智能	0	0	0.00	0.00	0.00	0.00	0.00	0.00/-23.26	0.00	0.00
300898	熊猫乳品	0	0	0.00	0.00	0.00	0.00	0.00	0.00/-23.26	0.00	0.00
300899	上海凯鑫	0	0	0.00	0.00	0.00	0.00	0.00	0.00/-23.26	0.00	0.00
300900	广联航空	0	0	0.00	0.00	0.00	0.00	0.00	0.00/-23.26	0.00	0.00
300901	中胤时尚	0	0	0.00	0.00	0.00	0.00	0.00	0.00/-23.26	0.00	0.00
300902	国安达	0	0	0.00	0.00	0.00	0.00	0.00	0.00/-23.26	0.00	0.00
300903	科翔股份	0	0	0.00	0.00	0.00	0.00	0.00	0.00/-23.26	0.00	0.00
300904	威力传动	0	0	0.00	0.00	0.00	0.00	0.00	0.00/-23.26	0.00	0.00
300905	宝丽迪	0	0	0.00	0.00	0.00	0.00	0.00	0.00/-23.26	0.00	0.00
300906	日月明	0	0	0.00	0.00	0.00	0.00	0.00	0.00/-23.26	0.00	0.00
300907	康平科技	0	0	0.00	0.00	0.00	0.00	0.00	0.00/-23.26	0.00	0.00
300908	仲景食品	0	0	0.00	0.00	0.00	0.00	0.00	0.00/-23.26	0.00	0.00
300909	汇创达	0	0	0.00	0.00	0.00	0.00	0.00	0.00/-23.26	0.00	0.00
300910	瑞丰新材	0	0	0.00	0.00	0.00	0.00	0.00	0.00/-23.26	0.00	0.00
300911	亿田智能	0	0	0.00	0.00	0.00	0.00	0.00	0.00/-23.26	0.00	0.00
300912	凯龙高科	0	0	0.00	0.00	0.00	0.00	0.00	0.00/-23.26	0.00	0.00
300913	兆龙互连	0	0	0.00	0.00	0.00	0.00	0.00	0.00/-23.26	0.00	0.00
300915	海融科技	0	0	0.00	0.00	0.00	0.00	0.00	0.00/-23.26	0.00	0.00
300916	朗特智能	0	0	0.00	0.00	0.00	0.00	0.00	0.00/-23.26	0.00	0.00
300917	特发服务	0	0	0.00	0.00	0.00	0.00	0.00	0.00/-23.26	0.00	0.00
300918	南山智尚	0	0	0.00	0.00	0.00	0.00	0.00	0.00/-23.26	0.00	0.00
300919	中伟新材	0	0	0.00	0.00	0.00	0.00	0.00	0.00/-23.26	0.00	0.00
300920	润阳科技	0	0	0.00	0.00	0.00	0.00	0.00	0.00/-23.26	0.00	0.00
300921	南凌科技	0	0	0.00	0.00	0.00	0.00	0.00	0.00/-23.26	0.00	0.00
300922	天秦装备	0	0	0.00	0.00	0.00	0.00	0.00	0.00/-23.26	0.00	0.00
300923	研奥股份	0	0	0.00	0.00	0.00	0.00	0.00	0.00/-23.26	0.00	0.00
300925	法本信息	0	0	0.00	0.00	0.00	0.00	0.00	0.00/-23.26	0.00	0.00
300926	博俊科技	0	0	0.00	0.00	0.00	0.00	0.00	0.00/-23.26	0.00	0.00
300927	江天化学	0	0	0.00	0.00	0.00	0.00	0.00	0.00/-23.26	0.00	0.00
300928	华安鑫创	0	0	0.00	0.00	0.00	0.00	0.00	0.00/-23.26	0.00	0.00
300929	华骐环保	0	0	0.00	0.00	0.00	0.00	0.00	0.00/-23.26	0.00	0.00
300930	屹通新材	0	0	0.00	0.00	0.00	0.00	0.00	0.00/-23.26	0.00	0.00
300931	通用电梯	0	0	0.00	0.00	0.00	0.00	0.00	0.00/-23.26	0.00	0.00
300932	三友联众	0	0	0.00	0.00	0.00	0.00	0.00	0.00/-23.26	0.00	0.00
300933	中辰股份	0	0	0.00	0.00	0.00	0.00	0.00	0.00/-23.26	0.00	0.00
300935	盈建科	0	0	0.00	0.00	0.00	0.00	0.00	0.00/-23.26	0.00	0.00
300936	中英科技	0	0	0.00	0.00	0.00	0.00	0.00	0.00/-23.26	0.00	0.00
300937	药易购	0	0	0.00	0.00	0.00	0.00	0.00	0.00/-23.26	0.00	0.00
300939	秋田微	0	0	0.00	0.00	0.00	0.00	0.00	0.00/-23.26	0.00	0.00
300940	南极光	0	0	0.00	0.00	0.00	0.00	0.00	0.00/-23.26	0.00	0.00
300941	创识科技	0	0	0.00	0.00	0.00	0.00	0.00	0.00/-23.26	0.00	0.00
300942	易瑞生物	0	0	0.00	0.00	0.00	0.00	0.00	0.00/-23.26	0.00	0.00
300945	曼卡龙	0	0	0.00	0.00	0.00	0.00	0.00	0.00/-23.26	0.00	0.00
300946	恒而达	0	0	0.00	0.00	0.00	0.00	0.00	0.00/-23.26	0.00	0.00
300947	德必集团	0	0	0.00	0.00	0.00	0.00	0.00	0.00/-23.26	0.00	0.00
300948	冠中生态	0	0	0.00	0.00	0.00	0.00	0.00	0.00/-23.26	0.00	0.00
300949	奥雅股份	0	0	0.00	0.00	0.00	0.00	0.00	0.00/-23.26	0.00	0.00
300950	德固特	0	0	0.00	0.00	0.00	0.00	0.00	0.00/-23.26	0.00	0.00
300951	博硕科技	0	0	0.00	0.00	0.00	0.00	0.00	0.00/-23.26	0.00	0.00
300952	恒辉安防	0	0	0.00	0.00	0.00	0.00	0.00	0.00/-23.26	0.00	0.00
300953	震裕科技	0	0	0.00	0.00	0.00	0.00	0.00	0.00/-23.26	0.00	0.00
300955	嘉亨家化	0	0	0.00	0.00	0.00	0.00	0.00	0.00/-23.26	0.00	0.00
300956	英力股份	0	0	0.00	0.00	0.00	0.00	0.00	0.00/-23.26	0.00	0.00
300957	贝泰妮	0	0	0.00	0.00	0.00	0.00	0.00	0.00/-23.26	0.00	0.00
300958	建工修复	0	0	0.00	0.00	0.00	0.00	0.00	0.00/-23.26	0.00	0.00
300959	线上线下	0	0	0.00	0.00	0.00	0.00	0.00	0.00/-23.26	0.00	0.00
300960	通业科技	0	0	0.00	0.00	0.00	0.00	0.00	0.00/-23.26	0.00	0.00
300961	深水海纳	0	0	0.00	0.00	0.00	0.00	0.00	0.00/-23.26	0.00	0.00
300962	中金辐照	0	0	0.00	0.00	0.00	0.00	0.00	0.00/-23.26	0.00	0.00
300963	中洲特材	0	0	0.00	0.00	0.00	0.00	0.00	0.00/-23.26	0.00	0.00
300964	本川智能	0	0	0.00	0.00	0.00	0.00	0.00	0.00/-23.26	0.00	0.00
300965	恒宇信通	0	0	0.00	0.00	0.00	0.00	0.00	0.00/-23.26	0.00	0.00
300966	共同药业	0	0	0.00	0.00	0.00	0.00	0.00	0.00/-23.26	0.00	0.00
300967	晓鸣股份	0	0	0.00	0.00	0.00	0.00	0.00	0.00/-23.26	0.00	0.00
300968	格林精密	0	0	0.00	0.00	0.00	0.00	0.00	0.00/-23.26	0.00	0.00
300969	恒帅股份	0	0	0.00	0.00	0.00	0.00	0.00	0.00/-23.26	0.00	0.00
300970	华绿生物	0	0	0.00	0.00	0.00	0.00	0.00	0.00/-23.26	0.00	0.00
300971	博亚精工	0	0	0.00	0.00	0.00	0.00	0.00	0.00/-23.26	0.00	0.00
300972	万辰集团	0	0	0.00	0.00	0.00	0.00	0.00	0.00/-23.26	0.00	0.00
300973	立高食品	0	0	0.00	0.00	0.00	0.00	0.00	0.00/-23.26	0.00	0.00
300975	商络电子	0	0	0.00	0.00	0.00	0.00	0.00	0.00/-23.26	0.00	0.00
300976	达瑞电子	0	0	0.00	0.00	0.00	0.00	0.00	0.00/-23.26	0.00	0.00
300977	深圳瑞捷	0	0	0.00	0.00	0.00	0.00	0.00	0.00/-23.26	0.00	0.00
300978	东箭科技	0	0	0.00	0.00	0.00	0.00	0.00	0.00/-23.26	0.00	0.00
300979	华利集团	0	0	0.00	0.00	0.00	0.00	0.00	0.00/-23.26	0.00	0.00
300980	祥源新材	0	0	0.00	0.00	0.00	0.00	0.00	0.00/-23.26	0.00	0.00
300981	中红医疗	0	0	0.00	0.00	0.00	0.00	0.00	0.00/-23.26	0.00	0.00
300982	苏文电能	0	0	0.00	0.00	0.00	0.00	0.00	0.00/-23.26	0.00	0.00
300983	尤安设计	0	0	0.00	0.00	0.00	0.00	0.00	0.00/-23.26	0.00	0.00
300984	金沃股份	0	0	0.00	0.00	0.00	0.00	0.00	0.00/-23.26	0.00	0.00
300985	致远新能	0	0	0.00	0.00	0.00	0.00	0.00	0.00/-23.26	0.00	0.00
300986	志特新材	0	0	0.00	0.00	0.00	0.00	0.00	0.00/-23.26	0.00	0.00
300987	川网传媒	0	0	0.00	0.00	0.00	0.00	0.00	0.00/-23.26	0.00	0.00
300991	创益通	0	0	0.00	0.00	0.00	0.00	0.00	0.00/-23.26	0.00	0.00
300992	泰福泵业	0	0	0.00	0.00	0.00	0.00	0.00	0.00/-23.26	0.00	0.00
300993	玉马科技	0	0	0.00	0.00	0.00	0.00	0.00	0.00/-23.26	0.00	0.00
300994	久祺股份	0	0	0.00	0.00	0.00	0.00	0.00	0.00/-23.26	0.00	0.00
300995	奇德新材	0	0	0.00	0.00	0.00	0.00	0.00	0.00/-23.26	0.00	0.00
300996	普联软件	0	0	0.00	0.00	0.00	0.00	0.00	0.00/-23.26	0.00	0.00
300997	欢乐家	0	0	0.00	0.00	0.00	0.00	0.00	0.00/-23.26	0.00	0.00
300998	宁波方正	0	0	0.00	0.00	0.00	0.00	0.00	0.00/-23.26	0.00	0.00
300999	金龙鱼	0	0	0.00	0.00	0.00	0.00	0.00	0.00/-23.26	0.00	0.00
301000	肇民科技	0	0	0.00	0.00	0.00	0.00	0.00	0.00/-23.26	0.00	0.00
301001	凯淳股份	0	0	0.00	0.00	0.00	0.00	0.00	0.00/-23.26	0.00	0.00
301002	崧盛股份	0	0	0.00	0.00	0.00	0.00	0.00	0.00/-23.26	0.00	0.00
301003	江苏博云	0	0	0.00	0.00	0.00	0.00	0.00	0.00/-23.26	0.00	0.00
301004	嘉益股份	0	0	0.00	0.00	0.00	0.00	0.00	0.00/-23.26	0.00	0.00
301005	超捷股份	0	0	0.00	0.00	0.00	0.00	0.00	0.00/-23.26	0.00	0.00
301006	迈拓股份	0	0	0.00	0.00	0.00	0.00	0.00	0.00/-23.26	0.00	0.00
301007	德迈仕	0	0	0.00	0.00	0.00	0.00	0.00	0.00/-23.26	0.00	0.00
301008	宏昌科技	0	0	0.00	0.00	0.00	0.00	0.00	0.00/-23.26	0.00	0.00
301009	可靠股份	0	0	0.00	0.00	0.00	0.00	0.00	0.00/-23.26	0.00	0.00
301010	晶雪节能	0	0	0.00	0.00	0.00	0.00	0.00	0.00/-23.26	0.00	0.00
301011	华立科技	0	0	0.00	0.00	0.00	0.00	0.00	0.00/-23.26	0.00	0.00
301012	扬电科技	0	0	0.00	0.00	0.00	0.00	0.00	0.00/-23.26	0.00	0.00
301013	利和兴	0	0	0.00	0.00	0.00	0.00	0.00	0.00/-23.26	0.00	0.00
301015	百洋医药	0	0	0.00	0.00	0.00	0.00	0.00	0.00/-23.26	0.00	0.00
301016	雷尔伟	0	0	0.00	0.00	0.00	0.00	0.00	0.00/-23.26	0.00	0.00
301017	漱玉平民	0	0	0.00	0.00	0.00	0.00	0.00	0.00/-23.26	0.00	0.00
301018	申菱环境	0	0	0.00	0.00	0.00	0.00	0.00	0.00/-23.26	0.00	0.00
301019	宁波色母	0	0	0.00	0.00	0.00	0.00	0.00	0.00/-23.26	0.00	0.00
301020	密封科技	0	0	0.00	0.00	0.00	0.00	0.00	0.00/-23.26	0.00	0.00
301021	英诺激光	0	0	0.00	0.00	0.00	0.00	0.00	0.00/-23.26	0.00	0.00
301022	海泰科	0	0	0.00	0.00	0.00	0.00	0.00	0.00/-23.26	0.00	0.00
301023	奕帆传动	0	0	0.00	0.00	0.00	0.00	0.00	0.00/-23.26	0.00	0.00
301024	霍普股份	0	0	0.00	0.00	0.00	0.00	0.00	0.00/-23.26	0.00	0.00
301025	读客文化	0	0	0.00	0.00	0.00	0.00	0.00	0.00/-23.26	0.00	0.00
301026	浩通科技	0	0	0.00	0.00	0.00	0.00	0.00	0.00/-23.26	0.00	0.00
301027	华蓝集团	0	0	0.00	0.00	0.00	0.00	0.00	0.00/-23.26	0.00	0.00
301028	鼎熔岩	0	0	0.00	0.00	0.00	0.00	0.00	0.00/-23.26	0.00	0.00
301029	怡合达	0	0	0.00	0.00	0.00	0.00	0.00	0.00/-23.26	0.00	0.00
301030	*ST仕净	0	0	0.00	0.00	0.00	0.00	0.00	0.00/-23.26	0.00	0.00
301031	中熔电气	0	0	0.00	0.00	0.00	0.00	0.00	0.00/-23.26	0.00	0.00
301032	新柴股份	0	0	0.00	0.00	0.00	0.00	0.00	0.00/-23.26	0.00	0.00
301033	迈普医学	0	0	0.00	0.00	0.00	0.00	0.00	0.00/-23.26	0.00	0.00
301035	润丰股份	0	0	0.00	0.00	0.00	0.00	0.00	0.00/-23.26	0.00	0.00
301036	双乐股份	0	0	0.00	0.00	0.00	0.00	0.00	0.00/-23.26	0.00	0.00
301037	保立佳	0	0	0.00	0.00	0.00	0.00	0.00	0.00/-23.26	0.00	0.00
301038	深水规院	0	0	0.00	0.00	0.00	0.00	0.00	0.00/-23.26	0.00	0.00
301039	中集车辆	0	0	0.00	0.00	0.00	0.00	0.00	0.00/-23.26	0.00	0.00
301040	中环海陆	0	0	0.00	0.00	0.00	0.00	0.00	0.00/-23.26	0.00	0.00
301041	金百泽	0	0	0.00	0.00	0.00	0.00	0.00	0.00/-23.26	0.00	0.00
301042	安联锐视	0	0	0.00	0.00	0.00	0.00	0.00	0.00/-23.26	0.00	0.00
301043	绿岛风	0	0	0.00	0.00	0.00	0.00	0.00	0.00/-23.26	0.00	0.00
301045	天禄科技	0	0	0.00	0.00	0.00	0.00	0.00	0.00/-23.26	0.00	0.00
301046	能辉科技	0	0	0.00	0.00	0.00	0.00	0.00	0.00/-23.26	0.00	0.00
301047	义翘神州	0	0	0.00	0.00	0.00	0.00	0.00	0.00/-23.26	0.00	0.00
301048	金鹰重工	0	0	0.00	0.00	0.00	0.00	0.00	0.00/-23.26	0.00	0.00
301049	超越科技	0	0	0.00	0.00	0.00	0.00	0.00	0.00/-23.26	0.00	0.00
301050	雷电微力	0	0	0.00	0.00	0.00	0.00	0.00	0.00/-23.26	0.00	0.00
301051	信濠光电	0	0	0.00	0.00	0.00	0.00	0.00	0.00/-23.26	0.00	0.00
301052	果麦文化	0	0	0.00	0.00	0.00	0.00	0.00	0.00/-23.26	0.00	0.00
301053	远信工业	0	0	0.00	0.00	0.00	0.00	0.00	0.00/-23.26	0.00	0.00
301055	张小泉	0	0	0.00	0.00	0.00	0.00	0.00	0.00/-23.26	0.00	0.00
301056	森赫股份	0	0	0.00	0.00	0.00	0.00	0.00	0.00/-23.26	0.00	0.00
301057	汇隆新材	0	0	0.00	0.00	0.00	0.00	0.00	0.00/-23.26	0.00	0.00
301058	中粮科工	0	0	0.00	0.00	0.00	0.00	0.00	0.00/-23.26	0.00	0.00
301059	金三江	0	0	0.00	0.00	0.00	0.00	0.00	0.00/-23.26	0.00	0.00
301060	兰卫医学	0	0	0.00	0.00	0.00	0.00	0.00	0.00/-23.26	0.00	0.00
301061	匠心家居	0	0	0.00	0.00	0.00	0.00	0.00	0.00/-23.26	0.00	0.00
301062	上海艾录	0	0	0.00	0.00	0.00	0.00	0.00	0.00/-23.26	0.00	0.00
301063	海锅股份	0	0	0.00	0.00	0.00	0.00	0.00	0.00/-23.26	0.00	0.00
301065	本立科技	0	0	0.00	0.00	0.00	0.00	0.00	0.00/-23.26	0.00	0.00
301066	万事利	0	0	0.00	0.00	0.00	0.00	0.00	0.00/-23.26	0.00	0.00
301067	显盈科技	0	0	0.00	0.00	0.00	0.00	0.00	0.00/-23.26	0.00	0.00
301068	大地海洋	0	0	0.00	0.00	0.00	0.00	0.00	0.00/-23.26	0.00	0.00
301069	凯盛新材	0	0	0.00	0.00	0.00	0.00	0.00	0.00/-23.26	0.00	0.00
301070	开勒股份	0	0	0.00	0.00	0.00	0.00	0.00	0.00/-23.26	0.00	0.00
301071	力量钻石	0	0	0.00	0.00	0.00	0.00	0.00	0.00/-23.26	0.00	0.00
301072	中捷精工	0	0	0.00	0.00	0.00	0.00	0.00	0.00/-23.26	0.00	0.00
301073	君亭酒店	0	0	0.00	0.00	0.00	0.00	0.00	0.00/-23.26	0.00	0.00
301075	多瑞医药	0	0	0.00	0.00	0.00	0.00	0.00	0.00/-23.26	0.00	0.00
301076	新瀚新材	0	0	0.00	0.00	0.00	0.00	0.00	0.00/-23.26	0.00	0.00
301077	星华新材	0	0	0.00	0.00	0.00	0.00	0.00	0.00/-23.26	0.00	0.00
301078	孩子王	0	0	0.00	0.00	0.00	0.00	0.00	0.00/-23.26	0.00	0.00
301079	邵阳液压	0	0	0.00	0.00	0.00	0.00	0.00	0.00/-23.26	0.00	0.00
301080	百普赛斯	0	0	0.00	0.00	0.00	0.00	0.00	0.00/-23.26	0.00	0.00
301081	严牌股份	0	0	0.00	0.00	0.00	0.00	0.00	0.00/-23.26	0.00	0.00
301082	久盛电气	0	0	0.00	0.00	0.00	0.00	0.00	0.00/-23.26	0.00	0.00
301083	百胜智能	0	0	0.00	0.00	0.00	0.00	0.00	0.00/-23.26	0.00	0.00
301085	亚康股份	0	0	0.00	0.00	0.00	0.00	0.00	0.00/-23.26	0.00	0.00
301086	鸿富瀚	0	0	0.00	0.00	0.00	0.00	0.00	0.00/-23.26	0.00	0.00
301087	可孚医疗	0	0	0.00	0.00	0.00	0.00	0.00	0.00/-23.26	0.00	0.00
301088	戎美股份	0	0	0.00	0.00	0.00	0.00	0.00	0.00/-23.26	0.00	0.00
301089	拓新药业	0	0	0.00	0.00	0.00	0.00	0.00	0.00/-23.26	0.00	0.00
301090	华润材料	0	0	0.00	0.00	0.00	0.00	0.00	0.00/-23.26	0.00	0.00
301091	深城交	0	0	0.00	0.00	0.00	0.00	0.00	0.00/-23.26	0.00	0.00
301092	争光股份	0	0	0.00	0.00	0.00	0.00	0.00	0.00/-23.26	0.00	0.00
301093	华兰股份	0	0	0.00	0.00	0.00	0.00	0.00	0.00/-23.26	0.00	0.00
301095	广立微	0	0	0.00	0.00	0.00	0.00	0.00	0.00/-23.26	0.00	0.00
301096	百诚医药	0	0	0.00	0.00	0.00	0.00	0.00	0.00/-23.26	0.00	0.00
301097	天益医疗	0	0	0.00	0.00	0.00	0.00	0.00	0.00/-23.26	0.00	0.00
301098	金埔园林	0	0	0.00	0.00	0.00	0.00	0.00	0.00/-23.26	0.00	0.00
301100	风光股份	0	0	0.00	0.00	0.00	0.00	0.00	0.00/-23.26	0.00	0.00
301101	明月镜片	0	0	0.00	0.00	0.00	0.00	0.00	0.00/-23.26	0.00	0.00
301102	兆讯传媒	0	0	0.00	0.00	0.00	0.00	0.00	0.00/-23.26	0.00	0.00
301103	何氏眼科	0	0	0.00	0.00	0.00	0.00	0.00	0.00/-23.26	0.00	0.00
301105	鸿铭股份	0	0	0.00	0.00	0.00	0.00	0.00	0.00/-23.26	0.00	0.00
301106	骏成科技	0	0	0.00	0.00	0.00	0.00	0.00	0.00/-23.26	0.00	0.00
301107	瑜欣电子	0	0	0.00	0.00	0.00	0.00	0.00	0.00/-23.26	0.00	0.00
301108	洁雅股份	0	0	0.00	0.00	0.00	0.00	0.00	0.00/-23.26	0.00	0.00
301109	军信股份	0	0	0.00	0.00	0.00	0.00	0.00	0.00/-23.26	0.00	0.00
301110	青木科技	0	0	0.00	0.00	0.00	0.00	0.00	0.00/-23.26	0.00	0.00
301111	粤万年青	0	0	0.00	0.00	0.00	0.00	0.00	0.00/-23.26	0.00	0.00
301113	雅艺科技	0	0	0.00	0.00	0.00	0.00	0.00	0.00/-23.26	0.00	0.00
301115	联检科技	0	0	0.00	0.00	0.00	0.00	0.00	0.00/-23.26	0.00	0.00
301116	益客食品	0	0	0.00	0.00	0.00	0.00	0.00	0.00/-23.26	0.00	0.00
301117	ST佳缘	0	0	0.00	0.00	0.00	0.00	0.00	0.00/-23.26	0.00	0.00
301118	恒光股份	0	0	0.00	0.00	0.00	0.00	0.00	0.00/-23.26	0.00	0.00
301119	正强股份	0	0	0.00	0.00	0.00	0.00	0.00	0.00/-23.26	0.00	0.00
301120	新特电气	0	0	0.00	0.00	0.00	0.00	0.00	0.00/-23.26	0.00	0.00
301121	紫建电子	0	0	0.00	0.00	0.00	0.00	0.00	0.00/-23.26	0.00	0.00
301122	采纳股份	0	0	0.00	0.00	0.00	0.00	0.00	0.00/-23.26	0.00	0.00
301123	奕东电子	0	0	0.00	0.00	0.00	0.00	0.00	0.00/-23.26	0.00	0.00
301125	腾亚精工	0	0	0.00	0.00	0.00	0.00	0.00	0.00/-23.26	0.00	0.00
301126	达嘉维康	0	0	0.00	0.00	0.00	0.00	0.00	0.00/-23.26	0.00	0.00
301127	武汉天源	0	0	0.00	0.00	0.00	0.00	0.00	0.00/-23.26	0.00	0.00
301128	强瑞技术	0	0	0.00	0.00	0.00	0.00	0.00	0.00/-23.26	0.00	0.00
301129	瑞纳智能	0	0	0.00	0.00	0.00	0.00	0.00	0.00/-23.26	0.00	0.00
301130	西点药业	0	0	0.00	0.00	0.00	0.00	0.00	0.00/-23.26	0.00	0.00
301131	聚赛龙	0	0	0.00	0.00	0.00	0.00	0.00	0.00/-23.26	0.00	0.00
301132	满坤科技	0	0	0.00	0.00	0.00	0.00	0.00	0.00/-23.26	0.00	0.00
301133	金钟股份	0	0	0.00	0.00	0.00	0.00	0.00	0.00/-23.26	0.00	0.00
301135	瑞德智能	0	0	0.00	0.00	0.00	0.00	0.00	0.00/-23.26	0.00	0.00
301136	招标股份	0	0	0.00	0.00	0.00	0.00	0.00	0.00/-23.26	0.00	0.00
301137	哈焊华通	0	0	0.00	0.00	0.00	0.00	0.00	0.00/-23.26	0.00	0.00
301138	华研精机	0	0	0.00	0.00	0.00	0.00	0.00	0.00/-23.26	0.00	0.00
301141	中科磁业	0	0	0.00	0.00	0.00	0.00	0.00	0.00/-23.26	0.00	0.00
301148	嘉戎技术	0	0	0.00	0.00	0.00	0.00	0.00	0.00/-23.26	0.00	0.00
301149	隆华新材	0	0	0.00	0.00	0.00	0.00	0.00	0.00/-23.26	0.00	0.00
301150	中一科技	0	0	0.00	0.00	0.00	0.00	0.00	0.00/-23.26	0.00	0.00
301151	冠龙节能	0	0	0.00	0.00	0.00	0.00	0.00	0.00/-23.26	0.00	0.00
301152	天力锂能	0	0	0.00	0.00	0.00	0.00	0.00	0.00/-23.26	0.00	0.00
301153	中科江南	0	0	0.00	0.00	0.00	0.00	0.00	0.00/-23.26	0.00	0.00
301156	美农生物	0	0	0.00	0.00	0.00	0.00	0.00	0.00/-23.26	0.00	0.00
301157	华塑科技	0	0	0.00	0.00	0.00	0.00	0.00	0.00/-23.26	0.00	0.00
301159	三维天地	0	0	0.00	0.00	0.00	0.00	0.00	0.00/-23.26	0.00	0.00
301160	翔楼新材	0	0	0.00	0.00	0.00	0.00	0.00	0.00/-23.26	0.00	0.00
301161	唯万密封	0	0	0.00	0.00	0.00	0.00	0.00	0.00/-23.26	0.00	0.00
301162	国能日新	0	0	0.00	0.00	0.00	0.00	0.00	0.00/-23.26	0.00	0.00
301163	宏德股份	0	0	0.00	0.00	0.00	0.00	0.00	0.00/-23.26	0.00	0.00
301165	锐捷网络	0	0	0.00	0.00	0.00	0.00	0.00	0.00/-23.26	0.00	0.00
301166	优宁维	0	0	0.00	0.00	0.00	0.00	0.00	0.00/-23.26	0.00	0.00
301167	建研设计	0	0	0.00	0.00	0.00	0.00	0.00	0.00/-23.26	0.00	0.00
301168	通灵股份	0	0	0.00	0.00	0.00	0.00	0.00	0.00/-23.26	0.00	0.00
301169	零点有数	0	0	0.00	0.00	0.00	0.00	0.00	0.00/-23.26	0.00	0.00
301170	锡南科技	0	0	0.00	0.00	0.00	0.00	0.00	0.00/-23.26	0.00	0.00
301171	易点天下	0	0	0.00	0.00	0.00	0.00	0.00	0.00/-23.26	0.00	0.00
301173	毓恬冠佳	0	0	0.00	0.00	0.00	0.00	0.00	0.00/-23.26	0.00	0.00
301175	中科环保	0	0	0.00	0.00	0.00	0.00	0.00	0.00/-23.26	0.00	0.00
301176	逸豪新材	0	0	0.00	0.00	0.00	0.00	0.00	0.00/-23.26	0.00	0.00
301177	迪阿股份	0	0	0.00	0.00	0.00	0.00	0.00	0.00/-23.26	0.00	0.00
301178	天亿马	0	0	0.00	0.00	0.00	0.00	0.00	0.00/-23.26	0.00	0.00
301179	泽宇智能	0	0	0.00	0.00	0.00	0.00	0.00	0.00/-23.26	0.00	0.00
301180	万祥科技	0	0	0.00	0.00	0.00	0.00	0.00	0.00/-23.26	0.00	0.00
301181	标榜股份	0	0	0.00	0.00	0.00	0.00	0.00	0.00/-23.26	0.00	0.00
301182	凯旺科技	0	0	0.00	0.00	0.00	0.00	0.00	0.00/-23.26	0.00	0.00
301183	东田微	0	0	0.00	0.00	0.00	0.00	0.00	0.00/-23.26	0.00	0.00
301185	鸥玛软件	0	0	0.00	0.00	0.00	0.00	0.00	0.00/-23.26	0.00	0.00
301186	超达装备	0	0	0.00	0.00	0.00	0.00	0.00	0.00/-23.26	0.00	0.00
301187	欧圣电气	0	0	0.00	0.00	0.00	0.00	0.00	0.00/-23.26	0.00	0.00
301188	力诺药包	0	0	0.00	0.00	0.00	0.00	0.00	0.00/-23.26	0.00	0.00
301189	奥尼电子	0	0	0.00	0.00	0.00	0.00	0.00	0.00/-23.26	0.00	0.00
301190	善水科技	0	0	0.00	0.00	0.00	0.00	0.00	0.00/-23.26	0.00	0.00
301191	菲菱科思	0	0	0.00	0.00	0.00	0.00	0.00	0.00/-23.26	0.00	0.00
301192	泰祥股份	0	0	0.00	0.00	0.00	0.00	0.00	0.00/-23.26	0.00	0.00
301193	家联科技	0	0	0.00	0.00	0.00	0.00	0.00	0.00/-23.26	0.00	0.00
301195	北路智控	0	0	0.00	0.00	0.00	0.00	0.00	0.00/-23.26	0.00	0.00
301196	唯科科技	0	0	0.00	0.00	0.00	0.00	0.00	0.00/-23.26	0.00	0.00
301197	工大科雅	0	0	0.00	0.00	0.00	0.00	0.00	0.00/-23.26	0.00	0.00
301198	喜悦智行	0	0	0.00	0.00	0.00	0.00	0.00	0.00/-23.26	0.00	0.00
301200	大族数控	0	0	0.00	0.00	0.00	0.00	0.00	0.00/-23.26	0.00	0.00
301201	诚达药业	0	0	0.00	0.00	0.00	0.00	0.00	0.00/-23.26	0.00	0.00
301202	朗威股份	0	0	0.00	0.00	0.00	0.00	0.00	0.00/-23.26	0.00	0.00
301203	国泰环保	0	0	0.00	0.00	0.00	0.00	0.00	0.00/-23.26	0.00	0.00
301205	联特科技	0	0	0.00	0.00	0.00	0.00	0.00	0.00/-23.26	0.00	0.00
301206	三元生物	0	0	0.00	0.00	0.00	0.00	0.00	0.00/-23.26	0.00	0.00
301207	华兰疫苗	0	0	0.00	0.00	0.00	0.00	0.00	0.00/-23.26	0.00	0.00
301208	中亦科技	0	0	0.00	0.00	0.00	0.00	0.00	0.00/-23.26	0.00	0.00
301209	联合化学	0	0	0.00	0.00	0.00	0.00	0.00	0.00/-23.26	0.00	0.00
301210	金杨精密	0	0	0.00	0.00	0.00	0.00	0.00	0.00/-23.26	0.00	0.00
301211	亨迪药业	0	0	0.00	0.00	0.00	0.00	0.00	0.00/-23.26	0.00	0.00
301212	联盛化学	0	0	0.00	0.00	0.00	0.00	0.00	0.00/-23.26	0.00	0.00
301213	观想科技	0	0	0.00	0.00	0.00	0.00	0.00	0.00/-23.26	0.00	0.00
301215	中汽股份	0	0	0.00	0.00	0.00	0.00	0.00	0.00/-23.26	0.00	0.00
301216	万凯新材	0	0	0.00	0.00	0.00	0.00	0.00	0.00/-23.26	0.00	0.00
301217	铜冠铜箔	0	0	0.00	0.00	0.00	0.00	0.00	0.00/-23.26	0.00	0.00
301218	华是科技	0	0	0.00	0.00	0.00	0.00	0.00	0.00/-23.26	0.00	0.00
301219	腾远钴业	0	0	0.00	0.00	0.00	0.00	0.00	0.00/-23.26	0.00	0.00
301220	亚香股份	0	0	0.00	0.00	0.00	0.00	0.00	0.00/-23.26	0.00	0.00
301221	光庭信息	0	0	0.00	0.00	0.00	0.00	0.00	0.00/-23.26	0.00	0.00
301222	浙江恒威	0	0	0.00	0.00	0.00	0.00	0.00	0.00/-23.26	0.00	0.00
301223	中荣股份	0	0	0.00	0.00	0.00	0.00	0.00	0.00/-23.26	0.00	0.00
301225	恒勃股份	0	0	0.00	0.00	0.00	0.00	0.00	0.00/-23.26	0.00	0.00
301226	祥明智能	0	0	0.00	0.00	0.00	0.00	0.00	0.00/-23.26	0.00	0.00
301227	森鹰窗业	0	0	0.00	0.00	0.00	0.00	0.00	0.00/-23.26	0.00	0.00
301228	实朴检测	0	0	0.00	0.00	0.00	0.00	0.00	0.00/-23.26	0.00	0.00
301229	纽泰格	0	0	0.00	0.00	0.00	0.00	0.00	0.00/-23.26	0.00	0.00
301230	泓博医药	0	0	0.00	0.00	0.00	0.00	0.00	0.00/-23.26	0.00	0.00
301231	荣信文化	0	0	0.00	0.00	0.00	0.00	0.00	0.00/-23.26	0.00	0.00
301232	飞沃科技	0	0	0.00	0.00	0.00	0.00	0.00	0.00/-23.26	0.00	0.00
301233	盛帮股份	0	0	0.00	0.00	0.00	0.00	0.00	0.00/-23.26	0.00	0.00
301234	五洲医疗	0	0	0.00	0.00	0.00	0.00	0.00	0.00/-23.26	0.00	0.00
301235	华康洁净	0	0	0.00	0.00	0.00	0.00	0.00	0.00/-23.26	0.00	0.00
301236	软通动力	0	0	0.00	0.00	0.00	0.00	0.00	0.00/-23.26	0.00	0.00
301237	和顺科技	0	0	0.00	0.00	0.00	0.00	0.00	0.00/-23.26	0.00	0.00
301238	瑞泰新材	0	0	0.00	0.00	0.00	0.00	0.00	0.00/-23.26	0.00	0.00
301239	普瑞眼科	0	0	0.00	0.00	0.00	0.00	0.00	0.00/-23.26	0.00	0.00
301246	宏源药业	0	0	0.00	0.00	0.00	0.00	0.00	0.00/-23.26	0.00	0.00
301248	杰创智能	0	0	0.00	0.00	0.00	0.00	0.00	0.00/-23.26	0.00	0.00
301251	威尔高	0	0	0.00	0.00	0.00	0.00	0.00	0.00/-23.26	0.00	0.00
301252	同星科技	0	0	0.00	0.00	0.00	0.00	0.00	0.00/-23.26	0.00	0.00
301255	通力科技	0	0	0.00	0.00	0.00	0.00	0.00	0.00/-23.26	0.00	0.00
301256	华融化学	0	0	0.00	0.00	0.00	0.00	0.00	0.00/-23.26	0.00	0.00
301257	普蕊斯	0	0	0.00	0.00	0.00	0.00	0.00	0.00/-23.26	0.00	0.00
301258	富士莱	0	0	0.00	0.00	0.00	0.00	0.00	0.00/-23.26	0.00	0.00
301259	艾布鲁	0	0	0.00	0.00	0.00	0.00	0.00	0.00/-23.26	0.00	0.00
301260	格力博	0	0	0.00	0.00	0.00	0.00	0.00	0.00/-23.26	0.00	0.00
301261	恒工精密	0	0	0.00	0.00	0.00	0.00	0.00	0.00/-23.26	0.00	0.00
301262	海看股份	0	0	0.00	0.00	0.00	0.00	0.00	0.00/-23.26	0.00	0.00
301263	泰恩康	0	0	0.00	0.00	0.00	0.00	0.00	0.00/-23.26	0.00	0.00
301265	华新科技	0	0	0.00	0.00	0.00	0.00	0.00	0.00/-23.26	0.00	0.00
301266	宇邦新材	0	0	0.00	0.00	0.00	0.00	0.00	0.00/-23.26	0.00	0.00
301267	华厦眼科	0	0	0.00	0.00	0.00	0.00	0.00	0.00/-23.26	0.00	0.00
301268	铭利达	0	0	0.00	0.00	0.00	0.00	0.00	0.00/-23.26	0.00	0.00
301269	华大九天	0	0	0.00	0.00	0.00	0.00	0.00	0.00/-23.26	0.00	0.00
301270	汉仪股份	0	0	0.00	0.00	0.00	0.00	0.00	0.00/-23.26	0.00	0.00
301272	英华特	0	0	0.00	0.00	0.00	0.00	0.00	0.00/-23.26	0.00	0.00
301273	瑞晨环保	0	0	0.00	0.00	0.00	0.00	0.00	0.00/-23.26	0.00	0.00
301275	汉朔科技	0	0	0.00	0.00	0.00	0.00	0.00	0.00/-23.26	0.00	0.00
301276	嘉曼服饰	0	0	0.00	0.00	0.00	0.00	0.00	0.00/-23.26	0.00	0.00
301277	新天地	0	0	0.00	0.00	0.00	0.00	0.00	0.00/-23.26	0.00	0.00
301278	快可电子	0	0	0.00	0.00	0.00	0.00	0.00	0.00/-23.26	0.00	0.00
301279	金道科技	0	0	0.00	0.00	0.00	0.00	0.00	0.00/-23.26	0.00	0.00
301280	珠城科技	0	0	0.00	0.00	0.00	0.00	0.00	0.00/-23.26	0.00	0.00
301281	科源制药	0	0	0.00	0.00	0.00	0.00	0.00	0.00/-23.26	0.00	0.00
301282	金禄电子	0	0	0.00	0.00	0.00	0.00	0.00	0.00/-23.26	0.00	0.00
301283	聚胶股份	0	0	0.00	0.00	0.00	0.00	0.00	0.00/-23.26	0.00	0.00
301285	鸿日达	0	0	0.00	0.00	0.00	0.00	0.00	0.00/-23.26	0.00	0.00
301286	侨源股份	0	0	0.00	0.00	0.00	0.00	0.00	0.00/-23.26	0.00	0.00
301287	康力源	0	0	0.00	0.00	0.00	0.00	0.00	0.00/-23.26	0.00	0.00
301288	清研环境	0	0	0.00	0.00	0.00	0.00	0.00	0.00/-23.26	0.00	0.00
301289	国缆检测	0	0	0.00	0.00	0.00	0.00	0.00	0.00/-23.26	0.00	0.00
301290	东星医疗	0	0	0.00	0.00	0.00	0.00	0.00	0.00/-23.26	0.00	0.00
301291	明阳电气	0	0	0.00	0.00	0.00	0.00	0.00	0.00/-23.26	0.00	0.00
301292	海科新源	0	0	0.00	0.00	0.00	0.00	0.00	0.00/-23.26	0.00	0.00
301293	三博脑科	0	0	0.00	0.00	0.00	0.00	0.00	0.00/-23.26	0.00	0.00
301295	美硕科技	0	0	0.00	0.00	0.00	0.00	0.00	0.00/-23.26	0.00	0.00
301296	新巨丰	0	0	0.00	0.00	0.00	0.00	0.00	0.00/-23.26	0.00	0.00
301297	富乐德	0	0	0.00	0.00	0.00	0.00	0.00	0.00/-23.26	0.00	0.00
301298	东利机械	0	0	0.00	0.00	0.00	0.00	0.00	0.00/-23.26	0.00	0.00
301299	卓创资讯	0	0	0.00	0.00	0.00	0.00	0.00	0.00/-23.26	0.00	0.00
301300	远翔新材	0	0	0.00	0.00	0.00	0.00	0.00	0.00/-23.26	0.00	0.00
301301	川宁生物	0	0	0.00	0.00	0.00	0.00	0.00	0.00/-23.26	0.00	0.00
301302	华如科技	0	0	0.00	0.00	0.00	0.00	0.00	0.00/-23.26	0.00	0.00
301303	真兰仪表	0	0	0.00	0.00	0.00	0.00	0.00	0.00/-23.26	0.00	0.00
301305	朗坤科技	0	0	0.00	0.00	0.00	0.00	0.00	0.00/-23.26	0.00	0.00
301306	西测测试	0	0	0.00	0.00	0.00	0.00	0.00	0.00/-23.26	0.00	0.00
301307	美利信	0	0	0.00	0.00	0.00	0.00	0.00	0.00/-23.26	0.00	0.00
301308	江波龙	0	0	0.00	0.00	0.00	0.00	0.00	0.00/-23.26	0.00	0.00
301309	万得凯	0	0	0.00	0.00	0.00	0.00	0.00	0.00/-23.26	0.00	0.00
301310	鑫宏业	0	0	0.00	0.00	0.00	0.00	0.00	0.00/-23.26	0.00	0.00
301311	昆船智能	0	0	0.00	0.00	0.00	0.00	0.00	0.00/-23.26	0.00	0.00
301312	智立方	0	0	0.00	0.00	0.00	0.00	0.00	0.00/-23.26	0.00	0.00
301313	凡拓数创	0	0	0.00	0.00	0.00	0.00	0.00	0.00/-23.26	0.00	0.00
301314	科瑞思	0	0	0.00	0.00	0.00	0.00	0.00	0.00/-23.26	0.00	0.00
301315	威士顿	0	0	0.00	0.00	0.00	0.00	0.00	0.00/-23.26	0.00	0.00
301316	慧博云通	0	0	0.00	0.00	0.00	0.00	0.00	0.00/-23.26	0.00	0.00
301317	鑫磊股份	0	0	0.00	0.00	0.00	0.00	0.00	0.00/-23.26	0.00	0.00
301318	维海德	0	0	0.00	0.00	0.00	0.00	0.00	0.00/-23.26	0.00	0.00
301319	唯特偶	0	0	0.00	0.00	0.00	0.00	0.00	0.00/-23.26	0.00	0.00
301320	豪江智能	0	0	0.00	0.00	0.00	0.00	0.00	0.00/-23.26	0.00	0.00
301321	翰博高新	0	0	0.00	0.00	0.00	0.00	0.00	0.00/-23.26	0.00	0.00
301322	绿通科技	0	0	0.00	0.00	0.00	0.00	0.00	0.00/-23.26	0.00	0.00
301323	新莱福	0	0	0.00	0.00	0.00	0.00	0.00	0.00/-23.26	0.00	0.00
301325	曼恩斯特	0	0	0.00	0.00	0.00	0.00	0.00	0.00/-23.26	0.00	0.00
301326	捷邦科技	0	0	0.00	0.00	0.00	0.00	0.00	0.00/-23.26	0.00	0.00
301327	华宝新能	0	0	0.00	0.00	0.00	0.00	0.00	0.00/-23.26	0.00	0.00
301328	维峰电子	0	0	0.00	0.00	0.00	0.00	0.00	0.00/-23.26	0.00	0.00
301329	信音电子	0	0	0.00	0.00	0.00	0.00	0.00	0.00/-23.26	0.00	0.00
301330	熵基科技	0	0	0.00	0.00	0.00	0.00	0.00	0.00/-23.26	0.00	0.00
301331	恩威医药	0	0	0.00	0.00	0.00	0.00	0.00	0.00/-23.26	0.00	0.00
301332	德尔玛	0	0	0.00	0.00	0.00	0.00	0.00	0.00/-23.26	0.00	0.00
301333	诺思格	0	0	0.00	0.00	0.00	0.00	0.00	0.00/-23.26	0.00	0.00
301335	天元宠物	0	0	0.00	0.00	0.00	0.00	0.00	0.00/-23.26	0.00	0.00
301336	趣睡科技	0	0	0.00	0.00	0.00	0.00	0.00	0.00/-23.26	0.00	0.00
301337	亚华电子	0	0	0.00	0.00	0.00	0.00	0.00	0.00/-23.26	0.00	0.00
301338	凯格精机	0	0	0.00	0.00	0.00	0.00	0.00	0.00/-23.26	0.00	0.00
301339	苏交数智	0	0	0.00	0.00	0.00	0.00	0.00	0.00/-23.26	0.00	0.00
301345	涛涛车业	0	0	0.00	0.00	0.00	0.00	0.00	0.00/-23.26	0.00	0.00
301348	蓝箭电子	0	0	0.00	0.00	0.00	0.00	0.00	0.00/-23.26	0.00	0.00
301349	信德新材	0	0	0.00	0.00	0.00	0.00	0.00	0.00/-23.26	0.00	0.00
301353	普莱得	0	0	0.00	0.00	0.00	0.00	0.00	0.00/-23.26	0.00	0.00
301355	南王科技	0	0	0.00	0.00	0.00	0.00	0.00	0.00/-23.26	0.00	0.00
301356	天振股份	0	0	0.00	0.00	0.00	0.00	0.00	0.00/-23.26	0.00	0.00
301357	北方长龙	0	0	0.00	0.00	0.00	0.00	0.00	0.00/-23.26	0.00	0.00
301358	湖南裕能	0	0	0.00	0.00	0.00	0.00	0.00	0.00/-23.26	0.00	0.00
301359	东南电子	0	0	0.00	0.00	0.00	0.00	0.00	0.00/-23.26	0.00	0.00
301360	荣旗科技	0	0	0.00	0.00	0.00	0.00	0.00	0.00/-23.26	0.00	0.00
301361	众智科技	0	0	0.00	0.00	0.00	0.00	0.00	0.00/-23.26	0.00	0.00
301362	民爆光电	0	0	0.00	0.00	0.00	0.00	0.00	0.00/-23.26	0.00	0.00
301363	美好医疗	0	0	0.00	0.00	0.00	0.00	0.00	0.00/-23.26	0.00	0.00
301365	矩阵股份	0	0	0.00	0.00	0.00	0.00	0.00	0.00/-23.26	0.00	0.00
301366	一博科技	0	0	0.00	0.00	0.00	0.00	0.00	0.00/-23.26	0.00	0.00
301367	瑞迈特	0	0	0.00	0.00	0.00	0.00	0.00	0.00/-23.26	0.00	0.00
301368	丰立智能	0	0	0.00	0.00	0.00	0.00	0.00	0.00/-23.26	0.00	0.00
301369	联动科技	0	0	0.00	0.00	0.00	0.00	0.00	0.00/-23.26	0.00	0.00
301370	国科恒泰	0	0	0.00	0.00	0.00	0.00	0.00	0.00/-23.26	0.00	0.00
301371	敷尔佳	0	0	0.00	0.00	0.00	0.00	0.00	0.00/-23.26	0.00	0.00
301372	科净源	0	0	0.00	0.00	0.00	0.00	0.00	0.00/-23.26	0.00	0.00
301373	凌玮科技	0	0	0.00	0.00	0.00	0.00	0.00	0.00/-23.26	0.00	0.00
301376	致欧科技	0	0	0.00	0.00	0.00	0.00	0.00	0.00/-23.26	0.00	0.00
301377	鼎泰高科	0	0	0.00	0.00	0.00	0.00	0.00	0.00/-23.26	0.00	0.00
301378	通达海	0	0	0.00	0.00	0.00	0.00	0.00	0.00/-23.26	0.00	0.00
301379	天山电子	0	0	0.00	0.00	0.00	0.00	0.00	0.00/-23.26	0.00	0.00
301380	挖金客	0	0	0.00	0.00	0.00	0.00	0.00	0.00/-23.26	0.00	0.00
301381	赛维时代	0	0	0.00	0.00	0.00	0.00	0.00	0.00/-23.26	0.00	0.00
301382	蜂助手	0	0	0.00	0.00	0.00	0.00	0.00	0.00/-23.26	0.00	0.00
301383	天键股份	0	0	0.00	0.00	0.00	0.00	0.00	0.00/-23.26	0.00	0.00
301386	未来电器	0	0	0.00	0.00	0.00	0.00	0.00	0.00/-23.26	0.00	0.00
301387	光大同创	0	0	0.00	0.00	0.00	0.00	0.00	0.00/-23.26	0.00	0.00
301388	欣灵电气	0	0	0.00	0.00	0.00	0.00	0.00	0.00/-23.26	0.00	0.00
301389	隆扬电子	0	0	0.00	0.00	0.00	0.00	0.00	0.00/-23.26	0.00	0.00
301390	经纬股份	0	0	0.00	0.00	0.00	0.00	0.00	0.00/-23.26	0.00	0.00
301391	卡莱特	0	0	0.00	0.00	0.00	0.00	0.00	0.00/-23.26	0.00	0.00
301392	汇成真空	0	0	0.00	0.00	0.00	0.00	0.00	0.00/-23.26	0.00	0.00
301393	昊帆生物	0	0	0.00	0.00	0.00	0.00	0.00	0.00/-23.26	0.00	0.00
301395	仁信新材	0	0	0.00	0.00	0.00	0.00	0.00	0.00/-23.26	0.00	0.00
301396	宏景科技	0	0	0.00	0.00	0.00	0.00	0.00	0.00/-23.26	0.00	0.00
301397	溯联股份	0	0	0.00	0.00	0.00	0.00	0.00	0.00/-23.26	0.00	0.00
301398	星源卓镁	0	0	0.00	0.00	0.00	0.00	0.00	0.00/-23.26	0.00	0.00
301399	英特科技	0	0	0.00	0.00	0.00	0.00	0.00	0.00/-23.26	0.00	0.00
301408	华人健康	0	0	0.00	0.00	0.00	0.00	0.00	0.00/-23.26	0.00	0.00
301413	安培龙	0	0	0.00	0.00	0.00	0.00	0.00	0.00/-23.26	0.00	0.00
301418	协昌科技	0	0	0.00	0.00	0.00	0.00	0.00	0.00/-23.26	0.00	0.00
301419	阿莱德	0	0	0.00	0.00	0.00	0.00	0.00	0.00/-23.26	0.00	0.00
301421	波长光电	0	0	0.00	0.00	0.00	0.00	0.00	0.00/-23.26	0.00	0.00
301428	世纪恒通	0	0	0.00	0.00	0.00	0.00	0.00	0.00/-23.26	0.00	0.00
301429	森泰股份	0	0	0.00	0.00	0.00	0.00	0.00	0.00/-23.26	0.00	0.00
301439	泓淋电力	0	0	0.00	0.00	0.00	0.00	0.00	0.00/-23.26	0.00	0.00
301446	福事特	0	0	0.00	0.00	0.00	0.00	0.00	0.00/-23.26	0.00	0.00
301448	开创电气	0	0	0.00	0.00	0.00	0.00	0.00	0.00/-23.26	0.00	0.00
301449	天溯计量	0	0	0.00	0.00	0.00	0.00	0.00	0.00/-23.26	0.00	0.00
301456	盘古智能	0	0	0.00	0.00	0.00	0.00	0.00	0.00/-23.26	0.00	0.00
301458	钧崴电子	0	0	0.00	0.00	0.00	0.00	0.00	0.00/-23.26	0.00	0.00
301459	丰茂股份	0	0	0.00	0.00	0.00	0.00	0.00	0.00/-23.26	0.00	0.00
301468	博盈特焊	0	0	0.00	0.00	0.00	0.00	0.00	0.00/-23.26	0.00	0.00
301469	恒达新材	0	0	0.00	0.00	0.00	0.00	0.00	0.00/-23.26	0.00	0.00
301479	弘景光电	0	0	0.00	0.00	0.00	0.00	0.00	0.00/-23.26	0.00	0.00
301486	致尚科技	0	0	0.00	0.00	0.00	0.00	0.00	0.00/-23.26	0.00	0.00
301487	盟固利	0	0	0.00	0.00	0.00	0.00	0.00	0.00/-23.26	0.00	0.00
301488	豪恩汽电	0	0	0.00	0.00	0.00	0.00	0.00	0.00/-23.26	0.00	0.00
301489	思泉新材	0	0	0.00	0.00	0.00	0.00	0.00	0.00/-23.26	0.00	0.00
301491	汉桑科技	0	0	0.00	0.00	0.00	0.00	0.00	0.00/-23.26	0.00	0.00
301498	乖宝宠物	0	0	0.00	0.00	0.00	0.00	0.00	0.00/-23.26	0.00	0.00
301499	维科精密	0	0	0.00	0.00	0.00	0.00	0.00	0.00/-23.26	0.00	0.00
301500	飞南资源	0	0	0.00	0.00	0.00	0.00	0.00	0.00/-23.26	0.00	0.00
301501	恒鑫生活	0	0	0.00	0.00	0.00	0.00	0.00	0.00/-23.26	0.00	0.00
301502	华阳智能	0	0	0.00	0.00	0.00	0.00	0.00	0.00/-23.26	0.00	0.00
301503	智迪科技	0	0	0.00	0.00	0.00	0.00	0.00	0.00/-23.26	0.00	0.00
301505	苏州规划	0	0	0.00	0.00	0.00	0.00	0.00	0.00/-23.26	0.00	0.00
301507	民生健康	0	0	0.00	0.00	0.00	0.00	0.00	0.00/-23.26	0.00	0.00
301508	中机认检	0	0	0.00	0.00	0.00	0.00	0.00	0.00/-23.26	0.00	0.00
301509	金凯生科	0	0	0.00	0.00	0.00	0.00	0.00	0.00/-23.26	0.00	0.00
301510	固高科技	0	0	0.00	0.00	0.00	0.00	0.00	0.00/-23.26	0.00	0.00
301511	德福科技	0	0	0.00	0.00	0.00	0.00	0.00	0.00/-23.26	0.00	0.00
301512	智信精密	0	0	0.00	0.00	0.00	0.00	0.00	0.00/-23.26	0.00	0.00
301513	尚水智能	0	0	0.00	0.00	0.00	0.00	0.00	0.00/-23.26	0.00	0.00
301515	港通医疗	0	0	0.00	0.00	0.00	0.00	0.00	0.00/-23.26	0.00	0.00
301516	中远通	0	0	0.00	0.00	0.00	0.00	0.00	0.00/-23.26	0.00	0.00
301517	陕西华达	0	0	0.00	0.00	0.00	0.00	0.00	0.00/-23.26	0.00	0.00
301518	长华化学	0	0	0.00	0.00	0.00	0.00	0.00	0.00/-23.26	0.00	0.00
301519	舜禹股份	0	0	0.00	0.00	0.00	0.00	0.00	0.00/-23.26	0.00	0.00
301520	万邦医药	0	0	0.00	0.00	0.00	0.00	0.00	0.00/-23.26	0.00	0.00
301522	上大股份	0	0	0.00	0.00	0.00	0.00	0.00	0.00/-23.26	0.00	0.00
301525	儒竞科技	0	0	0.00	0.00	0.00	0.00	0.00	0.00/-23.26	0.00	0.00
301526	国际复材	0	0	0.00	0.00	0.00	0.00	0.00	0.00/-23.26	0.00	0.00
301528	多浦乐	0	0	0.00	0.00	0.00	0.00	0.00	0.00/-23.26	0.00	0.00
301529	福赛科技	0	0	0.00	0.00	0.00	0.00	0.00	0.00/-23.26	0.00	0.00
301531	春光集团	0	0	0.00	0.00	0.00	0.00	0.00	0.00/-23.26	0.00	0.00
301533	威马农机	0	0	0.00	0.00	0.00	0.00	0.00	0.00/-23.26	0.00	0.00
301535	浙江华远	0	0	0.00	0.00	0.00	0.00	0.00	0.00/-23.26	0.00	0.00
301536	星宸科技	0	0	0.00	0.00	0.00	0.00	0.00	0.00/-23.26	0.00	0.00
301538	骏鼎达	0	0	0.00	0.00	0.00	0.00	0.00	0.00/-23.26	0.00	0.00
301539	宏鑫科技	0	0	0.00	0.00	0.00	0.00	0.00	0.00/-23.26	0.00	0.00
301548	崇德科技	0	0	0.00	0.00	0.00	0.00	0.00	0.00/-23.26	0.00	0.00
301550	斯菱智驱	0	0	0.00	0.00	0.00	0.00	0.00	0.00/-23.26	0.00	0.00
301551	无线传媒	0	0	0.00	0.00	0.00	0.00	0.00	0.00/-23.26	0.00	0.00
301552	科力装备	0	0	0.00	0.00	0.00	0.00	0.00	0.00/-23.26	0.00	0.00
301555	惠柏新材	0	0	0.00	0.00	0.00	0.00	0.00	0.00/-23.26	0.00	0.00
301556	托普云农	0	0	0.00	0.00	0.00	0.00	0.00	0.00/-23.26	0.00	0.00
301557	常友科技	0	0	0.00	0.00	0.00	0.00	0.00	0.00/-23.26	0.00	0.00
301558	三态股份	0	0	0.00	0.00	0.00	0.00	0.00	0.00/-23.26	0.00	0.00
301559	中集环科	0	0	0.00	0.00	0.00	0.00	0.00	0.00/-23.26	0.00	0.00
301560	众捷股份	0	0	0.00	0.00	0.00	0.00	0.00	0.00/-23.26	0.00	0.00
301563	云汉芯城	0	0	0.00	0.00	0.00	0.00	0.00	0.00/-23.26	0.00	0.00
301565	中仑新材	0	0	0.00	0.00	0.00	0.00	0.00	0.00/-23.26	0.00	0.00
301566	达利凯普	0	0	0.00	0.00	0.00	0.00	0.00	0.00/-23.26	0.00	0.00
301567	贝隆精密	0	0	0.00	0.00	0.00	0.00	0.00	0.00/-23.26	0.00	0.00
301568	思泰克	0	0	0.00	0.00	0.00	0.00	0.00	0.00/-23.26	0.00	0.00
301571	国科天成	0	0	0.00	0.00	0.00	0.00	0.00	0.00/-23.26	0.00	0.00
301575	艾芬达	0	0	0.00	0.00	0.00	0.00	0.00	0.00/-23.26	0.00	0.00
301577	美信科技	0	0	0.00	0.00	0.00	0.00	0.00	0.00/-23.26	0.00	0.00
301578	辰奕智能	0	0	0.00	0.00	0.00	0.00	0.00	0.00/-23.26	0.00	0.00
301580	爱迪特	0	0	0.00	0.00	0.00	0.00	0.00	0.00/-23.26	0.00	0.00
301581	黄山谷捷	0	0	0.00	0.00	0.00	0.00	0.00	0.00/-23.26	0.00	0.00
301583	托伦斯	0	0	0.00	0.00	0.00	0.00	0.00	0.00/-23.26	0.00	0.00
301584	建发致新	0	0	0.00	0.00	0.00	0.00	0.00	0.00/-23.26	0.00	0.00
301585	蓝宇股份	0	0	0.00	0.00	0.00	0.00	0.00	0.00/-23.26	0.00	0.00
301586	佳力奇	0	0	0.00	0.00	0.00	0.00	0.00	0.00/-23.26	0.00	0.00
301587	中瑞股份	0	0	0.00	0.00	0.00	0.00	0.00	0.00/-23.26	0.00	0.00
301588	美新科技	0	0	0.00	0.00	0.00	0.00	0.00	0.00/-23.26	0.00	0.00
301589	诺瓦星云	0	0	0.00	0.00	0.00	0.00	0.00	0.00/-23.26	0.00	0.00
301590	优优绿能	0	0	0.00	0.00	0.00	0.00	0.00	0.00/-23.26	0.00	0.00
301591	肯特股份	0	0	0.00	0.00	0.00	0.00	0.00	0.00/-23.26	0.00	0.00
301592	六九一二	0	0	0.00	0.00	0.00	0.00	0.00	0.00/-23.26	0.00	0.00
301595	太力科技	0	0	0.00	0.00	0.00	0.00	0.00	0.00/-23.26	0.00	0.00
301596	瑞迪智驱	0	0	0.00	0.00	0.00	0.00	0.00	0.00/-23.26	0.00	0.00
301598	博科测试	0	0	0.00	0.00	0.00	0.00	0.00	0.00/-23.26	0.00	0.00
301599	理奇智能	0	0	0.00	0.00	0.00	0.00	0.00	0.00/-23.26	0.00	0.00
301600	慧翰股份	0	0	0.00	0.00	0.00	0.00	0.00	0.00/-23.26	0.00	0.00
301601	惠通科技	0	0	0.00	0.00	0.00	0.00	0.00	0.00/-23.26	0.00	0.00
301602	超研股份	0	0	0.00	0.00	0.00	0.00	0.00	0.00/-23.26	0.00	0.00
301606	绿联科技	0	0	0.00	0.00	0.00	0.00	0.00	0.00/-23.26	0.00	0.00
301607	富特科技	0	0	0.00	0.00	0.00	0.00	0.00	0.00/-23.26	0.00	0.00
301608	博实结	0	0	0.00	0.00	0.00	0.00	0.00	0.00/-23.26	0.00	0.00
301609	山大电力	0	0	0.00	0.00	0.00	0.00	0.00	0.00/-23.26	0.00	0.00
301611	珂玛科技	0	0	0.00	0.00	0.00	0.00	0.00	0.00/-23.26	0.00	0.00
301613	新铝时代	0	0	0.00	0.00	0.00	0.00	0.00	0.00/-23.26	0.00	0.00
301616	浙江华业	0	0	0.00	0.00	0.00	0.00	0.00	0.00/-23.26	0.00	0.00
301617	博苑新材	0	0	0.00	0.00	0.00	0.00	0.00	0.00/-23.26	0.00	0.00
301618	长联科技	0	0	0.00	0.00	0.00	0.00	0.00	0.00/-23.26	0.00	0.00
301622	英思特	0	0	0.00	0.00	0.00	0.00	0.00	0.00/-23.26	0.00	0.00
301626	苏州天脉	0	0	0.00	0.00	0.00	0.00	0.00	0.00/-23.26	0.00	0.00
301628	强达电路	0	0	0.00	0.00	0.00	0.00	0.00	0.00/-23.26	0.00	0.00
301629	矽电股份	0	0	0.00	0.00	0.00	0.00	0.00	0.00/-23.26	0.00	0.00
301630	同宇新材	0	0	0.00	0.00	0.00	0.00	0.00	0.00/-23.26	0.00	0.00
301631	壹连科技	0	0	0.00	0.00	0.00	0.00	0.00	0.00/-23.26	0.00	0.00
301632	广东建科	0	0	0.00	0.00	0.00	0.00	0.00	0.00/-23.26	0.00	0.00
301633	港迪技术	0	0	0.00	0.00	0.00	0.00	0.00	0.00/-23.26	0.00	0.00
301636	泽润新能	0	0	0.00	0.00	0.00	0.00	0.00	0.00/-23.26	0.00	0.00
301638	南网数字	0	0	0.00	0.00	0.00	0.00	0.00	0.00/-23.26	0.00	0.00
301655	绿控传动	0	0	0.00	0.00	0.00	0.00	0.00	0.00/-23.26	0.00	0.00
301656	联合动力	0	0	0.00	0.00	0.00	0.00	0.00	0.00/-23.26	0.00	0.00
301658	首航新能	0	0	0.00	0.00	0.00	0.00	0.00	0.00/-23.26	0.00	0.00
301662	宏工科技	0	0	0.00	0.00	0.00	0.00	0.00	0.00/-23.26	0.00	0.00
301665	泰禾股份	0	0	0.00	0.00	0.00	0.00	0.00	0.00/-23.26	0.00	0.00
301666	大普微-UW	0	0	0.00	0.00	0.00	0.00	0.00	0.00/-23.26	0.00	0.00
301667	纳百川	0	0	0.00	0.00	0.00	0.00	0.00	0.00/-23.26	0.00	0.00
301668	昊创瑞通	0	0	0.00	0.00	0.00	0.00	0.00	0.00/-23.26	0.00	0.00
301669	高特电子	0	0	0.00	0.00	0.00	0.00	0.00	0.00/-23.26	0.00	0.00
301677	欣兴工具	0	0	0.00	0.00	0.00	0.00	0.00	0.00/-23.26	0.00	0.00
301678	新恒汇	0	0	0.00	0.00	0.00	0.00	0.00	0.00/-23.26	0.00	0.00
301680	固德电材	0	0	0.00	0.00	0.00	0.00	0.00	0.00/-23.26	0.00	0.00
301682	宏明电子	0	0	0.00	0.00	0.00	0.00	0.00	0.00/-23.26	0.00	0.00
301683	慧谷新材	0	0	0.00	0.00	0.00	0.00	0.00	0.00/-23.26	0.00	0.00
301686	中塑股份	0	0	0.00	0.00	0.00	0.00	0.00	0.00/-23.26	0.00	0.00
301687	新广益	0	0	0.00	0.00	0.00	0.00	0.00	0.00/-23.26	0.00	0.00
301688	格林生物	0	0	0.00	0.00	0.00	0.00	0.00	0.00/-23.26	0.00	0.00
301689	电科思仪	0	0	0.00	0.00	0.00	0.00	0.00	0.00/-23.26	0.00	0.00
301696	三瑞智能	0	0	0.00	0.00	0.00	0.00	0.00	0.00/-23.26	0.00	0.00
301697	贝特利	0	0	0.00	0.00	0.00	0.00	0.00	0.00/-23.26	0.00	0.00
301699	洛轴股份	0	0	0.00	0.00	0.00	0.00	0.00	0.00/-23.26	0.00	0.00
301707	展芯股份	0	0	0.00	0.00	0.00	0.00	0.00	0.00/-23.26	0.00	0.00
301716	C鸿富诚	0	0	0.00	0.00	0.00	0.00	0.00	0.00/-23.26	0.00	0.00
301717	超纯应材	0	0	0.00	0.00	0.00	0.00	0.00	0.00/-23.26	0.00	0.00
302132	中航成飞	0	0	0.00	0.00	0.00	0.00	0.00	0.00/-23.26	0.00	0.00
600000	浦发银行	0	0	0.00	0.00	0.00	0.00	0.00	0.00/-23.26	0.00	0.00
600006	东风股份	0	0	0.00	0.00	0.00	0.00	0.00	0.00/-23.26	0.00	0.00
600007	中国国贸	0	0	0.00	0.00	0.00	0.00	0.00	0.00/-23.26	0.00	0.00
600008	首创环保	0	0	0.00	0.00	0.00	0.00	0.00	0.00/-23.26	0.00	0.00
600009	上海机场	0	0	0.00	0.00	0.00	0.00	0.00	0.00/-23.26	0.00	0.00
600010	包钢股份	0	0	0.00	0.00	0.00	0.00	0.00	0.00/-23.26	0.00	0.00
600011	华能国际	0	0	0.00	0.00	0.00	0.00	0.00	0.00/-23.26	0.00	0.00
600012	皖通高速	0	0	0.00	0.00	0.00	0.00	0.00	0.00/-23.26	0.00	0.00
600015	华夏银行	0	0	0.00	0.00	0.00	0.00	0.00	0.00/-23.26	0.00	0.00
600016	民生银行	0	0	0.00	0.00	0.00	0.00	0.00	0.00/-23.26	0.00	0.00
600017	日照港	0	0	0.00	0.00	0.00	0.00	0.00	0.00/-23.26	0.00	0.00
600018	上港集团	0	0	0.00	0.00	0.00	0.00	0.00	0.00/-23.26	0.00	0.00
600019	宝钢股份	0	0	0.00	0.00	0.00	0.00	0.00	0.00/-23.26	0.00	0.00
600020	中原高速	0	0	0.00	0.00	0.00	0.00	0.00	0.00/-23.26	0.00	0.00
600021	上海电力	0	0	0.00	0.00	0.00	0.00	0.00	0.00/-23.26	0.00	0.00
600022	山东钢铁	0	0	0.00	0.00	0.00	0.00	0.00	0.00/-23.26	0.00	0.00
600023	浙能电力	0	0	0.00	0.00	0.00	0.00	0.00	0.00/-23.26	0.00	0.00
600025	华能水电	0	0	0.00	0.00	0.00	0.00	0.00	0.00/-23.26	0.00	0.00
600026	中远海能	0	0	0.00	0.00	0.00	0.00	0.00	0.00/-23.26	0.00	0.00
600027	华电国际	0	0	0.00	0.00	0.00	0.00	0.00	0.00/-23.26	0.00	0.00
600028	XD中国石	0	0	0.00	0.00	0.00	0.00	0.00	0.00/-23.26	0.00	0.00
600029	南方航空	0	0	0.00	0.00	0.00	0.00	0.00	0.00/-23.26	0.00	0.00
600030	中信证券	0	0	0.00	0.00	0.00	0.00	0.00	0.00/-23.26	0.00	0.00
600031	三一重工	0	0	0.00	0.00	0.00	0.00	0.00	0.00/-23.26	0.00	0.00
600032	浙江新能	0	0	0.00	0.00	0.00	0.00	0.00	0.00/-23.26	0.00	0.00
600033	福建高速	0	0	0.00	0.00	0.00	0.00	0.00	0.00/-23.26	0.00	0.00
600035	楚天高速	0	0	0.00	0.00	0.00	0.00	0.00	0.00/-23.26	0.00	0.00
600036	招商银行	0	0	0.00	0.00	0.00	0.00	0.00	0.00/-23.26	0.00	0.00
600037	歌华有线	0	0	0.00	0.00	0.00	0.00	0.00	0.00/-23.26	0.00	0.00
600038	中直股份	0	0	0.00	0.00	0.00	0.00	0.00	0.00/-23.26	0.00	0.00
600039	四川路桥	0	0	0.00	0.00	0.00	0.00	0.00	0.00/-23.26	0.00	0.00
600048	保利发展	0	0	0.00	0.00	0.00	0.00	0.00	0.00/-23.26	0.00	0.00
600050	中国联通	0	0	0.00	0.00	0.00	0.00	0.00	0.00/-23.26	0.00	0.00
600051	宁波联合	0	0	0.00	0.00	0.00	0.00	0.00	0.00/-23.26	0.00	0.00
600052	东望时代	0	0	0.00	0.00	0.00	0.00	0.00	0.00/-23.26	0.00	0.00
600053	*ST九鼎	0	0	0.00	0.00	0.00	0.00	0.00	0.00/-23.26	0.00	0.00
600054	黄山旅游	0	0	0.00	0.00	0.00	0.00	0.00	0.00/-23.26	0.00	0.00
600055	万东医疗	0	0	0.00	0.00	0.00	0.00	0.00	0.00/-23.26	0.00	0.00
600057	厦门象屿	0	0	0.00	0.00	0.00	0.00	0.00	0.00/-23.26	0.00	0.00
600058	五矿发展	0	0	0.00	0.00	0.00	0.00	0.00	0.00/-23.26	0.00	0.00
600059	古越龙山	0	0	0.00	0.00	0.00	0.00	0.00	0.00/-23.26	0.00	0.00
600060	海信视像	0	0	0.00	0.00	0.00	0.00	0.00	0.00/-23.26	0.00	0.00
600061	国投资本	0	0	0.00	0.00	0.00	0.00	0.00	0.00/-23.26	0.00	0.00
600062	华润双鹤	0	0	0.00	0.00	0.00	0.00	0.00	0.00/-23.26	0.00	0.00
600063	皖维高新	0	0	0.00	0.00	0.00	0.00	0.00	0.00/-23.26	0.00	0.00
600064	南京高科	0	0	0.00	0.00	0.00	0.00	0.00	0.00/-23.26	0.00	0.00
600066	宇通客车	0	0	0.00	0.00	0.00	0.00	0.00	0.00/-23.26	0.00	0.00
600071	凤凰光学	0	0	0.00	0.00	0.00	0.00	0.00	0.00/-23.26	0.00	0.00
600072	中船科技	0	0	0.00	0.00	0.00	0.00	0.00	0.00/-23.26	0.00	0.00
600073	光明肉业	0	0	0.00	0.00	0.00	0.00	0.00	0.00/-23.26	0.00	0.00
600075	新疆天业	0	0	0.00	0.00	0.00	0.00	0.00	0.00/-23.26	0.00	0.00
600076	康欣新材	0	0	0.00	0.00	0.00	0.00	0.00	0.00/-23.26	0.00	0.00
600078	澄星股份	0	0	0.00	0.00	0.00	0.00	0.00	0.00/-23.26	0.00	0.00
600079	ST人福	0	0	0.00	0.00	0.00	0.00	0.00	0.00/-23.26	0.00	0.00
600080	ST金花	0	0	0.00	0.00	0.00	0.00	0.00	0.00/-23.26	0.00	0.00
600081	东风科技	0	0	0.00	0.00	0.00	0.00	0.00	0.00/-23.26	0.00	0.00
600082	ST海泰	0	0	0.00	0.00	0.00	0.00	0.00	0.00/-23.26	0.00	0.00
600084	*ST尼雅	0	0	0.00	0.00	0.00	0.00	0.00	0.00/-23.26	0.00	0.00
600094	大名城	0	0	0.00	0.00	0.00	0.00	0.00	0.00/-23.26	0.00	0.00
600095	湘财股份	0	0	0.00	0.00	0.00	0.00	0.00	0.00/-23.26	0.00	0.00
600096	云天化	0	0	0.00	0.00	0.00	0.00	0.00	0.00/-23.26	0.00	0.00
600097	开创国际	0	0	0.00	0.00	0.00	0.00	0.00	0.00/-23.26	0.00	0.00
600098	广州发展	0	0	0.00	0.00	0.00	0.00	0.00	0.00/-23.26	0.00	0.00
600099	林海股份	0	0	0.00	0.00	0.00	0.00	0.00	0.00/-23.26	0.00	0.00
600100	同方股份	0	0	0.00	0.00	0.00	0.00	0.00	0.00/-23.26	0.00	0.00
600101	明星电力	0	0	0.00	0.00	0.00	0.00	0.00	0.00/-23.26	0.00	0.00
600103	青山纸业	0	0	0.00	0.00	0.00	0.00	0.00	0.00/-23.26	0.00	0.00
600104	上汽集团	0	0	0.00	0.00	0.00	0.00	0.00	0.00/-23.26	0.00	0.00
600106	重庆路桥	0	0	0.00	0.00	0.00	0.00	0.00	0.00/-23.26	0.00	0.00
600107	*ST尔雅	0	0	0.00	0.00	0.00	0.00	0.00	0.00/-23.26	0.00	0.00
600109	国金证券	0	0	0.00	0.00	0.00	0.00	0.00	0.00/-23.26	0.00	0.00
600110	诺德股份	0	0	0.00	0.00	0.00	0.00	0.00	0.00/-23.26	0.00	0.00
600113	浙江东日	0	0	0.00	0.00	0.00	0.00	0.00	0.00/-23.26	0.00	0.00
600114	东睦股份	0	0	0.00	0.00	0.00	0.00	0.00	0.00/-23.26	0.00	0.00
600115	中国东航	0	0	0.00	0.00	0.00	0.00	0.00	0.00/-23.26	0.00	0.00
600116	三峡水利	0	0	0.00	0.00	0.00	0.00	0.00	0.00/-23.26	0.00	0.00
600117	西宁特钢	0	0	0.00	0.00	0.00	0.00	0.00	0.00/-23.26	0.00	0.00
600118	中国卫星	0	0	0.00	0.00	0.00	0.00	0.00	0.00/-23.26	0.00	0.00
600119	*ST长投	0	0	0.00	0.00	0.00	0.00	0.00	0.00/-23.26	0.00	0.00
600120	浙江东方	0	0	0.00	0.00	0.00	0.00	0.00	0.00/-23.26	0.00	0.00
600121	郑州煤电	0	0	0.00	0.00	0.00	0.00	0.00	0.00/-23.26	0.00	0.00
600123	兰花科创	0	0	0.00	0.00	0.00	0.00	0.00	0.00/-23.26	0.00	0.00
600125	铁龙物流	0	0	0.00	0.00	0.00	0.00	0.00	0.00/-23.26	0.00	0.00
600126	杭钢股份	0	0	0.00	0.00	0.00	0.00	0.00	0.00/-23.26	0.00	0.00
600127	金健米业	0	0	0.00	0.00	0.00	0.00	0.00	0.00/-23.26	0.00	0.00
600128	苏豪弘业	0	0	0.00	0.00	0.00	0.00	0.00	0.00/-23.26	0.00	0.00
600129	太极集团	0	0	0.00	0.00	0.00	0.00	0.00	0.00/-23.26	0.00	0.00
600130	波导股份	0	0	0.00	0.00	0.00	0.00	0.00	0.00/-23.26	0.00	0.00
600131	国网信通	0	0	0.00	0.00	0.00	0.00	0.00	0.00/-23.26	0.00	0.00
600132	重庆啤酒	0	0	0.00	0.00	0.00	0.00	0.00	0.00/-23.26	0.00	0.00
600135	乐凯胶片	0	0	0.00	0.00	0.00	0.00	0.00	0.00/-23.26	0.00	0.00
600136	ST明诚	0	0	0.00	0.00	0.00	0.00	0.00	0.00/-23.26	0.00	0.00
600137	浪莎股份	0	0	0.00	0.00	0.00	0.00	0.00	0.00/-23.26	0.00	0.00
600141	兴发集团	0	0	0.00	0.00	0.00	0.00	0.00	0.00/-23.26	0.00	0.00
600143	金发科技	0	0	0.00	0.00	0.00	0.00	0.00	0.00/-23.26	0.00	0.00
600148	长春一东	0	0	0.00	0.00	0.00	0.00	0.00	0.00/-23.26	0.00	0.00
600149	廊坊发展	0	0	0.00	0.00	0.00	0.00	0.00	0.00/-23.26	0.00	0.00
600150	中国船舶	0	0	0.00	0.00	0.00	0.00	0.00	0.00/-23.26	0.00	0.00
600152	维科技术	0	0	0.00	0.00	0.00	0.00	0.00	0.00/-23.26	0.00	0.00
600155	华创云信	0	0	0.00	0.00	0.00	0.00	0.00	0.00/-23.26	0.00	0.00
600156	华升股份	0	0	0.00	0.00	0.00	0.00	0.00	0.00/-23.26	0.00	0.00
600157	永泰能源	0	0	0.00	0.00	0.00	0.00	0.00	0.00/-23.26	0.00	0.00
600158	中体产业	0	0	0.00	0.00	0.00	0.00	0.00	0.00/-23.26	0.00	0.00
600159	大龙地产	0	0	0.00	0.00	0.00	0.00	0.00	0.00/-23.26	0.00	0.00
600162	香江控股	0	0	0.00	0.00	0.00	0.00	0.00	0.00/-23.26	0.00	0.00
600163	中闽能源	0	0	0.00	0.00	0.00	0.00	0.00	0.00/-23.26	0.00	0.00
600165	宁科生物	0	0	0.00	0.00	0.00	0.00	0.00	0.00/-23.26	0.00	0.00
600167	联美控股	0	0	0.00	0.00	0.00	0.00	0.00	0.00/-23.26	0.00	0.00
600168	武汉控股	0	0	0.00	0.00	0.00	0.00	0.00	0.00/-23.26	0.00	0.00
600169	ST太重	0	0	0.00	0.00	0.00	0.00	0.00	0.00/-23.26	0.00	0.00
600170	上海建工	0	0	0.00	0.00	0.00	0.00	0.00	0.00/-23.26	0.00	0.00
600171	上海贝岭	0	0	0.00	0.00	0.00	0.00	0.00	0.00/-23.26	0.00	0.00
600172	黄河旋风	0	0	0.00	0.00	0.00	0.00	0.00	0.00/-23.26	0.00	0.00
600173	卧龙新能	0	0	0.00	0.00	0.00	0.00	0.00	0.00/-23.26	0.00	0.00
600176	中国巨石	0	0	0.00	0.00	0.00	0.00	0.00	0.00/-23.26	0.00	0.00
600177	雅戈尔	0	0	0.00	0.00	0.00	0.00	0.00	0.00/-23.26	0.00	0.00
600178	东安动力	0	0	0.00	0.00	0.00	0.00	0.00	0.00/-23.26	0.00	0.00
600179	安通控股	0	0	0.00	0.00	0.00	0.00	0.00	0.00/-23.26	0.00	0.00
600180	*ST瑞茂	0	0	0.00	0.00	0.00	0.00	0.00	0.00/-23.26	0.00	0.00
600182	S佳通	0	0	0.00	0.00	0.00	0.00	0.00	0.00/-23.26	0.00	0.00
600183	生益科技	0	0	0.00	0.00	0.00	0.00	0.00	0.00/-23.26	0.00	0.00
600184	光电股份	0	0	0.00	0.00	0.00	0.00	0.00	0.00/-23.26	0.00	0.00
600185	珠免集团	0	0	0.00	0.00	0.00	0.00	0.00	0.00/-23.26	0.00	0.00
600186	莲花控股	0	0	0.00	0.00	0.00	0.00	0.00	0.00/-23.26	0.00	0.00
600187	*ST国中	0	0	0.00	0.00	0.00	0.00	0.00	0.00/-23.26	0.00	0.00
600188	兖矿能源	0	0	0.00	0.00	0.00	0.00	0.00	0.00/-23.26	0.00	0.00
600189	泉阳泉	0	0	0.00	0.00	0.00	0.00	0.00	0.00/-23.26	0.00	0.00
600191	华资实业	0	0	0.00	0.00	0.00	0.00	0.00	0.00/-23.26	0.00	0.00
600192	长城电工	0	0	0.00	0.00	0.00	0.00	0.00	0.00/-23.26	0.00	0.00
600195	中牧股份	0	0	0.00	0.00	0.00	0.00	0.00	0.00/-23.26	0.00	0.00
600196	复星医药	0	0	0.00	0.00	0.00	0.00	0.00	0.00/-23.26	0.00	0.00
600197	伊力特	0	0	0.00	0.00	0.00	0.00	0.00	0.00/-23.26	0.00	0.00
600198	大唐电信	0	0	0.00	0.00	0.00	0.00	0.00	0.00/-23.26	0.00	0.00
600199	金种子酒	0	0	0.00	0.00	0.00	0.00	0.00	0.00/-23.26	0.00	0.00
600202	哈空调	0	0	0.00	0.00	0.00	0.00	0.00	0.00/-23.26	0.00	0.00
600203	福日电子	0	0	0.00	0.00	0.00	0.00	0.00	0.00/-23.26	0.00	0.00
600206	有研新材	0	0	0.00	0.00	0.00	0.00	0.00	0.00/-23.26	0.00	0.00
600207	安彩高科	0	0	0.00	0.00	0.00	0.00	0.00	0.00/-23.26	0.00	0.00
600208	衢州发展	0	0	0.00	0.00	0.00	0.00	0.00	0.00/-23.26	0.00	0.00
600210	紫江企业	0	0	0.00	0.00	0.00	0.00	0.00	0.00/-23.26	0.00	0.00
600211	西藏药业	0	0	0.00	0.00	0.00	0.00	0.00	0.00/-23.26	0.00	0.00
600212	绿能慧充	0	0	0.00	0.00	0.00	0.00	0.00	0.00/-23.26	0.00	0.00
600215	派斯林	0	0	0.00	0.00	0.00	0.00	0.00	0.00/-23.26	0.00	0.00
600217	中再资环	0	0	0.00	0.00	0.00	0.00	0.00	0.00/-23.26	0.00	0.00
600218	全柴动力	0	0	0.00	0.00	0.00	0.00	0.00	0.00/-23.26	0.00	0.00
600219	南山铝业	0	0	0.00	0.00	0.00	0.00	0.00	0.00/-23.26	0.00	0.00
600221	海航控股	0	0	0.00	0.00	0.00	0.00	0.00	0.00/-23.26	0.00	0.00
600222	太龙药业	0	0	0.00	0.00	0.00	0.00	0.00	0.00/-23.26	0.00	0.00
600223	福瑞达	0	0	0.00	0.00	0.00	0.00	0.00	0.00/-23.26	0.00	0.00
600226	亨通股份	0	0	0.00	0.00	0.00	0.00	0.00	0.00/-23.26	0.00	0.00
600227	赤天化	0	0	0.00	0.00	0.00	0.00	0.00	0.00/-23.26	0.00	0.00
600228	返利科技	0	0	0.00	0.00	0.00	0.00	0.00	0.00/-23.26	0.00	0.00
600229	城市传媒	0	0	0.00	0.00	0.00	0.00	0.00	0.00/-23.26	0.00	0.00
600230	沧州大化	0	0	0.00	0.00	0.00	0.00	0.00	0.00/-23.26	0.00	0.00
600231	凌钢股份	0	0	0.00	0.00	0.00	0.00	0.00	0.00/-23.26	0.00	0.00
600232	金鹰股份	0	0	0.00	0.00	0.00	0.00	0.00	0.00/-23.26	0.00	0.00
600233	圆通速递	0	0	0.00	0.00	0.00	0.00	0.00	0.00/-23.26	0.00	0.00
600234	科新发展	0	0	0.00	0.00	0.00	0.00	0.00	0.00/-23.26	0.00	0.00
600235	民丰特纸	0	0	0.00	0.00	0.00	0.00	0.00	0.00/-23.26	0.00	0.00
600236	桂冠电力	0	0	0.00	0.00	0.00	0.00	0.00	0.00/-23.26	0.00	0.00
600237	铜峰电子	0	0	0.00	0.00	0.00	0.00	0.00	0.00/-23.26	0.00	0.00
600238	ST椰岛	0	0	0.00	0.00	0.00	0.00	0.00	0.00/-23.26	0.00	0.00
600239	ST云城	0	0	0.00	0.00	0.00	0.00	0.00	0.00/-23.26	0.00	0.00
600241	时代万恒	0	0	0.00	0.00	0.00	0.00	0.00	0.00/-23.26	0.00	0.00
600243	*ST海华	0	0	0.00	0.00	0.00	0.00	0.00	0.00/-23.26	0.00	0.00
600246	万通发展	0	0	0.00	0.00	0.00	0.00	0.00	0.00/-23.26	0.00	0.00
600248	陕建股份	0	0	0.00	0.00	0.00	0.00	0.00	0.00/-23.26	0.00	0.00
600249	两面针	0	0	0.00	0.00	0.00	0.00	0.00	0.00/-23.26	0.00	0.00
600250	南京商旅	0	0	0.00	0.00	0.00	0.00	0.00	0.00/-23.26	0.00	0.00
600251	冠农股份	0	0	0.00	0.00	0.00	0.00	0.00	0.00/-23.26	0.00	0.00
600255	鑫科材料	0	0	0.00	0.00	0.00	0.00	0.00	0.00/-23.26	0.00	0.00
600256	广汇能源	0	0	0.00	0.00	0.00	0.00	0.00	0.00/-23.26	0.00	0.00
600257	大湖股份	0	0	0.00	0.00	0.00	0.00	0.00	0.00/-23.26	0.00	0.00
600258	首旅酒店	0	0	0.00	0.00	0.00	0.00	0.00	0.00/-23.26	0.00	0.00
600259	中稀有色	0	0	0.00	0.00	0.00	0.00	0.00	0.00/-23.26	0.00	0.00
600261	阳光照明	0	0	0.00	0.00	0.00	0.00	0.00	0.00/-23.26	0.00	0.00
600262	北方股份	0	0	0.00	0.00	0.00	0.00	0.00	0.00/-23.26	0.00	0.00
600265	*ST景谷	0	0	0.00	0.00	0.00	0.00	0.00	0.00/-23.26	0.00	0.00
600266	城建发展	0	0	0.00	0.00	0.00	0.00	0.00	0.00/-23.26	0.00	0.00
600267	海正药业	0	0	0.00	0.00	0.00	0.00	0.00	0.00/-23.26	0.00	0.00
600268	国电南自	0	0	0.00	0.00	0.00	0.00	0.00	0.00/-23.26	0.00	0.00
600269	赣粤高速	0	0	0.00	0.00	0.00	0.00	0.00	0.00/-23.26	0.00	0.00
600271	航天信息	0	0	0.00	0.00	0.00	0.00	0.00	0.00/-23.26	0.00	0.00
600272	开开实业	0	0	0.00	0.00	0.00	0.00	0.00	0.00/-23.26	0.00	0.00
600273	嘉化能源	0	0	0.00	0.00	0.00	0.00	0.00	0.00/-23.26	0.00	0.00
600278	东方创业	0	0	0.00	0.00	0.00	0.00	0.00	0.00/-23.26	0.00	0.00
600279	重庆港	0	0	0.00	0.00	0.00	0.00	0.00	0.00/-23.26	0.00	0.00
600280	中央商场	0	0	0.00	0.00	0.00	0.00	0.00	0.00/-23.26	0.00	0.00
600281	华阳新材	0	0	0.00	0.00	0.00	0.00	0.00	0.00/-23.26	0.00	0.00
600282	南钢股份	0	0	0.00	0.00	0.00	0.00	0.00	0.00/-23.26	0.00	0.00
600283	钱江水利	0	0	0.00	0.00	0.00	0.00	0.00	0.00/-23.26	0.00	0.00
600284	浦东建设	0	0	0.00	0.00	0.00	0.00	0.00	0.00/-23.26	0.00	0.00
600285	羚锐制药	0	0	0.00	0.00	0.00	0.00	0.00	0.00/-23.26	0.00	0.00
600287	苏豪时尚	0	0	0.00	0.00	0.00	0.00	0.00	0.00/-23.26	0.00	0.00
600289	ST信通	0	0	0.00	0.00	0.00	0.00	0.00	0.00/-23.26	0.00	0.00
600292	电投水电	0	0	0.00	0.00	0.00	0.00	0.00	0.00/-23.26	0.00	0.00
600293	三峡新材	0	0	0.00	0.00	0.00	0.00	0.00	0.00/-23.26	0.00	0.00
600295	鄂尔多斯	0	0	0.00	0.00	0.00	0.00	0.00	0.00/-23.26	0.00	0.00
600299	安迪苏	0	0	0.00	0.00	0.00	0.00	0.00	0.00/-23.26	0.00	0.00
600300	维维股份	0	0	0.00	0.00	0.00	0.00	0.00	0.00/-23.26	0.00	0.00
600301	华锡有色	0	0	0.00	0.00	0.00	0.00	0.00	0.00/-23.26	0.00	0.00
600302	ST标准	0	0	0.00	0.00	0.00	0.00	0.00	0.00/-23.26	0.00	0.00
600303	曙光股份	0	0	0.00	0.00	0.00	0.00	0.00	0.00/-23.26	0.00	0.00
600307	酒钢宏兴	0	0	0.00	0.00	0.00	0.00	0.00	0.00/-23.26	0.00	0.00
600308	华泰股份	0	0	0.00	0.00	0.00	0.00	0.00	0.00/-23.26	0.00	0.00
600309	万华化学	0	0	0.00	0.00	0.00	0.00	0.00	0.00/-23.26	0.00	0.00
600310	广西能源	0	0	0.00	0.00	0.00	0.00	0.00	0.00/-23.26	0.00	0.00
600312	平高电气	0	0	0.00	0.00	0.00	0.00	0.00	0.00/-23.26	0.00	0.00
600313	农发种业	0	0	0.00	0.00	0.00	0.00	0.00	0.00/-23.26	0.00	0.00
600315	上海家化	0	0	0.00	0.00	0.00	0.00	0.00	0.00/-23.26	0.00	0.00
600316	洪都航空	0	0	0.00	0.00	0.00	0.00	0.00	0.00/-23.26	0.00	0.00
600318	新力金融	0	0	0.00	0.00	0.00	0.00	0.00	0.00/-23.26	0.00	0.00
600319	亚星化学	0	0	0.00	0.00	0.00	0.00	0.00	0.00/-23.26	0.00	0.00
600320	振华重工	0	0	0.00	0.00	0.00	0.00	0.00	0.00/-23.26	0.00	0.00
600325	华发股份	0	0	0.00	0.00	0.00	0.00	0.00	0.00/-23.26	0.00	0.00
600326	西藏天路	0	0	0.00	0.00	0.00	0.00	0.00	0.00/-23.26	0.00	0.00
600327	大东方	0	0	0.00	0.00	0.00	0.00	0.00	0.00/-23.26	0.00	0.00
600328	中盐化工	0	0	0.00	0.00	0.00	0.00	0.00	0.00/-23.26	0.00	0.00
600329	达仁堂	0	0	0.00	0.00	0.00	0.00	0.00	0.00/-23.26	0.00	0.00
600332	白云山	0	0	0.00	0.00	0.00	0.00	0.00	0.00/-23.26	0.00	0.00
600333	长春燃气	0	0	0.00	0.00	0.00	0.00	0.00	0.00/-23.26	0.00	0.00
600335	国机汽车	0	0	0.00	0.00	0.00	0.00	0.00	0.00/-23.26	0.00	0.00
600336	澳柯玛	0	0	0.00	0.00	0.00	0.00	0.00	0.00/-23.26	0.00	0.00
600337	ST美克	0	0	0.00	0.00	0.00	0.00	0.00	0.00/-23.26	0.00	0.00
600338	西藏珠峰	0	0	0.00	0.00	0.00	0.00	0.00	0.00/-23.26	0.00	0.00
600339	中油工程	0	0	0.00	0.00	0.00	0.00	0.00	0.00/-23.26	0.00	0.00
600340	*ST华幸	0	0	0.00	0.00	0.00	0.00	0.00	0.00/-23.26	0.00	0.00
600343	航天动力	0	0	0.00	0.00	0.00	0.00	0.00	0.00/-23.26	0.00	0.00
600345	长江通信	0	0	0.00	0.00	0.00	0.00	0.00	0.00/-23.26	0.00	0.00
600346	恒力石化	0	0	0.00	0.00	0.00	0.00	0.00	0.00/-23.26	0.00	0.00
600350	山东高速	0	0	0.00	0.00	0.00	0.00	0.00	0.00/-23.26	0.00	0.00
600351	亚宝药业	0	0	0.00	0.00	0.00	0.00	0.00	0.00/-23.26	0.00	0.00
600352	浙江龙盛	0	0	0.00	0.00	0.00	0.00	0.00	0.00/-23.26	0.00	0.00
600353	旭光电子	0	0	0.00	0.00	0.00	0.00	0.00	0.00/-23.26	0.00	0.00
600356	恒丰纸业	0	0	0.00	0.00	0.00	0.00	0.00	0.00/-23.26	0.00	0.00
600358	国旅联合	0	0	0.00	0.00	0.00	0.00	0.00	0.00/-23.26	0.00	0.00
600359	新农开发	0	0	0.00	0.00	0.00	0.00	0.00	0.00/-23.26	0.00	0.00
600360	华微电子	0	0	0.00	0.00	0.00	0.00	0.00	0.00/-23.26	0.00	0.00
600361	创新新材	0	0	0.00	0.00	0.00	0.00	0.00	0.00/-23.26	0.00	0.00
600363	ST联光	0	0	0.00	0.00	0.00	0.00	0.00	0.00/-23.26	0.00	0.00
600365	ST通葡	0	0	0.00	0.00	0.00	0.00	0.00	0.00/-23.26	0.00	0.00
600366	宁波韵升	0	0	0.00	0.00	0.00	0.00	0.00	0.00/-23.26	0.00	0.00
600368	五洲交通	0	0	0.00	0.00	0.00	0.00	0.00	0.00/-23.26	0.00	0.00
600369	西南证券	0	0	0.00	0.00	0.00	0.00	0.00	0.00/-23.26	0.00	0.00
600370	*ST三房	0	0	0.00	0.00	0.00	0.00	0.00	0.00/-23.26	0.00	0.00
600371	万向德农	0	0	0.00	0.00	0.00	0.00	0.00	0.00/-23.26	0.00	0.00
600373	中文传媒	0	0	0.00	0.00	0.00	0.00	0.00	0.00/-23.26	0.00	0.00
600375	汉马科技	0	0	0.00	0.00	0.00	0.00	0.00	0.00/-23.26	0.00	0.00
600376	首开股份	0	0	0.00	0.00	0.00	0.00	0.00	0.00/-23.26	0.00	0.00
600377	宁沪高速	0	0	0.00	0.00	0.00	0.00	0.00	0.00/-23.26	0.00	0.00
600378	昊华科技	0	0	0.00	0.00	0.00	0.00	0.00	0.00/-23.26	0.00	0.00
600379	宝光股份	0	0	0.00	0.00	0.00	0.00	0.00	0.00/-23.26	0.00	0.00
600380	健康元	0	0	0.00	0.00	0.00	0.00	0.00	0.00/-23.26	0.00	0.00
600381	*ST春天	0	0	0.00	0.00	0.00	0.00	0.00	0.00/-23.26	0.00	0.00
600382	广东明珠	0	0	0.00	0.00	0.00	0.00	0.00	0.00/-23.26	0.00	0.00
600383	金地集团	0	0	0.00	0.00	0.00	0.00	0.00	0.00/-23.26	0.00	0.00
600386	北巴传媒	0	0	0.00	0.00	0.00	0.00	0.00	0.00/-23.26	0.00	0.00
600388	紫金龙净	0	0	0.00	0.00	0.00	0.00	0.00	0.00/-23.26	0.00	0.00
600389	江山股份	0	0	0.00	0.00	0.00	0.00	0.00	0.00/-23.26	0.00	0.00
600390	五矿资本	0	0	0.00	0.00	0.00	0.00	0.00	0.00/-23.26	0.00	0.00
600391	航发科技	0	0	0.00	0.00	0.00	0.00	0.00	0.00/-23.26	0.00	0.00
600392	盛和资源	0	0	0.00	0.00	0.00	0.00	0.00	0.00/-23.26	0.00	0.00
600395	盘江股份	0	0	0.00	0.00	0.00	0.00	0.00	0.00/-23.26	0.00	0.00
600396	华电辽能	0	0	0.00	0.00	0.00	0.00	0.00	0.00/-23.26	0.00	0.00
600397	江钨装备	0	0	0.00	0.00	0.00	0.00	0.00	0.00/-23.26	0.00	0.00
600398	海澜之家	0	0	0.00	0.00	0.00	0.00	0.00	0.00/-23.26	0.00	0.00
600399	抚顺特钢	0	0	0.00	0.00	0.00	0.00	0.00	0.00/-23.26	0.00	0.00
600400	红豆股份	0	0	0.00	0.00	0.00	0.00	0.00	0.00/-23.26	0.00	0.00
600403	大有能源	0	0	0.00	0.00	0.00	0.00	0.00	0.00/-23.26	0.00	0.00
600405	动力源	0	0	0.00	0.00	0.00	0.00	0.00	0.00/-23.26	0.00	0.00
600406	国电南瑞	0	0	0.00	0.00	0.00	0.00	0.00	0.00/-23.26	0.00	0.00
600409	三友化工	0	0	0.00	0.00	0.00	0.00	0.00	0.00/-23.26	0.00	0.00
600410	华胜天成	0	0	0.00	0.00	0.00	0.00	0.00	0.00/-23.26	0.00	0.00
600415	小商品城	0	0	0.00	0.00	0.00	0.00	0.00	0.00/-23.26	0.00	0.00
600416	湘电股份	0	0	0.00	0.00	0.00	0.00	0.00	0.00/-23.26	0.00	0.00
600418	江淮汽车	0	0	0.00	0.00	0.00	0.00	0.00	0.00/-23.26	0.00	0.00
600419	天润乳业	0	0	0.00	0.00	0.00	0.00	0.00	0.00/-23.26	0.00	0.00
600420	国药现代	0	0	0.00	0.00	0.00	0.00	0.00	0.00/-23.26	0.00	0.00
600423	*ST柳化	0	0	0.00	0.00	0.00	0.00	0.00	0.00/-23.26	0.00	0.00
600425	青松建化	0	0	0.00	0.00	0.00	0.00	0.00	0.00/-23.26	0.00	0.00
600426	华鲁恒升	0	0	0.00	0.00	0.00	0.00	0.00	0.00/-23.26	0.00	0.00
600428	中远海特	0	0	0.00	0.00	0.00	0.00	0.00	0.00/-23.26	0.00	0.00
600429	三元股份	0	0	0.00	0.00	0.00	0.00	0.00	0.00/-23.26	0.00	0.00
600433	冠豪高新	0	0	0.00	0.00	0.00	0.00	0.00	0.00/-23.26	0.00	0.00
600438	通威股份	0	0	0.00	0.00	0.00	0.00	0.00	0.00/-23.26	0.00	0.00
600439	ST瑞贝卡	0	0	0.00	0.00	0.00	0.00	0.00	0.00/-23.26	0.00	0.00
600444	国机通用	0	0	0.00	0.00	0.00	0.00	0.00	0.00/-23.26	0.00	0.00
600446	金证股份	0	0	0.00	0.00	0.00	0.00	0.00	0.00/-23.26	0.00	0.00
600448	华纺股份	0	0	0.00	0.00	0.00	0.00	0.00	0.00/-23.26	0.00	0.00
600449	宁夏建材	0	0	0.00	0.00	0.00	0.00	0.00	0.00/-23.26	0.00	0.00
600452	涪陵电力	0	0	0.00	0.00	0.00	0.00	0.00	0.00/-23.26	0.00	0.00
600455	博通股份	0	0	0.00	0.00	0.00	0.00	0.00	0.00/-23.26	0.00	0.00
600456	宝钛股份	0	0	0.00	0.00	0.00	0.00	0.00	0.00/-23.26	0.00	0.00
600458	时代新材	0	0	0.00	0.00	0.00	0.00	0.00	0.00/-23.26	0.00	0.00
600459	贵研铂业	0	0	0.00	0.00	0.00	0.00	0.00	0.00/-23.26	0.00	0.00
600461	洪城环境	0	0	0.00	0.00	0.00	0.00	0.00	0.00/-23.26	0.00	0.00
600463	空港股份	0	0	0.00	0.00	0.00	0.00	0.00	0.00/-23.26	0.00	0.00
600468	百利电气	0	0	0.00	0.00	0.00	0.00	0.00	0.00/-23.26	0.00	0.00
600469	风神股份	0	0	0.00	0.00	0.00	0.00	0.00	0.00/-23.26	0.00	0.00
600470	六国化工	0	0	0.00	0.00	0.00	0.00	0.00	0.00/-23.26	0.00	0.00
600475	华光环能	0	0	0.00	0.00	0.00	0.00	0.00	0.00/-23.26	0.00	0.00
600476	*ST湘邮	0	0	0.00	0.00	0.00	0.00	0.00	0.00/-23.26	0.00	0.00
600477	杭萧钢构	0	0	0.00	0.00	0.00	0.00	0.00	0.00/-23.26	0.00	0.00
600479	千金药业	0	0	0.00	0.00	0.00	0.00	0.00	0.00/-23.26	0.00	0.00
600480	凌云股份	0	0	0.00	0.00	0.00	0.00	0.00	0.00/-23.26	0.00	0.00
600481	双良节能	0	0	0.00	0.00	0.00	0.00	0.00	0.00/-23.26	0.00	0.00
600482	中国动力	0	0	0.00	0.00	0.00	0.00	0.00	0.00/-23.26	0.00	0.00
600483	福能股份	0	0	0.00	0.00	0.00	0.00	0.00	0.00/-23.26	0.00	0.00
600488	津药药业	0	0	0.00	0.00	0.00	0.00	0.00	0.00/-23.26	0.00	0.00
600491	ST龙元	0	0	0.00	0.00	0.00	0.00	0.00	0.00/-23.26	0.00	0.00
600493	凤竹纺织	0	0	0.00	0.00	0.00	0.00	0.00	0.00/-23.26	0.00	0.00
600495	晋西车轴	0	0	0.00	0.00	0.00	0.00	0.00	0.00/-23.26	0.00	0.00
600496	精工钢构	0	0	0.00	0.00	0.00	0.00	0.00	0.00/-23.26	0.00	0.00
600497	驰宏锌锗	0	0	0.00	0.00	0.00	0.00	0.00	0.00/-23.26	0.00	0.00
600498	烽火通信	0	0	0.00	0.00	0.00	0.00	0.00	0.00/-23.26	0.00	0.00
600500	中化国际	0	0	0.00	0.00	0.00	0.00	0.00	0.00/-23.26	0.00	0.00
600501	航天晨光	0	0	0.00	0.00	0.00	0.00	0.00	0.00/-23.26	0.00	0.00
600502	安徽建工	0	0	0.00	0.00	0.00	0.00	0.00	0.00/-23.26	0.00	0.00
600503	华丽家族	0	0	0.00	0.00	0.00	0.00	0.00	0.00/-23.26	0.00	0.00
600505	西昌电力	0	0	0.00	0.00	0.00	0.00	0.00	0.00/-23.26	0.00	0.00
600506	统一股份	0	0	0.00	0.00	0.00	0.00	0.00	0.00/-23.26	0.00	0.00
600507	方大特钢	0	0	0.00	0.00	0.00	0.00	0.00	0.00/-23.26	0.00	0.00
600508	上海能源	0	0	0.00	0.00	0.00	0.00	0.00	0.00/-23.26	0.00	0.00
600509	天富能源	0	0	0.00	0.00	0.00	0.00	0.00	0.00/-23.26	0.00	0.00
600510	黑牡丹	0	0	0.00	0.00	0.00	0.00	0.00	0.00/-23.26	0.00	0.00
600511	国药股份	0	0	0.00	0.00	0.00	0.00	0.00	0.00/-23.26	0.00	0.00
600512	腾达建设	0	0	0.00	0.00	0.00	0.00	0.00	0.00/-23.26	0.00	0.00
600513	联环药业	0	0	0.00	0.00	0.00	0.00	0.00	0.00/-23.26	0.00	0.00
600515	海南机场	0	0	0.00	0.00	0.00	0.00	0.00	0.00/-23.26	0.00	0.00
600516	方大炭素	0	0	0.00	0.00	0.00	0.00	0.00	0.00/-23.26	0.00	0.00
600517	国网英大	0	0	0.00	0.00	0.00	0.00	0.00	0.00/-23.26	0.00	0.00
600518	康美药业	0	0	0.00	0.00	0.00	0.00	0.00	0.00/-23.26	0.00	0.00
600520	三佳科技	0	0	0.00	0.00	0.00	0.00	0.00	0.00/-23.26	0.00	0.00
600521	华海药业	0	0	0.00	0.00	0.00	0.00	0.00	0.00/-23.26	0.00	0.00
600523	贵航股份	0	0	0.00	0.00	0.00	0.00	0.00	0.00/-23.26	0.00	0.00
600525	长园集团	0	0	0.00	0.00	0.00	0.00	0.00	0.00/-23.26	0.00	0.00
600527	江南高纤	0	0	0.00	0.00	0.00	0.00	0.00	0.00/-23.26	0.00	0.00
600528	中铁工业	0	0	0.00	0.00	0.00	0.00	0.00	0.00/-23.26	0.00	0.00
600529	山东药玻	0	0	0.00	0.00	0.00	0.00	0.00	0.00/-23.26	0.00	0.00
600530	ST交昂	0	0	0.00	0.00	0.00	0.00	0.00	0.00/-23.26	0.00	0.00
600531	豫光金铅	0	0	0.00	0.00	0.00	0.00	0.00	0.00/-23.26	0.00	0.00
600533	栖霞建设	0	0	0.00	0.00	0.00	0.00	0.00	0.00/-23.26	0.00	0.00
600535	天士力	0	0	0.00	0.00	0.00	0.00	0.00	0.00/-23.26	0.00	0.00
600536	中国软件	0	0	0.00	0.00	0.00	0.00	0.00	0.00/-23.26	0.00	0.00
600537	*ST亿晶	0	0	0.00	0.00	0.00	0.00	0.00	0.00/-23.26	0.00	0.00
600538	国发股份	0	0	0.00	0.00	0.00	0.00	0.00	0.00/-23.26	0.00	0.00
600539	狮头股份	0	0	0.00	0.00	0.00	0.00	0.00	0.00/-23.26	0.00	0.00
600540	新赛股份	0	0	0.00	0.00	0.00	0.00	0.00	0.00/-23.26	0.00	0.00
600543	*ST莫高	0	0	0.00	0.00	0.00	0.00	0.00	0.00/-23.26	0.00	0.00
600546	山煤国际	0	0	0.00	0.00	0.00	0.00	0.00	0.00/-23.26	0.00	0.00
600547	山东黄金	0	0	0.00	0.00	0.00	0.00	0.00	0.00/-23.26	0.00	0.00
600548	深高速	0	0	0.00	0.00	0.00	0.00	0.00	0.00/-23.26	0.00	0.00
600549	厦门钨业	0	0	0.00	0.00	0.00	0.00	0.00	0.00/-23.26	0.00	0.00
600550	保变电气	0	0	0.00	0.00	0.00	0.00	0.00	0.00/-23.26	0.00	0.00
600551	时代出版	0	0	0.00	0.00	0.00	0.00	0.00	0.00/-23.26	0.00	0.00
600552	凯盛科技	0	0	0.00	0.00	0.00	0.00	0.00	0.00/-23.26	0.00	0.00
600556	天下秀	0	0	0.00	0.00	0.00	0.00	0.00	0.00/-23.26	0.00	0.00
600557	康缘药业	0	0	0.00	0.00	0.00	0.00	0.00	0.00/-23.26	0.00	0.00
600559	老白干酒	0	0	0.00	0.00	0.00	0.00	0.00	0.00/-23.26	0.00	0.00
600560	金自天正	0	0	0.00	0.00	0.00	0.00	0.00	0.00/-23.26	0.00	0.00
600561	江西长运	0	0	0.00	0.00	0.00	0.00	0.00	0.00/-23.26	0.00	0.00
600562	国睿科技	0	0	0.00	0.00	0.00	0.00	0.00	0.00/-23.26	0.00	0.00
600563	法拉电子	0	0	0.00	0.00	0.00	0.00	0.00	0.00/-23.26	0.00	0.00
600566	济川药业	0	0	0.00	0.00	0.00	0.00	0.00	0.00/-23.26	0.00	0.00
600567	山鹰国际	0	0	0.00	0.00	0.00	0.00	0.00	0.00/-23.26	0.00	0.00
600568	ST中珠	0	0	0.00	0.00	0.00	0.00	0.00	0.00/-23.26	0.00	0.00
600569	安阳钢铁	0	0	0.00	0.00	0.00	0.00	0.00	0.00/-23.26	0.00	0.00
600570	恒生电子	0	0	0.00	0.00	0.00	0.00	0.00	0.00/-23.26	0.00	0.00
600571	信雅达	0	0	0.00	0.00	0.00	0.00	0.00	0.00/-23.26	0.00	0.00
600572	康恩贝	0	0	0.00	0.00	0.00	0.00	0.00	0.00/-23.26	0.00	0.00
600573	惠泉啤酒	0	0	0.00	0.00	0.00	0.00	0.00	0.00/-23.26	0.00	0.00
600575	淮河能源	0	0	0.00	0.00	0.00	0.00	0.00	0.00/-23.26	0.00	0.00
600576	祥源文旅	0	0	0.00	0.00	0.00	0.00	0.00	0.00/-23.26	0.00	0.00
600578	京能电力	0	0	0.00	0.00	0.00	0.00	0.00	0.00/-23.26	0.00	0.00
600579	中化装备	0	0	0.00	0.00	0.00	0.00	0.00	0.00/-23.26	0.00	0.00
600580	卧龙电驱	0	0	0.00	0.00	0.00	0.00	0.00	0.00/-23.26	0.00	0.00
600581	*ST八钢	0	0	0.00	0.00	0.00	0.00	0.00	0.00/-23.26	0.00	0.00
600582	天地科技	0	0	0.00	0.00	0.00	0.00	0.00	0.00/-23.26	0.00	0.00
600583	海油工程	0	0	0.00	0.00	0.00	0.00	0.00	0.00/-23.26	0.00	0.00
600584	长电科技	0	0	0.00	0.00	0.00	0.00	0.00	0.00/-23.26	0.00	0.00
600585	XD海螺水	0	0	0.00	0.00	0.00	0.00	0.00	0.00/-23.26	0.00	0.00
600586	金晶科技	0	0	0.00	0.00	0.00	0.00	0.00	0.00/-23.26	0.00	0.00
600587	新华医疗	0	0	0.00	0.00	0.00	0.00	0.00	0.00/-23.26	0.00	0.00
600588	用友网络	0	0	0.00	0.00	0.00	0.00	0.00	0.00/-23.26	0.00	0.00
600589	大位科技	0	0	0.00	0.00	0.00	0.00	0.00	0.00/-23.26	0.00	0.00
600590	泰豪科技	0	0	0.00	0.00	0.00	0.00	0.00	0.00/-23.26	0.00	0.00
600592	龙溪股份	0	0	0.00	0.00	0.00	0.00	0.00	0.00/-23.26	0.00	0.00
600593	大连圣亚	0	0	0.00	0.00	0.00	0.00	0.00	0.00/-23.26	0.00	0.00
600594	益佰制药	0	0	0.00	0.00	0.00	0.00	0.00	0.00/-23.26	0.00	0.00
600595	中孚实业	0	0	0.00	0.00	0.00	0.00	0.00	0.00/-23.26	0.00	0.00
600596	新安股份	0	0	0.00	0.00	0.00	0.00	0.00	0.00/-23.26	0.00	0.00
600597	光明乳业	0	0	0.00	0.00	0.00	0.00	0.00	0.00/-23.26	0.00	0.00
600598	北大荒	0	0	0.00	0.00	0.00	0.00	0.00	0.00/-23.26	0.00	0.00
600600	青岛啤酒	0	0	0.00	0.00	0.00	0.00	0.00	0.00/-23.26	0.00	0.00
600601	方正科技	0	0	0.00	0.00	0.00	0.00	0.00	0.00/-23.26	0.00	0.00
600602	云赛智联	0	0	0.00	0.00	0.00	0.00	0.00	0.00/-23.26	0.00	0.00
600603	广汇物流	0	0	0.00	0.00	0.00	0.00	0.00	0.00/-23.26	0.00	0.00
600604	市北高新	0	0	0.00	0.00	0.00	0.00	0.00	0.00/-23.26	0.00	0.00
600605	汇通能源	0	0	0.00	0.00	0.00	0.00	0.00	0.00/-23.26	0.00	0.00
600606	绿地控股	0	0	0.00	0.00	0.00	0.00	0.00	0.00/-23.26	0.00	0.00
600610	中毅达	0	0	0.00	0.00	0.00	0.00	0.00	0.00/-23.26	0.00	0.00
600611	大众交通	0	0	0.00	0.00	0.00	0.00	0.00	0.00/-23.26	0.00	0.00
600612	老凤祥	0	0	0.00	0.00	0.00	0.00	0.00	0.00/-23.26	0.00	0.00
600613	神奇制药	0	0	0.00	0.00	0.00	0.00	0.00	0.00/-23.26	0.00	0.00
600615	鑫源智造	0	0	0.00	0.00	0.00	0.00	0.00	0.00/-23.26	0.00	0.00
600616	金枫酒业	0	0	0.00	0.00	0.00	0.00	0.00	0.00/-23.26	0.00	0.00
600617	国新能源	0	0	0.00	0.00	0.00	0.00	0.00	0.00/-23.26	0.00	0.00
600618	氯碱化工	0	0	0.00	0.00	0.00	0.00	0.00	0.00/-23.26	0.00	0.00
600619	海立股份	0	0	0.00	0.00	0.00	0.00	0.00	0.00/-23.26	0.00	0.00
600620	天宸股份	0	0	0.00	0.00	0.00	0.00	0.00	0.00/-23.26	0.00	0.00
600621	华鑫股份	0	0	0.00	0.00	0.00	0.00	0.00	0.00/-23.26	0.00	0.00
600622	光大嘉宝	0	0	0.00	0.00	0.00	0.00	0.00	0.00/-23.26	0.00	0.00
600623	华谊集团	0	0	0.00	0.00	0.00	0.00	0.00	0.00/-23.26	0.00	0.00
600624	ST复华	0	0	0.00	0.00	0.00	0.00	0.00	0.00/-23.26	0.00	0.00
600626	申达股份	0	0	0.00	0.00	0.00	0.00	0.00	0.00/-23.26	0.00	0.00
600628	新世界	0	0	0.00	0.00	0.00	0.00	0.00	0.00/-23.26	0.00	0.00
600629	华建集团	0	0	0.00	0.00	0.00	0.00	0.00	0.00/-23.26	0.00	0.00
600630	龙头股份	0	0	0.00	0.00	0.00	0.00	0.00	0.00/-23.26	0.00	0.00
600633	浙数文化	0	0	0.00	0.00	0.00	0.00	0.00	0.00/-23.26	0.00	0.00
600635	大众公用	0	0	0.00	0.00	0.00	0.00	0.00	0.00/-23.26	0.00	0.00
600637	东方明珠	0	0	0.00	0.00	0.00	0.00	0.00	0.00/-23.26	0.00	0.00
600638	新黄浦	0	0	0.00	0.00	0.00	0.00	0.00	0.00/-23.26	0.00	0.00
600639	浦东金桥	0	0	0.00	0.00	0.00	0.00	0.00	0.00/-23.26	0.00	0.00
600640	国脉文化	0	0	0.00	0.00	0.00	0.00	0.00	0.00/-23.26	0.00	0.00
600641	先导基电	0	0	0.00	0.00	0.00	0.00	0.00	0.00/-23.26	0.00	0.00
600642	申能股份	0	0	0.00	0.00	0.00	0.00	0.00	0.00/-23.26	0.00	0.00
600644	乐山电力	0	0	0.00	0.00	0.00	0.00	0.00	0.00/-23.26	0.00	0.00
600648	外高桥	0	0	0.00	0.00	0.00	0.00	0.00	0.00/-23.26	0.00	0.00
600649	城投控股	0	0	0.00	0.00	0.00	0.00	0.00	0.00/-23.26	0.00	0.00
600650	锦江在线	0	0	0.00	0.00	0.00	0.00	0.00	0.00/-23.26	0.00	0.00
600654	中安科	0	0	0.00	0.00	0.00	0.00	0.00	0.00/-23.26	0.00	0.00
600655	豫园股份	0	0	0.00	0.00	0.00	0.00	0.00	0.00/-23.26	0.00	0.00
600657	信达地产	0	0	0.00	0.00	0.00	0.00	0.00	0.00/-23.26	0.00	0.00
600658	电子城	0	0	0.00	0.00	0.00	0.00	0.00	0.00/-23.26	0.00	0.00
600660	福耀玻璃	0	0	0.00	0.00	0.00	0.00	0.00	0.00/-23.26	0.00	0.00
600661	昂立教育	0	0	0.00	0.00	0.00	0.00	0.00	0.00/-23.26	0.00	0.00
600662	外服控股	0	0	0.00	0.00	0.00	0.00	0.00	0.00/-23.26	0.00	0.00
600663	陆家嘴	0	0	0.00	0.00	0.00	0.00	0.00	0.00/-23.26	0.00	0.00
600664	哈药股份	0	0	0.00	0.00	0.00	0.00	0.00	0.00/-23.26	0.00	0.00
600665	天地源	0	0	0.00	0.00	0.00	0.00	0.00	0.00/-23.26	0.00	0.00
600666	奥瑞德	0	0	0.00	0.00	0.00	0.00	0.00	0.00/-23.26	0.00	0.00
600667	太极实业	0	0	0.00	0.00	0.00	0.00	0.00	0.00/-23.26	0.00	0.00
600671	天目药业	0	0	0.00	0.00	0.00	0.00	0.00	0.00/-23.26	0.00	0.00
600673	东阳光	0	0	0.00	0.00	0.00	0.00	0.00	0.00/-23.26	0.00	0.00
600674	川投能源	0	0	0.00	0.00	0.00	0.00	0.00	0.00/-23.26	0.00	0.00
600676	久事动娱	0	0	0.00	0.00	0.00	0.00	0.00	0.00/-23.26	0.00	0.00
600678	ST金顶	0	0	0.00	0.00	0.00	0.00	0.00	0.00/-23.26	0.00	0.00
600679	上海凤凰	0	0	0.00	0.00	0.00	0.00	0.00	0.00/-23.26	0.00	0.00
600681	百川能源	0	0	0.00	0.00	0.00	0.00	0.00	0.00/-23.26	0.00	0.00
600683	京投发展	0	0	0.00	0.00	0.00	0.00	0.00	0.00/-23.26	0.00	0.00
600684	珠江股份	0	0	0.00	0.00	0.00	0.00	0.00	0.00/-23.26	0.00	0.00
600685	中船防务	0	0	0.00	0.00	0.00	0.00	0.00	0.00/-23.26	0.00	0.00
600686	金龙汽车	0	0	0.00	0.00	0.00	0.00	0.00	0.00/-23.26	0.00	0.00
600688	上海石化	0	0	0.00	0.00	0.00	0.00	0.00	0.00/-23.26	0.00	0.00
600689	上海三毛	0	0	0.00	0.00	0.00	0.00	0.00	0.00/-23.26	0.00	0.00
600690	海尔智家	0	0	0.00	0.00	0.00	0.00	0.00	0.00/-23.26	0.00	0.00
600691	潞化科技	0	0	0.00	0.00	0.00	0.00	0.00	0.00/-23.26	0.00	0.00
600692	亚通股份	0	0	0.00	0.00	0.00	0.00	0.00	0.00/-23.26	0.00	0.00
600693	东百集团	0	0	0.00	0.00	0.00	0.00	0.00	0.00/-23.26	0.00	0.00
600694	大商股份	0	0	0.00	0.00	0.00	0.00	0.00	0.00/-23.26	0.00	0.00
600698	湖南天雁	0	0	0.00	0.00	0.00	0.00	0.00	0.00/-23.26	0.00	0.00
600699	均胜电子	0	0	0.00	0.00	0.00	0.00	0.00	0.00/-23.26	0.00	0.00
600702	舍得酒业	0	0	0.00	0.00	0.00	0.00	0.00	0.00/-23.26	0.00	0.00
600703	三安光电	0	0	0.00	0.00	0.00	0.00	0.00	0.00/-23.26	0.00	0.00
600704	物产中大	0	0	0.00	0.00	0.00	0.00	0.00	0.00/-23.26	0.00	0.00
600706	曲江文旅	0	0	0.00	0.00	0.00	0.00	0.00	0.00/-23.26	0.00	0.00
600707	彩虹股份	0	0	0.00	0.00	0.00	0.00	0.00	0.00/-23.26	0.00	0.00
600708	光明地产	0	0	0.00	0.00	0.00	0.00	0.00	0.00/-23.26	0.00	0.00
600710	苏美达	0	0	0.00	0.00	0.00	0.00	0.00	0.00/-23.26	0.00	0.00
600713	南京医药	0	0	0.00	0.00	0.00	0.00	0.00	0.00/-23.26	0.00	0.00
600714	金瑞矿业	0	0	0.00	0.00	0.00	0.00	0.00	0.00/-23.26	0.00	0.00
600715	文投控股	0	0	0.00	0.00	0.00	0.00	0.00	0.00/-23.26	0.00	0.00
600716	凤凰股份	0	0	0.00	0.00	0.00	0.00	0.00	0.00/-23.26	0.00	0.00
600717	天津港	0	0	0.00	0.00	0.00	0.00	0.00	0.00/-23.26	0.00	0.00
600718	东软集团	0	0	0.00	0.00	0.00	0.00	0.00	0.00/-23.26	0.00	0.00
600719	大连热电	0	0	0.00	0.00	0.00	0.00	0.00	0.00/-23.26	0.00	0.00
600721	百花医药	0	0	0.00	0.00	0.00	0.00	0.00	0.00/-23.26	0.00	0.00
600722	金牛化工	0	0	0.00	0.00	0.00	0.00	0.00	0.00/-23.26	0.00	0.00
600724	宁波富达	0	0	0.00	0.00	0.00	0.00	0.00	0.00/-23.26	0.00	0.00
600725	云维股份	0	0	0.00	0.00	0.00	0.00	0.00	0.00/-23.26	0.00	0.00
600726	华电能源	0	0	0.00	0.00	0.00	0.00	0.00	0.00/-23.26	0.00	0.00
600727	鲁北化工	0	0	0.00	0.00	0.00	0.00	0.00	0.00/-23.26	0.00	0.00
600729	重百集团	0	0	0.00	0.00	0.00	0.00	0.00	0.00/-23.26	0.00	0.00
600730	*ST高科	0	0	0.00	0.00	0.00	0.00	0.00	0.00/-23.26	0.00	0.00
600731	湖南海利	0	0	0.00	0.00	0.00	0.00	0.00	0.00/-23.26	0.00	0.00
600732	爱旭股份	0	0	0.00	0.00	0.00	0.00	0.00	0.00/-23.26	0.00	0.00
600733	北汽蓝谷	0	0	0.00	0.00	0.00	0.00	0.00	0.00/-23.26	0.00	0.00
600734	*ST实达	0	0	0.00	0.00	0.00	0.00	0.00	0.00/-23.26	0.00	0.00
600735	ST新华锦	0	0	0.00	0.00	0.00	0.00	0.00	0.00/-23.26	0.00	0.00
600736	苏州高新	0	0	0.00	0.00	0.00	0.00	0.00	0.00/-23.26	0.00	0.00
600738	丽尚国潮	0	0	0.00	0.00	0.00	0.00	0.00	0.00/-23.26	0.00	0.00
600739	辽宁成大	0	0	0.00	0.00	0.00	0.00	0.00	0.00/-23.26	0.00	0.00
600740	山西焦化	0	0	0.00	0.00	0.00	0.00	0.00	0.00/-23.26	0.00	0.00
600741	华域汽车	0	0	0.00	0.00	0.00	0.00	0.00	0.00/-23.26	0.00	0.00
600744	华银电力	0	0	0.00	0.00	0.00	0.00	0.00	0.00/-23.26	0.00	0.00
600745	*ST闻泰	0	0	0.00	0.00	0.00	0.00	0.00	0.00/-23.26	0.00	0.00
600746	江苏索普	0	0	0.00	0.00	0.00	0.00	0.00	0.00/-23.26	0.00	0.00
600749	西藏旅游	0	0	0.00	0.00	0.00	0.00	0.00	0.00/-23.26	0.00	0.00
600750	华润江中	0	0	0.00	0.00	0.00	0.00	0.00	0.00/-23.26	0.00	0.00
600751	海航科技	0	0	0.00	0.00	0.00	0.00	0.00	0.00/-23.26	0.00	0.00
600753	ST海钦	0	0	0.00	0.00	0.00	0.00	0.00	0.00/-23.26	0.00	0.00
600754	锦江酒店	0	0	0.00	0.00	0.00	0.00	0.00	0.00/-23.26	0.00	0.00
600755	厦门国贸	0	0	0.00	0.00	0.00	0.00	0.00	0.00/-23.26	0.00	0.00
600756	浪潮软件	0	0	0.00	0.00	0.00	0.00	0.00	0.00/-23.26	0.00	0.00
600757	长江传媒	0	0	0.00	0.00	0.00	0.00	0.00	0.00/-23.26	0.00	0.00
600758	辽宁能源	0	0	0.00	0.00	0.00	0.00	0.00	0.00/-23.26	0.00	0.00
600759	ST洲际	0	0	0.00	0.00	0.00	0.00	0.00	0.00/-23.26	0.00	0.00
600760	中航沈飞	0	0	0.00	0.00	0.00	0.00	0.00	0.00/-23.26	0.00	0.00
600761	安徽合力	0	0	0.00	0.00	0.00	0.00	0.00	0.00/-23.26	0.00	0.00
600764	中国海防	0	0	0.00	0.00	0.00	0.00	0.00	0.00/-23.26	0.00	0.00
600765	中航重机	0	0	0.00	0.00	0.00	0.00	0.00	0.00/-23.26	0.00	0.00
600768	富邦新材	0	0	0.00	0.00	0.00	0.00	0.00	0.00/-23.26	0.00	0.00
600769	祥龙电业	0	0	0.00	0.00	0.00	0.00	0.00	0.00/-23.26	0.00	0.00
600771	广誉远	0	0	0.00	0.00	0.00	0.00	0.00	0.00/-23.26	0.00	0.00
600773	西藏城投	0	0	0.00	0.00	0.00	0.00	0.00	0.00/-23.26	0.00	0.00
600774	汉商集团	0	0	0.00	0.00	0.00	0.00	0.00	0.00/-23.26	0.00	0.00
600775	南京熊猫	0	0	0.00	0.00	0.00	0.00	0.00	0.00/-23.26	0.00	0.00
600776	东方通信	0	0	0.00	0.00	0.00	0.00	0.00	0.00/-23.26	0.00	0.00
600777	XD新潮能	0	0	0.00	0.00	0.00	0.00	0.00	0.00/-23.26	0.00	0.00
600779	水井坊	0	0	0.00	0.00	0.00	0.00	0.00	0.00/-23.26	0.00	0.00
600780	通宝能源	0	0	0.00	0.00	0.00	0.00	0.00	0.00/-23.26	0.00	0.00
600782	新钢股份	0	0	0.00	0.00	0.00	0.00	0.00	0.00/-23.26	0.00	0.00
600784	鲁银投资	0	0	0.00	0.00	0.00	0.00	0.00	0.00/-23.26	0.00	0.00
600785	新华百货	0	0	0.00	0.00	0.00	0.00	0.00	0.00/-23.26	0.00	0.00
600787	中储股份	0	0	0.00	0.00	0.00	0.00	0.00	0.00/-23.26	0.00	0.00
600789	鲁抗医药	0	0	0.00	0.00	0.00	0.00	0.00	0.00/-23.26	0.00	0.00
600791	京能置业	0	0	0.00	0.00	0.00	0.00	0.00	0.00/-23.26	0.00	0.00
600792	云煤能源	0	0	0.00	0.00	0.00	0.00	0.00	0.00/-23.26	0.00	0.00
600793	宜宾纸业	0	0	0.00	0.00	0.00	0.00	0.00	0.00/-23.26	0.00	0.00
600794	保税科技	0	0	0.00	0.00	0.00	0.00	0.00	0.00/-23.26	0.00	0.00
600795	国电电力	0	0	0.00	0.00	0.00	0.00	0.00	0.00/-23.26	0.00	0.00
600796	钱江生化	0	0	0.00	0.00	0.00	0.00	0.00	0.00/-23.26	0.00	0.00
600797	浙大网新	0	0	0.00	0.00	0.00	0.00	0.00	0.00/-23.26	0.00	0.00
600798	宁波海运	0	0	0.00	0.00	0.00	0.00	0.00	0.00/-23.26	0.00	0.00
600801	华新建材	0	0	0.00	0.00	0.00	0.00	0.00	0.00/-23.26	0.00	0.00
600803	新奥股份	0	0	0.00	0.00	0.00	0.00	0.00	0.00/-23.26	0.00	0.00
600807	济高发展	0	0	0.00	0.00	0.00	0.00	0.00	0.00/-23.26	0.00	0.00
600808	马钢股份	0	0	0.00	0.00	0.00	0.00	0.00	0.00/-23.26	0.00	0.00
600809	山西汾酒	0	0	0.00	0.00	0.00	0.00	0.00	0.00/-23.26	0.00	0.00
600810	神马股份	0	0	0.00	0.00	0.00	0.00	0.00	0.00/-23.26	0.00	0.00
600812	华北制药	0	0	0.00	0.00	0.00	0.00	0.00	0.00/-23.26	0.00	0.00
600814	杭州解百	0	0	0.00	0.00	0.00	0.00	0.00	0.00/-23.26	0.00	0.00
600815	厦工股份	0	0	0.00	0.00	0.00	0.00	0.00	0.00/-23.26	0.00	0.00
600816	建元信托	0	0	0.00	0.00	0.00	0.00	0.00	0.00/-23.26	0.00	0.00
600817	宇通重工	0	0	0.00	0.00	0.00	0.00	0.00	0.00/-23.26	0.00	0.00
600818	ST中路	0	0	0.00	0.00	0.00	0.00	0.00	0.00/-23.26	0.00	0.00
600819	耀皮玻璃	0	0	0.00	0.00	0.00	0.00	0.00	0.00/-23.26	0.00	0.00
600820	隧道股份	0	0	0.00	0.00	0.00	0.00	0.00	0.00/-23.26	0.00	0.00
600821	金开新能	0	0	0.00	0.00	0.00	0.00	0.00	0.00/-23.26	0.00	0.00
600822	上海物贸	0	0	0.00	0.00	0.00	0.00	0.00	0.00/-23.26	0.00	0.00
600824	益民集团	0	0	0.00	0.00	0.00	0.00	0.00	0.00/-23.26	0.00	0.00
600825	新华传媒	0	0	0.00	0.00	0.00	0.00	0.00	0.00/-23.26	0.00	0.00
600826	兰生股份	0	0	0.00	0.00	0.00	0.00	0.00	0.00/-23.26	0.00	0.00
600827	百联股份	0	0	0.00	0.00	0.00	0.00	0.00	0.00/-23.26	0.00	0.00
600828	茂业商业	0	0	0.00	0.00	0.00	0.00	0.00	0.00/-23.26	0.00	0.00
600829	人民同泰	0	0	0.00	0.00	0.00	0.00	0.00	0.00/-23.26	0.00	0.00
600830	香溢融通	0	0	0.00	0.00	0.00	0.00	0.00	0.00/-23.26	0.00	0.00
600831	广电网络	0	0	0.00	0.00	0.00	0.00	0.00	0.00/-23.26	0.00	0.00
600833	第一医药	0	0	0.00	0.00	0.00	0.00	0.00	0.00/-23.26	0.00	0.00
600834	XD申通地	0	0	0.00	0.00	0.00	0.00	0.00	0.00/-23.26	0.00	0.00
600835	上海机电	0	0	0.00	0.00	0.00	0.00	0.00	0.00/-23.26	0.00	0.00
600839	四川长虹	0	0	0.00	0.00	0.00	0.00	0.00	0.00/-23.26	0.00	0.00
600841	动力新科	0	0	0.00	0.00	0.00	0.00	0.00	0.00/-23.26	0.00	0.00
600843	上工申贝	0	0	0.00	0.00	0.00	0.00	0.00	0.00/-23.26	0.00	0.00
600845	宝信软件	0	0	0.00	0.00	0.00	0.00	0.00	0.00/-23.26	0.00	0.00
600846	同济科技	0	0	0.00	0.00	0.00	0.00	0.00	0.00/-23.26	0.00	0.00
600847	万里股份	0	0	0.00	0.00	0.00	0.00	0.00	0.00/-23.26	0.00	0.00
600850	电科数字	0	0	0.00	0.00	0.00	0.00	0.00	0.00/-23.26	0.00	0.00
600851	海欣股份	0	0	0.00	0.00	0.00	0.00	0.00	0.00/-23.26	0.00	0.00
600853	龙建股份	0	0	0.00	0.00	0.00	0.00	0.00	0.00/-23.26	0.00	0.00
600854	春兰股份	0	0	0.00	0.00	0.00	0.00	0.00	0.00/-23.26	0.00	0.00
600855	航天长峰	0	0	0.00	0.00	0.00	0.00	0.00	0.00/-23.26	0.00	0.00
600857	宁波中百	0	0	0.00	0.00	0.00	0.00	0.00	0.00/-23.26	0.00	0.00
600858	银座股份	0	0	0.00	0.00	0.00	0.00	0.00	0.00/-23.26	0.00	0.00
600860	京城股份	0	0	0.00	0.00	0.00	0.00	0.00	0.00/-23.26	0.00	0.00
600861	北京人力	0	0	0.00	0.00	0.00	0.00	0.00	0.00/-23.26	0.00	0.00
600862	中航高科	0	0	0.00	0.00	0.00	0.00	0.00	0.00/-23.26	0.00	0.00
600863	华能蒙电	0	0	0.00	0.00	0.00	0.00	0.00	0.00/-23.26	0.00	0.00
600865	百大集团	0	0	0.00	0.00	0.00	0.00	0.00	0.00/-23.26	0.00	0.00
600866	星湖科技	0	0	0.00	0.00	0.00	0.00	0.00	0.00/-23.26	0.00	0.00
600867	通化东宝	0	0	0.00	0.00	0.00	0.00	0.00	0.00/-23.26	0.00	0.00
600868	梅雁吉祥	0	0	0.00	0.00	0.00	0.00	0.00	0.00/-23.26	0.00	0.00
600869	远东股份	0	0	0.00	0.00	0.00	0.00	0.00	0.00/-23.26	0.00	0.00
600871	石化油服	0	0	0.00	0.00	0.00	0.00	0.00	0.00/-23.26	0.00	0.00
600873	梅花生物	0	0	0.00	0.00	0.00	0.00	0.00	0.00/-23.26	0.00	0.00
600874	创业环保	0	0	0.00	0.00	0.00	0.00	0.00	0.00/-23.26	0.00	0.00
600875	东方电气	0	0	0.00	0.00	0.00	0.00	0.00	0.00/-23.26	0.00	0.00
600876	凯盛新能	0	0	0.00	0.00	0.00	0.00	0.00	0.00/-23.26	0.00	0.00
600877	电科芯片	0	0	0.00	0.00	0.00	0.00	0.00	0.00/-23.26	0.00	0.00
600879	航天电子	0	0	0.00	0.00	0.00	0.00	0.00	0.00/-23.26	0.00	0.00
600880	博瑞传播	0	0	0.00	0.00	0.00	0.00	0.00	0.00/-23.26	0.00	0.00
600881	亚泰集团	0	0	0.00	0.00	0.00	0.00	0.00	0.00/-23.26	0.00	0.00
600882	妙可蓝多	0	0	0.00	0.00	0.00	0.00	0.00	0.00/-23.26	0.00	0.00
600883	博闻科技	0	0	0.00	0.00	0.00	0.00	0.00	0.00/-23.26	0.00	0.00
600884	杉杉股份	0	0	0.00	0.00	0.00	0.00	0.00	0.00/-23.26	0.00	0.00
600885	宏发股份	0	0	0.00	0.00	0.00	0.00	0.00	0.00/-23.26	0.00	0.00
600886	国投电力	0	0	0.00	0.00	0.00	0.00	0.00	0.00/-23.26	0.00	0.00
600887	伊利股份	0	0	0.00	0.00	0.00	0.00	0.00	0.00/-23.26	0.00	0.00
600888	新疆众和	0	0	0.00	0.00	0.00	0.00	0.00	0.00/-23.26	0.00	0.00
600889	*ST京化	0	0	0.00	0.00	0.00	0.00	0.00	0.00/-23.26	0.00	0.00
600892	大晟文化	0	0	0.00	0.00	0.00	0.00	0.00	0.00/-23.26	0.00	0.00
600894	广日股份	0	0	0.00	0.00	0.00	0.00	0.00	0.00/-23.26	0.00	0.00
600895	张江高科	0	0	0.00	0.00	0.00	0.00	0.00	0.00/-23.26	0.00	0.00
600897	厦门空港	0	0	0.00	0.00	0.00	0.00	0.00	0.00/-23.26	0.00	0.00
600900	长江电力	0	0	0.00	0.00	0.00	0.00	0.00	0.00/-23.26	0.00	0.00
600901	江苏金租	0	0	0.00	0.00	0.00	0.00	0.00	0.00/-23.26	0.00	0.00
600903	贵州燃气	0	0	0.00	0.00	0.00	0.00	0.00	0.00/-23.26	0.00	0.00
600905	三峡能源	0	0	0.00	0.00	0.00	0.00	0.00	0.00/-23.26	0.00	0.00
600906	财达证券	0	0	0.00	0.00	0.00	0.00	0.00	0.00/-23.26	0.00	0.00
600908	无锡银行	0	0	0.00	0.00	0.00	0.00	0.00	0.00/-23.26	0.00	0.00
600909	华安证券	0	0	0.00	0.00	0.00	0.00	0.00	0.00/-23.26	0.00	0.00
600916	中国黄金	0	0	0.00	0.00	0.00	0.00	0.00	0.00/-23.26	0.00	0.00
600917	重庆燃气	0	0	0.00	0.00	0.00	0.00	0.00	0.00/-23.26	0.00	0.00
600918	中泰证券	0	0	0.00	0.00	0.00	0.00	0.00	0.00/-23.26	0.00	0.00
600919	江苏银行	0	0	0.00	0.00	0.00	0.00	0.00	0.00/-23.26	0.00	0.00
600925	苏能股份	0	0	0.00	0.00	0.00	0.00	0.00	0.00/-23.26	0.00	0.00
600926	杭州银行	0	0	0.00	0.00	0.00	0.00	0.00	0.00/-23.26	0.00	0.00
600927	永安期货	0	0	0.00	0.00	0.00	0.00	0.00	0.00/-23.26	0.00	0.00
600928	西安银行	0	0	0.00	0.00	0.00	0.00	0.00	0.00/-23.26	0.00	0.00
600929	雪天盐业	0	0	0.00	0.00	0.00	0.00	0.00	0.00/-23.26	0.00	0.00
600930	华电新能	0	0	0.00	0.00	0.00	0.00	0.00	0.00/-23.26	0.00	0.00
600933	爱柯迪	0	0	0.00	0.00	0.00	0.00	0.00	0.00/-23.26	0.00	0.00
600935	华塑股份	0	0	0.00	0.00	0.00	0.00	0.00	0.00/-23.26	0.00	0.00
600936	北投科技	0	0	0.00	0.00	0.00	0.00	0.00	0.00/-23.26	0.00	0.00
600938	中国海油	0	0	0.00	0.00	0.00	0.00	0.00	0.00/-23.26	0.00	0.00
600939	重庆建工	0	0	0.00	0.00	0.00	0.00	0.00	0.00/-23.26	0.00	0.00
600941	XD中国移	0	0	0.00	0.00	0.00	0.00	0.00	0.00/-23.26	0.00	0.00
600955	维远股份	0	0	0.00	0.00	0.00	0.00	0.00	0.00/-23.26	0.00	0.00
600956	新天绿能	0	0	0.00	0.00	0.00	0.00	0.00	0.00/-23.26	0.00	0.00
600958	东方证券	0	0	0.00	0.00	0.00	0.00	0.00	0.00/-23.26	0.00	0.00
600959	江苏有线	0	0	0.00	0.00	0.00	0.00	0.00	0.00/-23.26	0.00	0.00
600960	渤海汽车	0	0	0.00	0.00	0.00	0.00	0.00	0.00/-23.26	0.00	0.00
600962	国投中鲁	0	0	0.00	0.00	0.00	0.00	0.00	0.00/-23.26	0.00	0.00
600963	岳阳林纸	0	0	0.00	0.00	0.00	0.00	0.00	0.00/-23.26	0.00	0.00
600965	*ST福成	0	0	0.00	0.00	0.00	0.00	0.00	0.00/-23.26	0.00	0.00
600966	博汇纸业	0	0	0.00	0.00	0.00	0.00	0.00	0.00/-23.26	0.00	0.00
600967	内蒙一机	0	0	0.00	0.00	0.00	0.00	0.00	0.00/-23.26	0.00	0.00
600968	海油发展	0	0	0.00	0.00	0.00	0.00	0.00	0.00/-23.26	0.00	0.00
600969	郴电国际	0	0	0.00	0.00	0.00	0.00	0.00	0.00/-23.26	0.00	0.00
600970	中材国际	0	0	0.00	0.00	0.00	0.00	0.00	0.00/-23.26	0.00	0.00
600971	恒源煤电	0	0	0.00	0.00	0.00	0.00	0.00	0.00/-23.26	0.00	0.00
600975	新五丰	0	0	0.00	0.00	0.00	0.00	0.00	0.00/-23.26	0.00	0.00
600976	健民集团	0	0	0.00	0.00	0.00	0.00	0.00	0.00/-23.26	0.00	0.00
600977	中国电影	0	0	0.00	0.00	0.00	0.00	0.00	0.00/-23.26	0.00	0.00
600979	广安爱众	0	0	0.00	0.00	0.00	0.00	0.00	0.00/-23.26	0.00	0.00
600980	北矿科技	0	0	0.00	0.00	0.00	0.00	0.00	0.00/-23.26	0.00	0.00
600981	苏豪汇鸿	0	0	0.00	0.00	0.00	0.00	0.00	0.00/-23.26	0.00	0.00
600983	惠而浦	0	0	0.00	0.00	0.00	0.00	0.00	0.00/-23.26	0.00	0.00
600984	建设机械	0	0	0.00	0.00	0.00	0.00	0.00	0.00/-23.26	0.00	0.00
600985	淮北矿业	0	0	0.00	0.00	0.00	0.00	0.00	0.00/-23.26	0.00	0.00
600986	浙文互联	0	0	0.00	0.00	0.00	0.00	0.00	0.00/-23.26	0.00	0.00
600987	航民股份	0	0	0.00	0.00	0.00	0.00	0.00	0.00/-23.26	0.00	0.00
600988	赤峰黄金	0	0	0.00	0.00	0.00	0.00	0.00	0.00/-23.26	0.00	0.00
600989	宝丰能源	0	0	0.00	0.00	0.00	0.00	0.00	0.00/-23.26	0.00	0.00
600990	四创电子	0	0	0.00	0.00	0.00	0.00	0.00	0.00/-23.26	0.00	0.00
600992	贵绳股份	0	0	0.00	0.00	0.00	0.00	0.00	0.00/-23.26	0.00	0.00
600993	马应龙	0	0	0.00	0.00	0.00	0.00	0.00	0.00/-23.26	0.00	0.00
600995	南网储能	0	0	0.00	0.00	0.00	0.00	0.00	0.00/-23.26	0.00	0.00
600996	贵广网络	0	0	0.00	0.00	0.00	0.00	0.00	0.00/-23.26	0.00	0.00
600997	开滦股份	0	0	0.00	0.00	0.00	0.00	0.00	0.00/-23.26	0.00	0.00
600999	招商证券	0	0	0.00	0.00	0.00	0.00	0.00	0.00/-23.26	0.00	0.00
601000	唐山港	0	0	0.00	0.00	0.00	0.00	0.00	0.00/-23.26	0.00	0.00
601001	晋控煤业	0	0	0.00	0.00	0.00	0.00	0.00	0.00/-23.26	0.00	0.00
601002	晋亿实业	0	0	0.00	0.00	0.00	0.00	0.00	0.00/-23.26	0.00	0.00
601003	柳钢股份	0	0	0.00	0.00	0.00	0.00	0.00	0.00/-23.26	0.00	0.00
601005	重庆钢铁	0	0	0.00	0.00	0.00	0.00	0.00	0.00/-23.26	0.00	0.00
601006	大秦铁路	0	0	0.00	0.00	0.00	0.00	0.00	0.00/-23.26	0.00	0.00
601007	金陵饭店	0	0	0.00	0.00	0.00	0.00	0.00	0.00/-23.26	0.00	0.00
601008	连云港	0	0	0.00	0.00	0.00	0.00	0.00	0.00/-23.26	0.00	0.00
601009	南京银行	0	0	0.00	0.00	0.00	0.00	0.00	0.00/-23.26	0.00	0.00
601010	ST文峰	0	0	0.00	0.00	0.00	0.00	0.00	0.00/-23.26	0.00	0.00
601011	宝泰隆	0	0	0.00	0.00	0.00	0.00	0.00	0.00/-23.26	0.00	0.00
601012	隆基绿能	0	0	0.00	0.00	0.00	0.00	0.00	0.00/-23.26	0.00	0.00
601015	陕西黑猫	0	0	0.00	0.00	0.00	0.00	0.00	0.00/-23.26	0.00	0.00
601016	节能风电	0	0	0.00	0.00	0.00	0.00	0.00	0.00/-23.26	0.00	0.00
601018	宁波港	0	0	0.00	0.00	0.00	0.00	0.00	0.00/-23.26	0.00	0.00
601019	山东出版	0	0	0.00	0.00	0.00	0.00	0.00	0.00/-23.26	0.00	0.00
601020	华钰矿业	0	0	0.00	0.00	0.00	0.00	0.00	0.00/-23.26	0.00	0.00
601021	春秋航空	0	0	0.00	0.00	0.00	0.00	0.00	0.00/-23.26	0.00	0.00
601022	宁波远洋	0	0	0.00	0.00	0.00	0.00	0.00	0.00/-23.26	0.00	0.00
601026	道生天合	0	0	0.00	0.00	0.00	0.00	0.00	0.00/-23.26	0.00	0.00
601033	永兴股份	0	0	0.00	0.00	0.00	0.00	0.00	0.00/-23.26	0.00	0.00
601038	一拖股份	0	0	0.00	0.00	0.00	0.00	0.00	0.00/-23.26	0.00	0.00
601058	赛轮轮胎	0	0	0.00	0.00	0.00	0.00	0.00	0.00/-23.26	0.00	0.00
601059	信达证券	0	0	0.00	0.00	0.00	0.00	0.00	0.00/-23.26	0.00	0.00
601061	中信金属	0	0	0.00	0.00	0.00	0.00	0.00	0.00/-23.26	0.00	0.00
601065	江盐集团	0	0	0.00	0.00	0.00	0.00	0.00	0.00/-23.26	0.00	0.00
601066	中信建投	0	0	0.00	0.00	0.00	0.00	0.00	0.00/-23.26	0.00	0.00
601068	中铝国际	0	0	0.00	0.00	0.00	0.00	0.00	0.00/-23.26	0.00	0.00
601069	XD西部黄	0	0	0.00	0.00	0.00	0.00	0.00	0.00/-23.26	0.00	0.00
601077	渝农商行	0	0	0.00	0.00	0.00	0.00	0.00	0.00/-23.26	0.00	0.00
601086	国芳集团	0	0	0.00	0.00	0.00	0.00	0.00	0.00/-23.26	0.00	0.00
601088	中国神华	0	0	0.00	0.00	0.00	0.00	0.00	0.00/-23.26	0.00	0.00
601089	福元医药	0	0	0.00	0.00	0.00	0.00	0.00	0.00/-23.26	0.00	0.00
601091	沈鼓集团	0	0	0.00	0.00	0.00	0.00	0.00	0.00/-23.26	0.00	0.00
601096	宏盛华源	0	0	0.00	0.00	0.00	0.00	0.00	0.00/-23.26	0.00	0.00
601098	中南传媒	0	0	0.00	0.00	0.00	0.00	0.00	0.00/-23.26	0.00	0.00
601099	太平洋	0	0	0.00	0.00	0.00	0.00	0.00	0.00/-23.26	0.00	0.00
601100	恒立液压	0	0	0.00	0.00	0.00	0.00	0.00	0.00/-23.26	0.00	0.00
601101	昊华能源	0	0	0.00	0.00	0.00	0.00	0.00	0.00/-23.26	0.00	0.00
601106	中国一重	0	0	0.00	0.00	0.00	0.00	0.00	0.00/-23.26	0.00	0.00
601107	四川成渝	0	0	0.00	0.00	0.00	0.00	0.00	0.00/-23.26	0.00	0.00
601108	财通证券	0	0	0.00	0.00	0.00	0.00	0.00	0.00/-23.26	0.00	0.00
601111	中国国航	0	0	0.00	0.00	0.00	0.00	0.00	0.00/-23.26	0.00	0.00
601112	振石股份	0	0	0.00	0.00	0.00	0.00	0.00	0.00/-23.26	0.00	0.00
601113	华鼎股份	0	0	0.00	0.00	0.00	0.00	0.00	0.00/-23.26	0.00	0.00
601116	三江购物	0	0	0.00	0.00	0.00	0.00	0.00	0.00/-23.26	0.00	0.00
601117	中国化学	0	0	0.00	0.00	0.00	0.00	0.00	0.00/-23.26	0.00	0.00
601121	宝地矿业	0	0	0.00	0.00	0.00	0.00	0.00	0.00/-23.26	0.00	0.00
601123	马矿股份	0	0	0.00	0.00	0.00	0.00	0.00	0.00/-23.26	0.00	0.00
601126	四方股份	0	0	0.00	0.00	0.00	0.00	0.00	0.00/-23.26	0.00	0.00
601127	赛力斯	0	0	0.00	0.00	0.00	0.00	0.00	0.00/-23.26	0.00	0.00
601128	常熟银行	0	0	0.00	0.00	0.00	0.00	0.00	0.00/-23.26	0.00	0.00
601133	柏诚股份	0	0	0.00	0.00	0.00	0.00	0.00	0.00/-23.26	0.00	0.00
601136	首创证券	0	0	0.00	0.00	0.00	0.00	0.00	0.00/-23.26	0.00	0.00
601137	博威合金	0	0	0.00	0.00	0.00	0.00	0.00	0.00/-23.26	0.00	0.00
601138	工业富联	0	0	0.00	0.00	0.00	0.00	0.00	0.00/-23.26	0.00	0.00
601139	深圳燃气	0	0	0.00	0.00	0.00	0.00	0.00	0.00/-23.26	0.00	0.00
601155	新城控股	0	0	0.00	0.00	0.00	0.00	0.00	0.00/-23.26	0.00	0.00
601156	东航物流	0	0	0.00	0.00	0.00	0.00	0.00	0.00/-23.26	0.00	0.00
601158	重庆水务	0	0	0.00	0.00	0.00	0.00	0.00	0.00/-23.26	0.00	0.00
601162	天风证券	0	0	0.00	0.00	0.00	0.00	0.00	0.00/-23.26	0.00	0.00
601163	三角轮胎	0	0	0.00	0.00	0.00	0.00	0.00	0.00/-23.26	0.00	0.00
601166	兴业银行	0	0	0.00	0.00	0.00	0.00	0.00	0.00/-23.26	0.00	0.00
601168	西部矿业	0	0	0.00	0.00	0.00	0.00	0.00	0.00/-23.26	0.00	0.00
601169	北京银行	0	0	0.00	0.00	0.00	0.00	0.00	0.00/-23.26	0.00	0.00
601177	杭齿前进	0	0	0.00	0.00	0.00	0.00	0.00	0.00/-23.26	0.00	0.00
601179	中国西电	0	0	0.00	0.00	0.00	0.00	0.00	0.00/-23.26	0.00	0.00
601186	中国铁建	0	0	0.00	0.00	0.00	0.00	0.00	0.00/-23.26	0.00	0.00
601187	厦门银行	0	0	0.00	0.00	0.00	0.00	0.00	0.00/-23.26	0.00	0.00
601188	龙江交通	0	0	0.00	0.00	0.00	0.00	0.00	0.00/-23.26	0.00	0.00
601198	东兴证券	0	0	0.00	0.00	0.00	0.00	0.00	0.00/-23.26	0.00	0.00
601199	江南水务	0	0	0.00	0.00	0.00	0.00	0.00	0.00/-23.26	0.00	0.00
601200	上海环境	0	0	0.00	0.00	0.00	0.00	0.00	0.00/-23.26	0.00	0.00
601211	国泰海通	0	0	0.00	0.00	0.00	0.00	0.00	0.00/-23.26	0.00	0.00
601212	白银有色	0	0	0.00	0.00	0.00	0.00	0.00	0.00/-23.26	0.00	0.00
601216	君正集团	0	0	0.00	0.00	0.00	0.00	0.00	0.00/-23.26	0.00	0.00
601218	吉鑫科技	0	0	0.00	0.00	0.00	0.00	0.00	0.00/-23.26	0.00	0.00
601222	林洋能源	0	0	0.00	0.00	0.00	0.00	0.00	0.00/-23.26	0.00	0.00
601225	陕西煤业	0	0	0.00	0.00	0.00	0.00	0.00	0.00/-23.26	0.00	0.00
601226	华电科工	0	0	0.00	0.00	0.00	0.00	0.00	0.00/-23.26	0.00	0.00
601228	广州港	0	0	0.00	0.00	0.00	0.00	0.00	0.00/-23.26	0.00	0.00
601229	上海银行	0	0	0.00	0.00	0.00	0.00	0.00	0.00/-23.26	0.00	0.00
601231	环旭电子	0	0	0.00	0.00	0.00	0.00	0.00	0.00/-23.26	0.00	0.00
601233	桐昆股份	0	0	0.00	0.00	0.00	0.00	0.00	0.00/-23.26	0.00	0.00
601236	红塔证券	0	0	0.00	0.00	0.00	0.00	0.00	0.00/-23.26	0.00	0.00
601238	广汽集团	0	0	0.00	0.00	0.00	0.00	0.00	0.00/-23.26	0.00	0.00
601279	英利汽车	0	0	0.00	0.00	0.00	0.00	0.00	0.00/-23.26	0.00	0.00
601288	农业银行	0	0	0.00	0.00	0.00	0.00	0.00	0.00/-23.26	0.00	0.00
601298	青岛港	0	0	0.00	0.00	0.00	0.00	0.00	0.00/-23.26	0.00	0.00
601311	骆驼股份	0	0	0.00	0.00	0.00	0.00	0.00	0.00/-23.26	0.00	0.00
601318	中国平安	0	0	0.00	0.00	0.00	0.00	0.00	0.00/-23.26	0.00	0.00
601319	中国人保	0	0	0.00	0.00	0.00	0.00	0.00	0.00/-23.26	0.00	0.00
601326	秦港股份	0	0	0.00	0.00	0.00	0.00	0.00	0.00/-23.26	0.00	0.00
601328	交通银行	0	0	0.00	0.00	0.00	0.00	0.00	0.00/-23.26	0.00	0.00
601330	绿色动力	0	0	0.00	0.00	0.00	0.00	0.00	0.00/-23.26	0.00	0.00
601333	广深铁路	0	0	0.00	0.00	0.00	0.00	0.00	0.00/-23.26	0.00	0.00
601336	新华保险	0	0	0.00	0.00	0.00	0.00	0.00	0.00/-23.26	0.00	0.00
601339	百隆东方	0	0	0.00	0.00	0.00	0.00	0.00	0.00/-23.26	0.00	0.00
601360	三六零	0	0	0.00	0.00	0.00	0.00	0.00	0.00/-23.26	0.00	0.00
601366	利群股份	0	0	0.00	0.00	0.00	0.00	0.00	0.00/-23.26	0.00	0.00
601368	绿城水务	0	0	0.00	0.00	0.00	0.00	0.00	0.00/-23.26	0.00	0.00
601369	陕鼓动力	0	0	0.00	0.00	0.00	0.00	0.00	0.00/-23.26	0.00	0.00
601375	中原证券	0	0	0.00	0.00	0.00	0.00	0.00	0.00/-23.26	0.00	0.00
601377	兴业证券	0	0	0.00	0.00	0.00	0.00	0.00	0.00/-23.26	0.00	0.00
601390	中国中铁	0	0	0.00	0.00	0.00	0.00	0.00	0.00/-23.26	0.00	0.00
601398	工商银行	0	0	0.00	0.00	0.00	0.00	0.00	0.00/-23.26	0.00	0.00
601399	国机重装	0	0	0.00	0.00	0.00	0.00	0.00	0.00/-23.26	0.00	0.00
601456	国联民生	0	0	0.00	0.00	0.00	0.00	0.00	0.00/-23.26	0.00	0.00
601500	通用股份	0	0	0.00	0.00	0.00	0.00	0.00	0.00/-23.26	0.00	0.00
601512	中新集团	0	0	0.00	0.00	0.00	0.00	0.00	0.00/-23.26	0.00	0.00
601515	衢州东峰	0	0	0.00	0.00	0.00	0.00	0.00	0.00/-23.26	0.00	0.00
601518	吉林高速	0	0	0.00	0.00	0.00	0.00	0.00	0.00/-23.26	0.00	0.00
601519	大智慧	0	0	0.00	0.00	0.00	0.00	0.00	0.00/-23.26	0.00	0.00
601528	瑞丰银行	0	0	0.00	0.00	0.00	0.00	0.00	0.00/-23.26	0.00	0.00
601555	东吴证券	0	0	0.00	0.00	0.00	0.00	0.00	0.00/-23.26	0.00	0.00
601566	九牧王	0	0	0.00	0.00	0.00	0.00	0.00	0.00/-23.26	0.00	0.00
601567	三星电气	0	0	0.00	0.00	0.00	0.00	0.00	0.00/-23.26	0.00	0.00
601568	北元化工	0	0	0.00	0.00	0.00	0.00	0.00	0.00/-23.26	0.00	0.00
601577	XD长沙银	0	0	0.00	0.00	0.00	0.00	0.00	0.00/-23.26	0.00	0.00
601579	会稽山	0	0	0.00	0.00	0.00	0.00	0.00	0.00/-23.26	0.00	0.00
601588	北辰实业	0	0	0.00	0.00	0.00	0.00	0.00	0.00/-23.26	0.00	0.00
601595	上海电影	0	0	0.00	0.00	0.00	0.00	0.00	0.00/-23.26	0.00	0.00
601598	中国外运	0	0	0.00	0.00	0.00	0.00	0.00	0.00/-23.26	0.00	0.00
601599	浙文影业	0	0	0.00	0.00	0.00	0.00	0.00	0.00/-23.26	0.00	0.00
601600	中国铝业	0	0	0.00	0.00	0.00	0.00	0.00	0.00/-23.26	0.00	0.00
601601	中国太保	0	0	0.00	0.00	0.00	0.00	0.00	0.00/-23.26	0.00	0.00
601606	长城军工	0	0	0.00	0.00	0.00	0.00	0.00	0.00/-23.26	0.00	0.00
601607	上海医药	0	0	0.00	0.00	0.00	0.00	0.00	0.00/-23.26	0.00	0.00
601608	中信重工	0	0	0.00	0.00	0.00	0.00	0.00	0.00/-23.26	0.00	0.00
601609	金田股份	0	0	0.00	0.00	0.00	0.00	0.00	0.00/-23.26	0.00	0.00
601611	中国核建	0	0	0.00	0.00	0.00	0.00	0.00	0.00/-23.26	0.00	0.00
601616	广电电气	0	0	0.00	0.00	0.00	0.00	0.00	0.00/-23.26	0.00	0.00
601618	中国中冶	0	0	0.00	0.00	0.00	0.00	0.00	0.00/-23.26	0.00	0.00
601619	嘉泽新能	0	0	0.00	0.00	0.00	0.00	0.00	0.00/-23.26	0.00	0.00
601628	中国人寿	0	0	0.00	0.00	0.00	0.00	0.00	0.00/-23.26	0.00	0.00
601633	长城汽车	0	0	0.00	0.00	0.00	0.00	0.00	0.00/-23.26	0.00	0.00
601636	旗滨集团	0	0	0.00	0.00	0.00	0.00	0.00	0.00/-23.26	0.00	0.00
601658	邮储银行	0	0	0.00	0.00	0.00	0.00	0.00	0.00/-23.26	0.00	0.00
601665	齐鲁银行	0	0	0.00	0.00	0.00	0.00	0.00	0.00/-23.26	0.00	0.00
601666	平煤股份	0	0	0.00	0.00	0.00	0.00	0.00	0.00/-23.26	0.00	0.00
601668	中国建筑	0	0	0.00	0.00	0.00	0.00	0.00	0.00/-23.26	0.00	0.00
601669	中国电建	0	0	0.00	0.00	0.00	0.00	0.00	0.00/-23.26	0.00	0.00
601677	明泰铝业	0	0	0.00	0.00	0.00	0.00	0.00	0.00/-23.26	0.00	0.00
601686	友发集团	0	0	0.00	0.00	0.00	0.00	0.00	0.00/-23.26	0.00	0.00
601688	华泰证券	0	0	0.00	0.00	0.00	0.00	0.00	0.00/-23.26	0.00	0.00
601689	拓普集团	0	0	0.00	0.00	0.00	0.00	0.00	0.00/-23.26	0.00	0.00
601696	中银证券	0	0	0.00	0.00	0.00	0.00	0.00	0.00/-23.26	0.00	0.00
601698	中国卫通	0	0	0.00	0.00	0.00	0.00	0.00	0.00/-23.26	0.00	0.00
601699	潞安环能	0	0	0.00	0.00	0.00	0.00	0.00	0.00/-23.26	0.00	0.00
601700	风范股份	0	0	0.00	0.00	0.00	0.00	0.00	0.00/-23.26	0.00	0.00
601702	华峰铝业	0	0	0.00	0.00	0.00	0.00	0.00	0.00/-23.26	0.00	0.00
601717	中创智领	0	0	0.00	0.00	0.00	0.00	0.00	0.00/-23.26	0.00	0.00
601718	ST际华	0	0	0.00	0.00	0.00	0.00	0.00	0.00/-23.26	0.00	0.00
601727	上海电气	0	0	0.00	0.00	0.00	0.00	0.00	0.00/-23.26	0.00	0.00
601728	中国电信	0	0	0.00	0.00	0.00	0.00	0.00	0.00/-23.26	0.00	0.00
601766	中国中车	0	0	0.00	0.00	0.00	0.00	0.00	0.00/-23.26	0.00	0.00
601777	千里科技	0	0	0.00	0.00	0.00	0.00	0.00	0.00/-23.26	0.00	0.00
601778	晶科科技	0	0	0.00	0.00	0.00	0.00	0.00	0.00/-23.26	0.00	0.00
601788	光大证券	0	0	0.00	0.00	0.00	0.00	0.00	0.00/-23.26	0.00	0.00
601789	宁波建工	0	0	0.00	0.00	0.00	0.00	0.00	0.00/-23.26	0.00	0.00
601798	蓝科高新	0	0	0.00	0.00	0.00	0.00	0.00	0.00/-23.26	0.00	0.00
601799	星宇股份	0	0	0.00	0.00	0.00	0.00	0.00	0.00/-23.26	0.00	0.00
601800	中国交建	0	0	0.00	0.00	0.00	0.00	0.00	0.00/-23.26	0.00	0.00
601801	皖新传媒	0	0	0.00	0.00	0.00	0.00	0.00	0.00/-23.26	0.00	0.00
601808	中海油服	0	0	0.00	0.00	0.00	0.00	0.00	0.00/-23.26	0.00	0.00
601811	新华文轩	0	0	0.00	0.00	0.00	0.00	0.00	0.00/-23.26	0.00	0.00
601816	京沪高铁	0	0	0.00	0.00	0.00	0.00	0.00	0.00/-23.26	0.00	0.00
601818	光大银行	0	0	0.00	0.00	0.00	0.00	0.00	0.00/-23.26	0.00	0.00
601825	沪农商行	0	0	0.00	0.00	0.00	0.00	0.00	0.00/-23.26	0.00	0.00
601827	三峰环境	0	0	0.00	0.00	0.00	0.00	0.00	0.00/-23.26	0.00	0.00
601828	美凯龙	0	0	0.00	0.00	0.00	0.00	0.00	0.00/-23.26	0.00	0.00
601838	成都银行	0	0	0.00	0.00	0.00	0.00	0.00	0.00/-23.26	0.00	0.00
601857	中国石油	0	0	0.00	0.00	0.00	0.00	0.00	0.00/-23.26	0.00	0.00
601858	中国科传	0	0	0.00	0.00	0.00	0.00	0.00	0.00/-23.26	0.00	0.00
601860	紫金银行	0	0	0.00	0.00	0.00	0.00	0.00	0.00/-23.26	0.00	0.00
601865	福莱特	0	0	0.00	0.00	0.00	0.00	0.00	0.00/-23.26	0.00	0.00
601866	中远海发	0	0	0.00	0.00	0.00	0.00	0.00	0.00/-23.26	0.00	0.00
601868	中国能建	0	0	0.00	0.00	0.00	0.00	0.00	0.00/-23.26	0.00	0.00
601869	长飞光纤	0	0	0.00	0.00	0.00	0.00	0.00	0.00/-23.26	0.00	0.00
601872	招商轮船	0	0	0.00	0.00	0.00	0.00	0.00	0.00/-23.26	0.00	0.00
601877	XD正泰电	0	0	0.00	0.00	0.00	0.00	0.00	0.00/-23.26	0.00	0.00
601878	浙商证券	0	0	0.00	0.00	0.00	0.00	0.00	0.00/-23.26	0.00	0.00
601880	辽港股份	0	0	0.00	0.00	0.00	0.00	0.00	0.00/-23.26	0.00	0.00
601881	中国银河	0	0	0.00	0.00	0.00	0.00	0.00	0.00/-23.26	0.00	0.00
601882	海天精工	0	0	0.00	0.00	0.00	0.00	0.00	0.00/-23.26	0.00	0.00
601886	江河集团	0	0	0.00	0.00	0.00	0.00	0.00	0.00/-23.26	0.00	0.00
601890	亚星锚链	0	0	0.00	0.00	0.00	0.00	0.00	0.00/-23.26	0.00	0.00
601898	中煤能源	0	0	0.00	0.00	0.00	0.00	0.00	0.00/-23.26	0.00	0.00
601899	紫金矿业	0	0	0.00	0.00	0.00	0.00	0.00	0.00/-23.26	0.00	0.00
601900	南方传媒	0	0	0.00	0.00	0.00	0.00	0.00	0.00/-23.26	0.00	0.00
601901	方正证券	0	0	0.00	0.00	0.00	0.00	0.00	0.00/-23.26	0.00	0.00
601908	京运通	0	0	0.00	0.00	0.00	0.00	0.00	0.00/-23.26	0.00	0.00
601916	浙商银行	0	0	0.00	0.00	0.00	0.00	0.00	0.00/-23.26	0.00	0.00
601918	新集能源	0	0	0.00	0.00	0.00	0.00	0.00	0.00/-23.26	0.00	0.00
601919	中远海控	0	0	0.00	0.00	0.00	0.00	0.00	0.00/-23.26	0.00	0.00
601921	浙版传媒	0	0	0.00	0.00	0.00	0.00	0.00	0.00/-23.26	0.00	0.00
601928	凤凰传媒	0	0	0.00	0.00	0.00	0.00	0.00	0.00/-23.26	0.00	0.00
601929	吉视传媒	0	0	0.00	0.00	0.00	0.00	0.00	0.00/-23.26	0.00	0.00
601939	建设银行	0	0	0.00	0.00	0.00	0.00	0.00	0.00/-23.26	0.00	0.00
601949	中国出版	0	0	0.00	0.00	0.00	0.00	0.00	0.00/-23.26	0.00	0.00
601952	苏垦农发	0	0	0.00	0.00	0.00	0.00	0.00	0.00/-23.26	0.00	0.00
601956	东贝集团	0	0	0.00	0.00	0.00	0.00	0.00	0.00/-23.26	0.00	0.00
601958	金钼股份	0	0	0.00	0.00	0.00	0.00	0.00	0.00/-23.26	0.00	0.00
601963	重庆银行	0	0	0.00	0.00	0.00	0.00	0.00	0.00/-23.26	0.00	0.00
601965	中国汽研	0	0	0.00	0.00	0.00	0.00	0.00	0.00/-23.26	0.00	0.00
601968	宝钢包装	0	0	0.00	0.00	0.00	0.00	0.00	0.00/-23.26	0.00	0.00
601969	海南矿业	0	0	0.00	0.00	0.00	0.00	0.00	0.00/-23.26	0.00	0.00
601975	招商南油	0	0	0.00	0.00	0.00	0.00	0.00	0.00/-23.26	0.00	0.00
601985	中国核电	0	0	0.00	0.00	0.00	0.00	0.00	0.00/-23.26	0.00	0.00
601988	中国银行	0	0	0.00	0.00	0.00	0.00	0.00	0.00/-23.26	0.00	0.00
601990	南京证券	0	0	0.00	0.00	0.00	0.00	0.00	0.00/-23.26	0.00	0.00
601991	大唐发电	0	0	0.00	0.00	0.00	0.00	0.00	0.00/-23.26	0.00	0.00
601992	金隅集团	0	0	0.00	0.00	0.00	0.00	0.00	0.00/-23.26	0.00	0.00
601995	中金公司	0	0	0.00	0.00	0.00	0.00	0.00	0.00/-23.26	0.00	0.00
601996	丰林集团	0	0	0.00	0.00	0.00	0.00	0.00	0.00/-23.26	0.00	0.00
601997	贵阳银行	0	0	0.00	0.00	0.00	0.00	0.00	0.00/-23.26	0.00	0.00
601998	中信银行	0	0	0.00	0.00	0.00	0.00	0.00	0.00/-23.26	0.00	0.00
601999	出版传媒	0	0	0.00	0.00	0.00	0.00	0.00	0.00/-23.26	0.00	0.00
603000	人民网	0	0	0.00	0.00	0.00	0.00	0.00	0.00/-23.26	0.00	0.00
603001	奥康国际	0	0	0.00	0.00	0.00	0.00	0.00	0.00/-23.26	0.00	0.00
603002	宏昌电子	0	0	0.00	0.00	0.00	0.00	0.00	0.00/-23.26	0.00	0.00
603004	鼎龙科技	0	0	0.00	0.00	0.00	0.00	0.00	0.00/-23.26	0.00	0.00
603005	晶方科技	0	0	0.00	0.00	0.00	0.00	0.00	0.00/-23.26	0.00	0.00
603006	联明股份	0	0	0.00	0.00	0.00	0.00	0.00	0.00/-23.26	0.00	0.00
603007	顺景科技	0	0	0.00	0.00	0.00	0.00	0.00	0.00/-23.26	0.00	0.00
603008	ST喜临门	0	0	0.00	0.00	0.00	0.00	0.00	0.00/-23.26	0.00	0.00
603009	北特科技	0	0	0.00	0.00	0.00	0.00	0.00	0.00/-23.26	0.00	0.00
603010	万盛股份	0	0	0.00	0.00	0.00	0.00	0.00	0.00/-23.26	0.00	0.00
603011	合锻智能	0	0	0.00	0.00	0.00	0.00	0.00	0.00/-23.26	0.00	0.00
603013	亚普股份	0	0	0.00	0.00	0.00	0.00	0.00	0.00/-23.26	0.00	0.00
603014	威高血净	0	0	0.00	0.00	0.00	0.00	0.00	0.00/-23.26	0.00	0.00
603015	弘讯科技	0	0	0.00	0.00	0.00	0.00	0.00	0.00/-23.26	0.00	0.00
603016	新宏泰	0	0	0.00	0.00	0.00	0.00	0.00	0.00/-23.26	0.00	0.00
603017	中衡设计	0	0	0.00	0.00	0.00	0.00	0.00	0.00/-23.26	0.00	0.00
603018	华设集团	0	0	0.00	0.00	0.00	0.00	0.00	0.00/-23.26	0.00	0.00
603019	中科曙光	0	0	0.00	0.00	0.00	0.00	0.00	0.00/-23.26	0.00	0.00
603020	爱普股份	0	0	0.00	0.00	0.00	0.00	0.00	0.00/-23.26	0.00	0.00
603021	*ST华鹏	0	0	0.00	0.00	0.00	0.00	0.00	0.00/-23.26	0.00	0.00
603022	新通联	0	0	0.00	0.00	0.00	0.00	0.00	0.00/-23.26	0.00	0.00
603023	威帝股份	0	0	0.00	0.00	0.00	0.00	0.00	0.00/-23.26	0.00	0.00
603025	大豪科技	0	0	0.00	0.00	0.00	0.00	0.00	0.00/-23.26	0.00	0.00
603027	千禾味业	0	0	0.00	0.00	0.00	0.00	0.00	0.00/-23.26	0.00	0.00
603028	赛福天	0	0	0.00	0.00	0.00	0.00	0.00	0.00/-23.26	0.00	0.00
603029	天鹅股份	0	0	0.00	0.00	0.00	0.00	0.00	0.00/-23.26	0.00	0.00
603030	全筑股份	0	0	0.00	0.00	0.00	0.00	0.00	0.00/-23.26	0.00	0.00
603031	安孚科技	0	0	0.00	0.00	0.00	0.00	0.00	0.00/-23.26	0.00	0.00
603032	德新科技	0	0	0.00	0.00	0.00	0.00	0.00	0.00/-23.26	0.00	0.00
603033	三维股份	0	0	0.00	0.00	0.00	0.00	0.00	0.00/-23.26	0.00	0.00
603035	常熟汽饰	0	0	0.00	0.00	0.00	0.00	0.00	0.00/-23.26	0.00	0.00
603036	如通股份	0	0	0.00	0.00	0.00	0.00	0.00	0.00/-23.26	0.00	0.00
603037	凯众股份	0	0	0.00	0.00	0.00	0.00	0.00	0.00/-23.26	0.00	0.00
603038	华立股份	0	0	0.00	0.00	0.00	0.00	0.00	0.00/-23.26	0.00	0.00
603039	泛微网络	0	0	0.00	0.00	0.00	0.00	0.00	0.00/-23.26	0.00	0.00
603040	新坐标	0	0	0.00	0.00	0.00	0.00	0.00	0.00/-23.26	0.00	0.00
603041	美思德	0	0	0.00	0.00	0.00	0.00	0.00	0.00/-23.26	0.00	0.00
603042	华脉科技	0	0	0.00	0.00	0.00	0.00	0.00	0.00/-23.26	0.00	0.00
603043	广州酒家	0	0	0.00	0.00	0.00	0.00	0.00	0.00/-23.26	0.00	0.00
603045	福达合金	0	0	0.00	0.00	0.00	0.00	0.00	0.00/-23.26	0.00	0.00
603048	浙江黎明	0	0	0.00	0.00	0.00	0.00	0.00	0.00/-23.26	0.00	0.00
603049	中策橡胶	0	0	0.00	0.00	0.00	0.00	0.00	0.00/-23.26	0.00	0.00
603050	科林电气	0	0	0.00	0.00	0.00	0.00	0.00	0.00/-23.26	0.00	0.00
603051	鹿山新材	0	0	0.00	0.00	0.00	0.00	0.00	0.00/-23.26	0.00	0.00
603052	可川科技	0	0	0.00	0.00	0.00	0.00	0.00	0.00/-23.26	0.00	0.00
603053	成都燃气	0	0	0.00	0.00	0.00	0.00	0.00	0.00/-23.26	0.00	0.00
603055	台华新材	0	0	0.00	0.00	0.00	0.00	0.00	0.00/-23.26	0.00	0.00
603057	紫燕食品	0	0	0.00	0.00	0.00	0.00	0.00	0.00/-23.26	0.00	0.00
603058	永吉股份	0	0	0.00	0.00	0.00	0.00	0.00	0.00/-23.26	0.00	0.00
603059	倍加洁	0	0	0.00	0.00	0.00	0.00	0.00	0.00/-23.26	0.00	0.00
603060	国检集团	0	0	0.00	0.00	0.00	0.00	0.00	0.00/-23.26	0.00	0.00
603061	金海通	0	0	0.00	0.00	0.00	0.00	0.00	0.00/-23.26	0.00	0.00
603062	麦加芯彩	0	0	0.00	0.00	0.00	0.00	0.00	0.00/-23.26	0.00	0.00
603063	禾望电气	0	0	0.00	0.00	0.00	0.00	0.00	0.00/-23.26	0.00	0.00
603065	宿迁联盛	0	0	0.00	0.00	0.00	0.00	0.00	0.00/-23.26	0.00	0.00
603066	音飞储存	0	0	0.00	0.00	0.00	0.00	0.00	0.00/-23.26	0.00	0.00
603067	振华股份	0	0	0.00	0.00	0.00	0.00	0.00	0.00/-23.26	0.00	0.00
603068	博通集成	0	0	0.00	0.00	0.00	0.00	0.00	0.00/-23.26	0.00	0.00
603069	海汽集团	0	0	0.00	0.00	0.00	0.00	0.00	0.00/-23.26	0.00	0.00
603070	万控智造	0	0	0.00	0.00	0.00	0.00	0.00	0.00/-23.26	0.00	0.00
603071	物产环能	0	0	0.00	0.00	0.00	0.00	0.00	0.00/-23.26	0.00	0.00
603072	天和磁材	0	0	0.00	0.00	0.00	0.00	0.00	0.00/-23.26	0.00	0.00
603073	彩蝶实业	0	0	0.00	0.00	0.00	0.00	0.00	0.00/-23.26	0.00	0.00
603075	热威股份	0	0	0.00	0.00	0.00	0.00	0.00	0.00/-23.26	0.00	0.00
603076	乐惠国际	0	0	0.00	0.00	0.00	0.00	0.00	0.00/-23.26	0.00	0.00
603077	和邦生物	0	0	0.00	0.00	0.00	0.00	0.00	0.00/-23.26	0.00	0.00
603080	新疆火炬	0	0	0.00	0.00	0.00	0.00	0.00	0.00/-23.26	0.00	0.00
603081	大丰实业	0	0	0.00	0.00	0.00	0.00	0.00	0.00/-23.26	0.00	0.00
603082	北自科技	0	0	0.00	0.00	0.00	0.00	0.00	0.00/-23.26	0.00	0.00
603085	天成自控	0	0	0.00	0.00	0.00	0.00	0.00	0.00/-23.26	0.00	0.00
603086	先达股份	0	0	0.00	0.00	0.00	0.00	0.00	0.00/-23.26	0.00	0.00
603087	甘李药业	0	0	0.00	0.00	0.00	0.00	0.00	0.00/-23.26	0.00	0.00
603088	宁波精达	0	0	0.00	0.00	0.00	0.00	0.00	0.00/-23.26	0.00	0.00
603089	正裕工业	0	0	0.00	0.00	0.00	0.00	0.00	0.00/-23.26	0.00	0.00
603090	宏盛股份	0	0	0.00	0.00	0.00	0.00	0.00	0.00/-23.26	0.00	0.00
603091	众鑫股份	0	0	0.00	0.00	0.00	0.00	0.00	0.00/-23.26	0.00	0.00
603092	德力佳	0	0	0.00	0.00	0.00	0.00	0.00	0.00/-23.26	0.00	0.00
603093	南华期货	0	0	0.00	0.00	0.00	0.00	0.00	0.00/-23.26	0.00	0.00
603095	越剑智能	0	0	0.00	0.00	0.00	0.00	0.00	0.00/-23.26	0.00	0.00
603096	新经典	0	0	0.00	0.00	0.00	0.00	0.00	0.00/-23.26	0.00	0.00
603097	江苏华辰	0	0	0.00	0.00	0.00	0.00	0.00	0.00/-23.26	0.00	0.00
603098	森特股份	0	0	0.00	0.00	0.00	0.00	0.00	0.00/-23.26	0.00	0.00
603099	长白山	0	0	0.00	0.00	0.00	0.00	0.00	0.00/-23.26	0.00	0.00
603100	川仪股份	0	0	0.00	0.00	0.00	0.00	0.00	0.00/-23.26	0.00	0.00
603101	汇嘉时代	0	0	0.00	0.00	0.00	0.00	0.00	0.00/-23.26	0.00	0.00
603102	百合股份	0	0	0.00	0.00	0.00	0.00	0.00	0.00/-23.26	0.00	0.00
603103	横店影视	0	0	0.00	0.00	0.00	0.00	0.00	0.00/-23.26	0.00	0.00
603105	芯能科技	0	0	0.00	0.00	0.00	0.00	0.00	0.00/-23.26	0.00	0.00
603106	恒银科技	0	0	0.00	0.00	0.00	0.00	0.00	0.00/-23.26	0.00	0.00
603107	上海汽配	0	0	0.00	0.00	0.00	0.00	0.00	0.00/-23.26	0.00	0.00
603108	润达医疗	0	0	0.00	0.00	0.00	0.00	0.00	0.00/-23.26	0.00	0.00
603109	神驰机电	0	0	0.00	0.00	0.00	0.00	0.00	0.00/-23.26	0.00	0.00
603110	东方材料	0	0	0.00	0.00	0.00	0.00	0.00	0.00/-23.26	0.00	0.00
603111	康尼机电	0	0	0.00	0.00	0.00	0.00	0.00	0.00/-23.26	0.00	0.00
603112	华翔股份	0	0	0.00	0.00	0.00	0.00	0.00	0.00/-23.26	0.00	0.00
603113	金能科技	0	0	0.00	0.00	0.00	0.00	0.00	0.00/-23.26	0.00	0.00
603115	海星股份	0	0	0.00	0.00	0.00	0.00	0.00	0.00/-23.26	0.00	0.00
603116	红蜻蜓	0	0	0.00	0.00	0.00	0.00	0.00	0.00/-23.26	0.00	0.00
603117	万林物流	0	0	0.00	0.00	0.00	0.00	0.00	0.00/-23.26	0.00	0.00
603118	共进股份	0	0	0.00	0.00	0.00	0.00	0.00	0.00/-23.26	0.00	0.00
603119	浙江荣泰	0	0	0.00	0.00	0.00	0.00	0.00	0.00/-23.26	0.00	0.00
603120	肯特催化	0	0	0.00	0.00	0.00	0.00	0.00	0.00/-23.26	0.00	0.00
603121	华培动力	0	0	0.00	0.00	0.00	0.00	0.00	0.00/-23.26	0.00	0.00
603122	合富中国	0	0	0.00	0.00	0.00	0.00	0.00	0.00/-23.26	0.00	0.00
603123	翠微股份	0	0	0.00	0.00	0.00	0.00	0.00	0.00/-23.26	0.00	0.00
603124	江南新材	0	0	0.00	0.00	0.00	0.00	0.00	0.00/-23.26	0.00	0.00
603125	常青科技	0	0	0.00	0.00	0.00	0.00	0.00	0.00/-23.26	0.00	0.00
603126	中材节能	0	0	0.00	0.00	0.00	0.00	0.00	0.00/-23.26	0.00	0.00
603127	昭衍新药	0	0	0.00	0.00	0.00	0.00	0.00	0.00/-23.26	0.00	0.00
603128	华贸物流	0	0	0.00	0.00	0.00	0.00	0.00	0.00/-23.26	0.00	0.00
603129	春风动力	0	0	0.00	0.00	0.00	0.00	0.00	0.00/-23.26	0.00	0.00
603130	云中马	0	0	0.00	0.00	0.00	0.00	0.00	0.00/-23.26	0.00	0.00
603131	上海沪工	0	0	0.00	0.00	0.00	0.00	0.00	0.00/-23.26	0.00	0.00
603132	金徽股份	0	0	0.00	0.00	0.00	0.00	0.00	0.00/-23.26	0.00	0.00
603135	中重科技	0	0	0.00	0.00	0.00	0.00	0.00	0.00/-23.26	0.00	0.00
603136	天目湖	0	0	0.00	0.00	0.00	0.00	0.00	0.00/-23.26	0.00	0.00
603137	恒尚节能	0	0	0.00	0.00	0.00	0.00	0.00	0.00/-23.26	0.00	0.00
603138	海量数据	0	0	0.00	0.00	0.00	0.00	0.00	0.00/-23.26	0.00	0.00
603139	康惠股份	0	0	0.00	0.00	0.00	0.00	0.00	0.00/-23.26	0.00	0.00
603150	万朗磁塑	0	0	0.00	0.00	0.00	0.00	0.00	0.00/-23.26	0.00	0.00
603151	邦基科技	0	0	0.00	0.00	0.00	0.00	0.00	0.00/-23.26	0.00	0.00
603153	上海建科	0	0	0.00	0.00	0.00	0.00	0.00	0.00/-23.26	0.00	0.00
603155	新亚强	0	0	0.00	0.00	0.00	0.00	0.00	0.00/-23.26	0.00	0.00
603156	养元饮品	0	0	0.00	0.00	0.00	0.00	0.00	0.00/-23.26	0.00	0.00
603158	腾龙股份	0	0	0.00	0.00	0.00	0.00	0.00	0.00/-23.26	0.00	0.00
603159	上海亚虹	0	0	0.00	0.00	0.00	0.00	0.00	0.00/-23.26	0.00	0.00
603160	汇顶科技	0	0	0.00	0.00	0.00	0.00	0.00	0.00/-23.26	0.00	0.00
603161	科华控股	0	0	0.00	0.00	0.00	0.00	0.00	0.00/-23.26	0.00	0.00
603162	海通发展	0	0	0.00	0.00	0.00	0.00	0.00	0.00/-23.26	0.00	0.00
603163	圣晖集成	0	0	0.00	0.00	0.00	0.00	0.00	0.00/-23.26	0.00	0.00
603165	荣晟环保	0	0	0.00	0.00	0.00	0.00	0.00	0.00/-23.26	0.00	0.00
603166	福达股份	0	0	0.00	0.00	0.00	0.00	0.00	0.00/-23.26	0.00	0.00
603167	渤海轮渡	0	0	0.00	0.00	0.00	0.00	0.00	0.00/-23.26	0.00	0.00
603168	莎普爱思	0	0	0.00	0.00	0.00	0.00	0.00	0.00/-23.26	0.00	0.00
603169	兰石重装	0	0	0.00	0.00	0.00	0.00	0.00	0.00/-23.26	0.00	0.00
603170	宝立食品	0	0	0.00	0.00	0.00	0.00	0.00	0.00/-23.26	0.00	0.00
603171	税友股份	0	0	0.00	0.00	0.00	0.00	0.00	0.00/-23.26	0.00	0.00
603172	万丰股份	0	0	0.00	0.00	0.00	0.00	0.00	0.00/-23.26	0.00	0.00
603173	福斯达	0	0	0.00	0.00	0.00	0.00	0.00	0.00/-23.26	0.00	0.00
603175	超颖电子	0	0	0.00	0.00	0.00	0.00	0.00	0.00/-23.26	0.00	0.00
603176	汇通集团	0	0	0.00	0.00	0.00	0.00	0.00	0.00/-23.26	0.00	0.00
603177	德创环保	0	0	0.00	0.00	0.00	0.00	0.00	0.00/-23.26	0.00	0.00
603178	圣龙股份	0	0	0.00	0.00	0.00	0.00	0.00	0.00/-23.26	0.00	0.00
603179	新泉股份	0	0	0.00	0.00	0.00	0.00	0.00	0.00/-23.26	0.00	0.00
603180	金牌家居	0	0	0.00	0.00	0.00	0.00	0.00	0.00/-23.26	0.00	0.00
603181	皇马科技	0	0	0.00	0.00	0.00	0.00	0.00	0.00/-23.26	0.00	0.00
603182	嘉华股份	0	0	0.00	0.00	0.00	0.00	0.00	0.00/-23.26	0.00	0.00
603183	建研院	0	0	0.00	0.00	0.00	0.00	0.00	0.00/-23.26	0.00	0.00
603185	弘元绿能	0	0	0.00	0.00	0.00	0.00	0.00	0.00/-23.26	0.00	0.00
603186	华正新材	0	0	0.00	0.00	0.00	0.00	0.00	0.00/-23.26	0.00	0.00
603187	海容冷链	0	0	0.00	0.00	0.00	0.00	0.00	0.00/-23.26	0.00	0.00
603188	亚邦股份	0	0	0.00	0.00	0.00	0.00	0.00	0.00/-23.26	0.00	0.00
603189	*ST网达	0	0	0.00	0.00	0.00	0.00	0.00	0.00/-23.26	0.00	0.00
603190	亚通精工	0	0	0.00	0.00	0.00	0.00	0.00	0.00/-23.26	0.00	0.00
603191	望变电气	0	0	0.00	0.00	0.00	0.00	0.00	0.00/-23.26	0.00	0.00
603192	汇得科技	0	0	0.00	0.00	0.00	0.00	0.00	0.00/-23.26	0.00	0.00
603193	润本股份	0	0	0.00	0.00	0.00	0.00	0.00	0.00/-23.26	0.00	0.00
603194	中力股份	0	0	0.00	0.00	0.00	0.00	0.00	0.00/-23.26	0.00	0.00
603195	公牛集团	0	0	0.00	0.00	0.00	0.00	0.00	0.00/-23.26	0.00	0.00
603196	璞源材料	0	0	0.00	0.00	0.00	0.00	0.00	0.00/-23.26	0.00	0.00
603197	保隆科技	0	0	0.00	0.00	0.00	0.00	0.00	0.00/-23.26	0.00	0.00
603198	迎驾贡酒	0	0	0.00	0.00	0.00	0.00	0.00	0.00/-23.26	0.00	0.00
603199	九华旅游	0	0	0.00	0.00	0.00	0.00	0.00	0.00/-23.26	0.00	0.00
603200	上海洗霸	0	0	0.00	0.00	0.00	0.00	0.00	0.00/-23.26	0.00	0.00
603201	常润股份	0	0	0.00	0.00	0.00	0.00	0.00	0.00/-23.26	0.00	0.00
603202	天有为	0	0	0.00	0.00	0.00	0.00	0.00	0.00/-23.26	0.00	0.00
603203	快克智能	0	0	0.00	0.00	0.00	0.00	0.00	0.00/-23.26	0.00	0.00
603205	健尔康	0	0	0.00	0.00	0.00	0.00	0.00	0.00/-23.26	0.00	0.00
603206	嘉环科技	0	0	0.00	0.00	0.00	0.00	0.00	0.00/-23.26	0.00	0.00
603207	小方制药	0	0	0.00	0.00	0.00	0.00	0.00	0.00/-23.26	0.00	0.00
603208	江山欧派	0	0	0.00	0.00	0.00	0.00	0.00	0.00/-23.26	0.00	0.00
603209	兴通股份	0	0	0.00	0.00	0.00	0.00	0.00	0.00/-23.26	0.00	0.00
603210	泰鸿万立	0	0	0.00	0.00	0.00	0.00	0.00	0.00/-23.26	0.00	0.00
603211	晋拓股份	0	0	0.00	0.00	0.00	0.00	0.00	0.00/-23.26	0.00	0.00
603212	赛伍技术	0	0	0.00	0.00	0.00	0.00	0.00	0.00/-23.26	0.00	0.00
603213	镇洋发展	0	0	0.00	0.00	0.00	0.00	0.00	0.00/-23.26	0.00	0.00
603214	爱婴室	0	0	0.00	0.00	0.00	0.00	0.00	0.00/-23.26	0.00	0.00
603215	比依股份	0	0	0.00	0.00	0.00	0.00	0.00	0.00/-23.26	0.00	0.00
603216	梦天家居	0	0	0.00	0.00	0.00	0.00	0.00	0.00/-23.26	0.00	0.00
603217	元利科技	0	0	0.00	0.00	0.00	0.00	0.00	0.00/-23.26	0.00	0.00
603218	日月股份	0	0	0.00	0.00	0.00	0.00	0.00	0.00/-23.26	0.00	0.00
603219	富佳股份	0	0	0.00	0.00	0.00	0.00	0.00	0.00/-23.26	0.00	0.00
603220	中贝通信	0	0	0.00	0.00	0.00	0.00	0.00	0.00/-23.26	0.00	0.00
603221	爱丽家居	0	0	0.00	0.00	0.00	0.00	0.00	0.00/-23.26	0.00	0.00
603222	济民健康	0	0	0.00	0.00	0.00	0.00	0.00	0.00/-23.26	0.00	0.00
603223	XD恒通股	0	0	0.00	0.00	0.00	0.00	0.00	0.00/-23.26	0.00	0.00
603225	新凤鸣	0	0	0.00	0.00	0.00	0.00	0.00	0.00/-23.26	0.00	0.00
603226	菲林格尔	0	0	0.00	0.00	0.00	0.00	0.00	0.00/-23.26	0.00	0.00
603227	雪峰科技	0	0	0.00	0.00	0.00	0.00	0.00	0.00/-23.26	0.00	0.00
603228	景旺电子	0	0	0.00	0.00	0.00	0.00	0.00	0.00/-23.26	0.00	0.00
603229	奥翔药业	0	0	0.00	0.00	0.00	0.00	0.00	0.00/-23.26	0.00	0.00
603230	内蒙新华	0	0	0.00	0.00	0.00	0.00	0.00	0.00/-23.26	0.00	0.00
603231	索宝蛋白	0	0	0.00	0.00	0.00	0.00	0.00	0.00/-23.26	0.00	0.00
603232	格尔软件	0	0	0.00	0.00	0.00	0.00	0.00	0.00/-23.26	0.00	0.00
603233	大参林	0	0	0.00	0.00	0.00	0.00	0.00	0.00/-23.26	0.00	0.00
603235	天新药业	0	0	0.00	0.00	0.00	0.00	0.00	0.00/-23.26	0.00	0.00
603236	移远通信	0	0	0.00	0.00	0.00	0.00	0.00	0.00/-23.26	0.00	0.00
603237	五芳斋	0	0	0.00	0.00	0.00	0.00	0.00	0.00/-23.26	0.00	0.00
603238	诺邦股份	0	0	0.00	0.00	0.00	0.00	0.00	0.00/-23.26	0.00	0.00
603239	浙江仙通	0	0	0.00	0.00	0.00	0.00	0.00	0.00/-23.26	0.00	0.00
603248	锡华科技	0	0	0.00	0.00	0.00	0.00	0.00	0.00/-23.26	0.00	0.00
603255	鼎际得	0	0	0.00	0.00	0.00	0.00	0.00	0.00/-23.26	0.00	0.00
603256	宏和科技	0	0	0.00	0.00	0.00	0.00	0.00	0.00/-23.26	0.00	0.00
603257	中国瑞林	0	0	0.00	0.00	0.00	0.00	0.00	0.00/-23.26	0.00	0.00
603258	电魂网络	0	0	0.00	0.00	0.00	0.00	0.00	0.00/-23.26	0.00	0.00
603259	药明康德	0	0	0.00	0.00	0.00	0.00	0.00	0.00/-23.26	0.00	0.00
603260	合盛硅业	0	0	0.00	0.00	0.00	0.00	0.00	0.00/-23.26	0.00	0.00
603261	立航科技	0	0	0.00	0.00	0.00	0.00	0.00	0.00/-23.26	0.00	0.00
603262	技源集团	0	0	0.00	0.00	0.00	0.00	0.00	0.00/-23.26	0.00	0.00
603266	天龙股份	0	0	0.00	0.00	0.00	0.00	0.00	0.00/-23.26	0.00	0.00
603267	鸿远电子	0	0	0.00	0.00	0.00	0.00	0.00	0.00/-23.26	0.00	0.00
603269	海鸥股份	0	0	0.00	0.00	0.00	0.00	0.00	0.00/-23.26	0.00	0.00
603270	金帝股份	0	0	0.00	0.00	0.00	0.00	0.00	0.00/-23.26	0.00	0.00
603271	永杰新材	0	0	0.00	0.00	0.00	0.00	0.00	0.00/-23.26	0.00	0.00
603272	*ST联翔	0	0	0.00	0.00	0.00	0.00	0.00	0.00/-23.26	0.00	0.00
603273	天元智能	0	0	0.00	0.00	0.00	0.00	0.00	0.00/-23.26	0.00	0.00
603275	众辰科技	0	0	0.00	0.00	0.00	0.00	0.00	0.00/-23.26	0.00	0.00
603276	恒兴新材	0	0	0.00	0.00	0.00	0.00	0.00	0.00/-23.26	0.00	0.00
603277	银都股份	0	0	0.00	0.00	0.00	0.00	0.00	0.00/-23.26	0.00	0.00
603278	大业股份	0	0	0.00	0.00	0.00	0.00	0.00	0.00/-23.26	0.00	0.00
603279	景津装备	0	0	0.00	0.00	0.00	0.00	0.00	0.00/-23.26	0.00	0.00
603280	南方路机	0	0	0.00	0.00	0.00	0.00	0.00	0.00/-23.26	0.00	0.00
603281	江瀚新材	0	0	0.00	0.00	0.00	0.00	0.00	0.00/-23.26	0.00	0.00
603282	亚光股份	0	0	0.00	0.00	0.00	0.00	0.00	0.00/-23.26	0.00	0.00
603283	赛腾股份	0	0	0.00	0.00	0.00	0.00	0.00	0.00/-23.26	0.00	0.00
603284	林平发展	0	0	0.00	0.00	0.00	0.00	0.00	0.00/-23.26	0.00	0.00
603285	键邦股份	0	0	0.00	0.00	0.00	0.00	0.00	0.00/-23.26	0.00	0.00
603286	日盈电子	0	0	0.00	0.00	0.00	0.00	0.00	0.00/-23.26	0.00	0.00
603289	泰瑞机器	0	0	0.00	0.00	0.00	0.00	0.00	0.00/-23.26	0.00	0.00
603290	斯达半导	0	0	0.00	0.00	0.00	0.00	0.00	0.00/-23.26	0.00	0.00
603291	XD联合水	0	0	0.00	0.00	0.00	0.00	0.00	0.00/-23.26	0.00	0.00
603293	埃泰克	0	0	0.00	0.00	0.00	0.00	0.00	0.00/-23.26	0.00	0.00
603296	华勤技术	0	0	0.00	0.00	0.00	0.00	0.00	0.00/-23.26	0.00	0.00
603297	永新光学	0	0	0.00	0.00	0.00	0.00	0.00	0.00/-23.26	0.00	0.00
603299	苏盐井神	0	0	0.00	0.00	0.00	0.00	0.00	0.00/-23.26	0.00	0.00
603300	海南华铁	0	0	0.00	0.00	0.00	0.00	0.00	0.00/-23.26	0.00	0.00
603301	振德医疗	0	0	0.00	0.00	0.00	0.00	0.00	0.00/-23.26	0.00	0.00
603303	得邦照明	0	0	0.00	0.00	0.00	0.00	0.00	0.00/-23.26	0.00	0.00
603305	旭升集团	0	0	0.00	0.00	0.00	0.00	0.00	0.00/-23.26	0.00	0.00
603306	华懋科技	0	0	0.00	0.00	0.00	0.00	0.00	0.00/-23.26	0.00	0.00
603307	扬州金泉	0	0	0.00	0.00	0.00	0.00	0.00	0.00/-23.26	0.00	0.00
603309	维力医疗	0	0	0.00	0.00	0.00	0.00	0.00	0.00/-23.26	0.00	0.00
603310	巍华新材	0	0	0.00	0.00	0.00	0.00	0.00	0.00/-23.26	0.00	0.00
603311	金海高科	0	0	0.00	0.00	0.00	0.00	0.00	0.00/-23.26	0.00	0.00
603312	西典新能	0	0	0.00	0.00	0.00	0.00	0.00	0.00/-23.26	0.00	0.00
603313	梦百合	0	0	0.00	0.00	0.00	0.00	0.00	0.00/-23.26	0.00	0.00
603315	福鞍股份	0	0	0.00	0.00	0.00	0.00	0.00	0.00/-23.26	0.00	0.00
603316	诚邦股份	0	0	0.00	0.00	0.00	0.00	0.00	0.00/-23.26	0.00	0.00
603317	天味食品	0	0	0.00	0.00	0.00	0.00	0.00	0.00/-23.26	0.00	0.00
603318	水发燃气	0	0	0.00	0.00	0.00	0.00	0.00	0.00/-23.26	0.00	0.00
603319	美湖股份	0	0	0.00	0.00	0.00	0.00	0.00	0.00/-23.26	0.00	0.00
603320	迪贝电气	0	0	0.00	0.00	0.00	0.00	0.00	0.00/-23.26	0.00	0.00
603321	梅轮电梯	0	0	0.00	0.00	0.00	0.00	0.00	0.00/-23.26	0.00	0.00
603322	超讯科技	0	0	0.00	0.00	0.00	0.00	0.00	0.00/-23.26	0.00	0.00
603323	苏农银行	0	0	0.00	0.00	0.00	0.00	0.00	0.00/-23.26	0.00	0.00
603324	盛剑科技	0	0	0.00	0.00	0.00	0.00	0.00	0.00/-23.26	0.00	0.00
603325	博隆技术	0	0	0.00	0.00	0.00	0.00	0.00	0.00/-23.26	0.00	0.00
603326	我乐家居	0	0	0.00	0.00	0.00	0.00	0.00	0.00/-23.26	0.00	0.00
603327	福蓉科技	0	0	0.00	0.00	0.00	0.00	0.00	0.00/-23.26	0.00	0.00
603328	依顿电子	0	0	0.00	0.00	0.00	0.00	0.00	0.00/-23.26	0.00	0.00
603329	上海雅仕	0	0	0.00	0.00	0.00	0.00	0.00	0.00/-23.26	0.00	0.00
603330	天洋新材	0	0	0.00	0.00	0.00	0.00	0.00	0.00/-23.26	0.00	0.00
603331	百达精工	0	0	0.00	0.00	0.00	0.00	0.00	0.00/-23.26	0.00	0.00
603332	苏州龙杰	0	0	0.00	0.00	0.00	0.00	0.00	0.00/-23.26	0.00	0.00
603333	福华尚纬	0	0	0.00	0.00	0.00	0.00	0.00	0.00/-23.26	0.00	0.00
603334	丰倍生物	0	0	0.00	0.00	0.00	0.00	0.00	0.00/-23.26	0.00	0.00
603335	迪生力	0	0	0.00	0.00	0.00	0.00	0.00	0.00/-23.26	0.00	0.00
603336	宏辉果蔬	0	0	0.00	0.00	0.00	0.00	0.00	0.00/-23.26	0.00	0.00
603337	杰克科技	0	0	0.00	0.00	0.00	0.00	0.00	0.00/-23.26	0.00	0.00
603338	浙江鼎力	0	0	0.00	0.00	0.00	0.00	0.00	0.00/-23.26	0.00	0.00
603339	四方科技	0	0	0.00	0.00	0.00	0.00	0.00	0.00/-23.26	0.00	0.00
603341	龙旗科技	0	0	0.00	0.00	0.00	0.00	0.00	0.00/-23.26	0.00	0.00
603344	星德胜	0	0	0.00	0.00	0.00	0.00	0.00	0.00/-23.26	0.00	0.00
603345	安井食品	0	0	0.00	0.00	0.00	0.00	0.00	0.00/-23.26	0.00	0.00
603348	文灿股份	0	0	0.00	0.00	0.00	0.00	0.00	0.00/-23.26	0.00	0.00
603350	安乃达	0	0	0.00	0.00	0.00	0.00	0.00	0.00/-23.26	0.00	0.00
603351	威尔药业	0	0	0.00	0.00	0.00	0.00	0.00	0.00/-23.26	0.00	0.00
603352	至信股份	0	0	0.00	0.00	0.00	0.00	0.00	0.00/-23.26	0.00	0.00
603353	和顺石油	0	0	0.00	0.00	0.00	0.00	0.00	0.00/-23.26	0.00	0.00
603355	莱克电气	0	0	0.00	0.00	0.00	0.00	0.00	0.00/-23.26	0.00	0.00
603356	华菱精工	0	0	0.00	0.00	0.00	0.00	0.00	0.00/-23.26	0.00	0.00
603357	设计总院	0	0	0.00	0.00	0.00	0.00	0.00	0.00/-23.26	0.00	0.00
603359	*ST东珠	0	0	0.00	0.00	0.00	0.00	0.00	0.00/-23.26	0.00	0.00
603360	百傲化学	0	0	0.00	0.00	0.00	0.00	0.00	0.00/-23.26	0.00	0.00
603363	傲农生物	0	0	0.00	0.00	0.00	0.00	0.00	0.00/-23.26	0.00	0.00
603365	水星家纺	0	0	0.00	0.00	0.00	0.00	0.00	0.00/-23.26	0.00	0.00
603366	日出东方	0	0	0.00	0.00	0.00	0.00	0.00	0.00/-23.26	0.00	0.00
603367	辰欣药业	0	0	0.00	0.00	0.00	0.00	0.00	0.00/-23.26	0.00	0.00
603368	柳药集团	0	0	0.00	0.00	0.00	0.00	0.00	0.00/-23.26	0.00	0.00
603369	今世缘	0	0	0.00	0.00	0.00	0.00	0.00	0.00/-23.26	0.00	0.00
603370	华新精科	0	0	0.00	0.00	0.00	0.00	0.00	0.00/-23.26	0.00	0.00
603373	安邦护卫	0	0	0.00	0.00	0.00	0.00	0.00	0.00/-23.26	0.00	0.00
603375	盛景微	0	0	0.00	0.00	0.00	0.00	0.00	0.00/-23.26	0.00	0.00
603376	大明电子	0	0	0.00	0.00	0.00	0.00	0.00	0.00/-23.26	0.00	0.00
603377	ST东时	0	0	0.00	0.00	0.00	0.00	0.00	0.00/-23.26	0.00	0.00
603378	*ST亚士	0	0	0.00	0.00	0.00	0.00	0.00	0.00/-23.26	0.00	0.00
603380	易德龙	0	0	0.00	0.00	0.00	0.00	0.00	0.00/-23.26	0.00	0.00
603381	永臻股份	0	0	0.00	0.00	0.00	0.00	0.00	0.00/-23.26	0.00	0.00
603382	海阳科技	0	0	0.00	0.00	0.00	0.00	0.00	0.00/-23.26	0.00	0.00
603383	顶点软件	0	0	0.00	0.00	0.00	0.00	0.00	0.00/-23.26	0.00	0.00
603385	惠达卫浴	0	0	0.00	0.00	0.00	0.00	0.00	0.00/-23.26	0.00	0.00
603386	骏亚科技	0	0	0.00	0.00	0.00	0.00	0.00	0.00/-23.26	0.00	0.00
603387	基蛋生物	0	0	0.00	0.00	0.00	0.00	0.00	0.00/-23.26	0.00	0.00
603389	亚振家居	0	0	0.00	0.00	0.00	0.00	0.00	0.00/-23.26	0.00	0.00
603390	通达电气	0	0	0.00	0.00	0.00	0.00	0.00	0.00/-23.26	0.00	0.00
603391	力聚热能	0	0	0.00	0.00	0.00	0.00	0.00	0.00/-23.26	0.00	0.00
603393	新天然气	0	0	0.00	0.00	0.00	0.00	0.00	0.00/-23.26	0.00	0.00
603395	红四方	0	0	0.00	0.00	0.00	0.00	0.00	0.00/-23.26	0.00	0.00
603396	金辰股份	0	0	0.00	0.00	0.00	0.00	0.00	0.00/-23.26	0.00	0.00
603398	*ST沐邦	0	0	0.00	0.00	0.00	0.00	0.00	0.00/-23.26	0.00	0.00
603399	永杉锂业	0	0	0.00	0.00	0.00	0.00	0.00	0.00/-23.26	0.00	0.00
603400	华之杰	0	0	0.00	0.00	0.00	0.00	0.00	0.00/-23.26	0.00	0.00
603402	陕西旅游	0	0	0.00	0.00	0.00	0.00	0.00	0.00/-23.26	0.00	0.00
603406	天富龙	0	0	0.00	0.00	0.00	0.00	0.00	0.00/-23.26	0.00	0.00
603407	长裕集团	0	0	0.00	0.00	0.00	0.00	0.00	0.00/-23.26	0.00	0.00
603408	建霖家居	0	0	0.00	0.00	0.00	0.00	0.00	0.00/-23.26	0.00	0.00
603409	汇通控股	0	0	0.00	0.00	0.00	0.00	0.00	0.00/-23.26	0.00	0.00
603416	信捷电气	0	0	0.00	0.00	0.00	0.00	0.00	0.00/-23.26	0.00	0.00
603418	友升股份	0	0	0.00	0.00	0.00	0.00	0.00	0.00/-23.26	0.00	0.00
603421	鼎信通讯	0	0	0.00	0.00	0.00	0.00	0.00	0.00/-23.26	0.00	0.00
603429	*ST集友	0	0	0.00	0.00	0.00	0.00	0.00	0.00/-23.26	0.00	0.00
603435	嘉德利	0	0	0.00	0.00	0.00	0.00	0.00	0.00/-23.26	0.00	0.00
603439	三力制药	0	0	0.00	0.00	0.00	0.00	0.00	0.00/-23.26	0.00	0.00
603444	吉比特	0	0	0.00	0.00	0.00	0.00	0.00	0.00/-23.26	0.00	0.00
603448	天博智能	0	0	0.00	0.00	0.00	0.00	0.00	0.00/-23.26	0.00	0.00
603456	九洲药业	0	0	0.00	0.00	0.00	0.00	0.00	0.00/-23.26	0.00	0.00
603458	勘设股份	0	0	0.00	0.00	0.00	0.00	0.00	0.00/-23.26	0.00	0.00
603459	红板科技	0	0	0.00	0.00	0.00	0.00	0.00	0.00/-23.26	0.00	0.00
603468	津富士达	0	0	0.00	0.00	0.00	0.00	0.00	0.00/-23.26	0.00	0.00
603477	巨星农牧	0	0	0.00	0.00	0.00	0.00	0.00	0.00/-23.26	0.00	0.00
603486	科沃斯	0	0	0.00	0.00	0.00	0.00	0.00	0.00/-23.26	0.00	0.00
603488	展鹏科技	0	0	0.00	0.00	0.00	0.00	0.00	0.00/-23.26	0.00	0.00
603489	八方股份	0	0	0.00	0.00	0.00	0.00	0.00	0.00/-23.26	0.00	0.00
603496	恒为科技	0	0	0.00	0.00	0.00	0.00	0.00	0.00/-23.26	0.00	0.00
603499	翔港科技	0	0	0.00	0.00	0.00	0.00	0.00	0.00/-23.26	0.00	0.00
603500	祥和实业	0	0	0.00	0.00	0.00	0.00	0.00	0.00/-23.26	0.00	0.00
603501	豪威集团	0	0	0.00	0.00	0.00	0.00	0.00	0.00/-23.26	0.00	0.00
603505	金石资源	0	0	0.00	0.00	0.00	0.00	0.00	0.00/-23.26	0.00	0.00
603506	南都物业	0	0	0.00	0.00	0.00	0.00	0.00	0.00/-23.26	0.00	0.00
603507	振江股份	0	0	0.00	0.00	0.00	0.00	0.00	0.00/-23.26	0.00	0.00
603511	爱慕股份	0	0	0.00	0.00	0.00	0.00	0.00	0.00/-23.26	0.00	0.00
603515	XD欧普照	0	0	0.00	0.00	0.00	0.00	0.00	0.00/-23.26	0.00	0.00
603516	淳中科技	0	0	0.00	0.00	0.00	0.00	0.00	0.00/-23.26	0.00	0.00
603517	ST绝味	0	0	0.00	0.00	0.00	0.00	0.00	0.00/-23.26	0.00	0.00
603518	锦泓集团	0	0	0.00	0.00	0.00	0.00	0.00	0.00/-23.26	0.00	0.00
603519	立霸股份	0	0	0.00	0.00	0.00	0.00	0.00	0.00/-23.26	0.00	0.00
603520	司太立	0	0	0.00	0.00	0.00	0.00	0.00	0.00/-23.26	0.00	0.00
603527	众源新材	0	0	0.00	0.00	0.00	0.00	0.00	0.00/-23.26	0.00	0.00
603528	多伦科技	0	0	0.00	0.00	0.00	0.00	0.00	0.00/-23.26	0.00	0.00
603529	爱玛科技	0	0	0.00	0.00	0.00	0.00	0.00	0.00/-23.26	0.00	0.00
603530	神马电力	0	0	0.00	0.00	0.00	0.00	0.00	0.00/-23.26	0.00	0.00
603533	掌阅科技	0	0	0.00	0.00	0.00	0.00	0.00	0.00/-23.26	0.00	0.00
603535	嘉诚国际	0	0	0.00	0.00	0.00	0.00	0.00	0.00/-23.26	0.00	0.00
603536	惠发食品	0	0	0.00	0.00	0.00	0.00	0.00	0.00/-23.26	0.00	0.00
603538	美诺华	0	0	0.00	0.00	0.00	0.00	0.00	0.00/-23.26	0.00	0.00
603551	奥普科技	0	0	0.00	0.00	0.00	0.00	0.00	0.00/-23.26	0.00	0.00
603556	海兴电力	0	0	0.00	0.00	0.00	0.00	0.00	0.00/-23.26	0.00	0.00
603557	*ST起步	0	0	0.00	0.00	0.00	0.00	0.00	0.00/-23.26	0.00	0.00
603558	健盛集团	0	0	0.00	0.00	0.00	0.00	0.00	0.00/-23.26	0.00	0.00
603559	中通国脉	0	0	0.00	0.00	0.00	0.00	0.00	0.00/-23.26	0.00	0.00
603566	普莱柯	0	0	0.00	0.00	0.00	0.00	0.00	0.00/-23.26	0.00	0.00
603567	珍宝岛	0	0	0.00	0.00	0.00	0.00	0.00	0.00/-23.26	0.00	0.00
603568	伟明环保	0	0	0.00	0.00	0.00	0.00	0.00	0.00/-23.26	0.00	0.00
603569	长久物流	0	0	0.00	0.00	0.00	0.00	0.00	0.00/-23.26	0.00	0.00
603577	汇金通	0	0	0.00	0.00	0.00	0.00	0.00	0.00/-23.26	0.00	0.00
603578	三星新材	0	0	0.00	0.00	0.00	0.00	0.00	0.00/-23.26	0.00	0.00
603579	荣泰健康	0	0	0.00	0.00	0.00	0.00	0.00	0.00/-23.26	0.00	0.00
603580	艾艾精工	0	0	0.00	0.00	0.00	0.00	0.00	0.00/-23.26	0.00	0.00
603583	捷昌驱动	0	0	0.00	0.00	0.00	0.00	0.00	0.00/-23.26	0.00	0.00
603585	苏利股份	0	0	0.00	0.00	0.00	0.00	0.00	0.00/-23.26	0.00	0.00
603586	金麒麟	0	0	0.00	0.00	0.00	0.00	0.00	0.00/-23.26	0.00	0.00
603587	地素时尚	0	0	0.00	0.00	0.00	0.00	0.00	0.00/-23.26	0.00	0.00
603589	口子窖	0	0	0.00	0.00	0.00	0.00	0.00	0.00/-23.26	0.00	0.00
603590	康辰药业	0	0	0.00	0.00	0.00	0.00	0.00	0.00/-23.26	0.00	0.00
603595	ST东尼	0	0	0.00	0.00	0.00	0.00	0.00	0.00/-23.26	0.00	0.00
603596	伯特利	0	0	0.00	0.00	0.00	0.00	0.00	0.00/-23.26	0.00	0.00
603598	引力传媒	0	0	0.00	0.00	0.00	0.00	0.00	0.00/-23.26	0.00	0.00
603599	广信股份	0	0	0.00	0.00	0.00	0.00	0.00	0.00/-23.26	0.00	0.00
603600	永艺股份	0	0	0.00	0.00	0.00	0.00	0.00	0.00/-23.26	0.00	0.00
603601	再升科技	0	0	0.00	0.00	0.00	0.00	0.00	0.00/-23.26	0.00	0.00
603602	纵横通信	0	0	0.00	0.00	0.00	0.00	0.00	0.00/-23.26	0.00	0.00
603605	珀莱雅	0	0	0.00	0.00	0.00	0.00	0.00	0.00/-23.26	0.00	0.00
603607	京华激光	0	0	0.00	0.00	0.00	0.00	0.00	0.00/-23.26	0.00	0.00
603608	天创时尚	0	0	0.00	0.00	0.00	0.00	0.00	0.00/-23.26	0.00	0.00
603609	禾丰股份	0	0	0.00	0.00	0.00	0.00	0.00	0.00/-23.26	0.00	0.00
603610	麒盛科技	0	0	0.00	0.00	0.00	0.00	0.00	0.00/-23.26	0.00	0.00
603611	诺力股份	0	0	0.00	0.00	0.00	0.00	0.00	0.00/-23.26	0.00	0.00
603615	茶花股份	0	0	0.00	0.00	0.00	0.00	0.00	0.00/-23.26	0.00	0.00
603616	韩建河山	0	0	0.00	0.00	0.00	0.00	0.00	0.00/-23.26	0.00	0.00
603617	君禾股份	0	0	0.00	0.00	0.00	0.00	0.00	0.00/-23.26	0.00	0.00
603618	杭电股份	0	0	0.00	0.00	0.00	0.00	0.00	0.00/-23.26	0.00	0.00
603619	中曼石油	0	0	0.00	0.00	0.00	0.00	0.00	0.00/-23.26	0.00	0.00
603626	科森科技	0	0	0.00	0.00	0.00	0.00	0.00	0.00/-23.26	0.00	0.00
603628	清源股份	0	0	0.00	0.00	0.00	0.00	0.00	0.00/-23.26	0.00	0.00
603629	利通电子	0	0	0.00	0.00	0.00	0.00	0.00	0.00/-23.26	0.00	0.00
603630	拉芳家化	0	0	0.00	0.00	0.00	0.00	0.00	0.00/-23.26	0.00	0.00
603633	徕木股份	0	0	0.00	0.00	0.00	0.00	0.00	0.00/-23.26	0.00	0.00
603636	南威软件	0	0	0.00	0.00	0.00	0.00	0.00	0.00/-23.26	0.00	0.00
603637	镇海股份	0	0	0.00	0.00	0.00	0.00	0.00	0.00/-23.26	0.00	0.00
603638	艾迪精密	0	0	0.00	0.00	0.00	0.00	0.00	0.00/-23.26	0.00	0.00
603639	海利尔	0	0	0.00	0.00	0.00	0.00	0.00	0.00/-23.26	0.00	0.00
603648	畅联股份	0	0	0.00	0.00	0.00	0.00	0.00	0.00/-23.26	0.00	0.00
603650	彤程新材	0	0	0.00	0.00	0.00	0.00	0.00	0.00/-23.26	0.00	0.00
603655	朗博科技	0	0	0.00	0.00	0.00	0.00	0.00	0.00/-23.26	0.00	0.00
603656	泰禾智能	0	0	0.00	0.00	0.00	0.00	0.00	0.00/-23.26	0.00	0.00
603657	春光科技	0	0	0.00	0.00	0.00	0.00	0.00	0.00/-23.26	0.00	0.00
603658	安图生物	0	0	0.00	0.00	0.00	0.00	0.00	0.00/-23.26	0.00	0.00
603659	璞泰来	0	0	0.00	0.00	0.00	0.00	0.00	0.00/-23.26	0.00	0.00
603660	苏州科达	0	0	0.00	0.00	0.00	0.00	0.00	0.00/-23.26	0.00	0.00
603661	恒林股份	0	0	0.00	0.00	0.00	0.00	0.00	0.00/-23.26	0.00	0.00
603662	柯力传感	0	0	0.00	0.00	0.00	0.00	0.00	0.00/-23.26	0.00	0.00
603663	三祥新材	0	0	0.00	0.00	0.00	0.00	0.00	0.00/-23.26	0.00	0.00
603665	康隆达	0	0	0.00	0.00	0.00	0.00	0.00	0.00/-23.26	0.00	0.00
603666	亿嘉和	0	0	0.00	0.00	0.00	0.00	0.00	0.00/-23.26	0.00	0.00
603667	五洲新春	0	0	0.00	0.00	0.00	0.00	0.00	0.00/-23.26	0.00	0.00
603668	天马科技	0	0	0.00	0.00	0.00	0.00	0.00	0.00/-23.26	0.00	0.00
603669	灵康药业	0	0	0.00	0.00	0.00	0.00	0.00	0.00/-23.26	0.00	0.00
603676	卫信康	0	0	0.00	0.00	0.00	0.00	0.00	0.00/-23.26	0.00	0.00
603677	奇精机械	0	0	0.00	0.00	0.00	0.00	0.00	0.00/-23.26	0.00	0.00
603678	火炬电子	0	0	0.00	0.00	0.00	0.00	0.00	0.00/-23.26	0.00	0.00
603679	华体科技	0	0	0.00	0.00	0.00	0.00	0.00	0.00/-23.26	0.00	0.00
603680	今创集团	0	0	0.00	0.00	0.00	0.00	0.00	0.00/-23.26	0.00	0.00
603681	永冠新材	0	0	0.00	0.00	0.00	0.00	0.00	0.00/-23.26	0.00	0.00
603682	锦和商管	0	0	0.00	0.00	0.00	0.00	0.00	0.00/-23.26	0.00	0.00
603683	晶华新材	0	0	0.00	0.00	0.00	0.00	0.00	0.00/-23.26	0.00	0.00
603685	晨丰科技	0	0	0.00	0.00	0.00	0.00	0.00	0.00/-23.26	0.00	0.00
603686	福龙马	0	0	0.00	0.00	0.00	0.00	0.00	0.00/-23.26	0.00	0.00
603687	大胜达	0	0	0.00	0.00	0.00	0.00	0.00	0.00/-23.26	0.00	0.00
603688	石英股份	0	0	0.00	0.00	0.00	0.00	0.00	0.00/-23.26	0.00	0.00
603689	皖天然气	0	0	0.00	0.00	0.00	0.00	0.00	0.00/-23.26	0.00	0.00
603690	至纯科技	0	0	0.00	0.00	0.00	0.00	0.00	0.00/-23.26	0.00	0.00
603693	江苏新能	0	0	0.00	0.00	0.00	0.00	0.00	0.00/-23.26	0.00	0.00
603696	安记食品	0	0	0.00	0.00	0.00	0.00	0.00	0.00/-23.26	0.00	0.00
603697	有友食品	0	0	0.00	0.00	0.00	0.00	0.00	0.00/-23.26	0.00	0.00
603698	航天工程	0	0	0.00	0.00	0.00	0.00	0.00	0.00/-23.26	0.00	0.00
603699	纽威股份	0	0	0.00	0.00	0.00	0.00	0.00	0.00/-23.26	0.00	0.00
603700	宁水集团	0	0	0.00	0.00	0.00	0.00	0.00	0.00/-23.26	0.00	0.00
603701	德宏股份	0	0	0.00	0.00	0.00	0.00	0.00	0.00/-23.26	0.00	0.00
603703	盛洋科技	0	0	0.00	0.00	0.00	0.00	0.00	0.00/-23.26	0.00	0.00
603706	东方环宇	0	0	0.00	0.00	0.00	0.00	0.00	0.00/-23.26	0.00	0.00
603707	健友股份	0	0	0.00	0.00	0.00	0.00	0.00	0.00/-23.26	0.00	0.00
603708	家家悦	0	0	0.00	0.00	0.00	0.00	0.00	0.00/-23.26	0.00	0.00
603709	中源家居	0	0	0.00	0.00	0.00	0.00	0.00	0.00/-23.26	0.00	0.00
603711	香飘飘	0	0	0.00	0.00	0.00	0.00	0.00	0.00/-23.26	0.00	0.00
603712	七一二	0	0	0.00	0.00	0.00	0.00	0.00	0.00/-23.26	0.00	0.00
603713	密尔克卫	0	0	0.00	0.00	0.00	0.00	0.00	0.00/-23.26	0.00	0.00
603716	塞力医疗	0	0	0.00	0.00	0.00	0.00	0.00	0.00/-23.26	0.00	0.00
603717	天域生物	0	0	0.00	0.00	0.00	0.00	0.00	0.00/-23.26	0.00	0.00
603718	*ST海利	0	0	0.00	0.00	0.00	0.00	0.00	0.00/-23.26	0.00	0.00
603719	良品铺子	0	0	0.00	0.00	0.00	0.00	0.00	0.00/-23.26	0.00	0.00
603721	中广天择	0	0	0.00	0.00	0.00	0.00	0.00	0.00/-23.26	0.00	0.00
603722	阿科力	0	0	0.00	0.00	0.00	0.00	0.00	0.00/-23.26	0.00	0.00
603725	天安新材	0	0	0.00	0.00	0.00	0.00	0.00	0.00/-23.26	0.00	0.00
603726	朗迪集团	0	0	0.00	0.00	0.00	0.00	0.00	0.00/-23.26	0.00	0.00
603727	博迈科	0	0	0.00	0.00	0.00	0.00	0.00	0.00/-23.26	0.00	0.00
603728	鸣志电器	0	0	0.00	0.00	0.00	0.00	0.00	0.00/-23.26	0.00	0.00
603729	ST龙韵	0	0	0.00	0.00	0.00	0.00	0.00	0.00/-23.26	0.00	0.00
603730	岱美股份	0	0	0.00	0.00	0.00	0.00	0.00	0.00/-23.26	0.00	0.00
603733	仙鹤股份	0	0	0.00	0.00	0.00	0.00	0.00	0.00/-23.26	0.00	0.00
603737	三棵树	0	0	0.00	0.00	0.00	0.00	0.00	0.00/-23.26	0.00	0.00
603738	泰晶科技	0	0	0.00	0.00	0.00	0.00	0.00	0.00/-23.26	0.00	0.00
603739	蔚蓝生物	0	0	0.00	0.00	0.00	0.00	0.00	0.00/-23.26	0.00	0.00
603755	日辰股份	0	0	0.00	0.00	0.00	0.00	0.00	0.00/-23.26	0.00	0.00
603757	大元泵业	0	0	0.00	0.00	0.00	0.00	0.00	0.00/-23.26	0.00	0.00
603758	秦安股份	0	0	0.00	0.00	0.00	0.00	0.00	0.00/-23.26	0.00	0.00
603759	海天股份	0	0	0.00	0.00	0.00	0.00	0.00	0.00/-23.26	0.00	0.00
603766	隆鑫通用	0	0	0.00	0.00	0.00	0.00	0.00	0.00/-23.26	0.00	0.00
603767	中马传动	0	0	0.00	0.00	0.00	0.00	0.00	0.00/-23.26	0.00	0.00
603768	常青股份	0	0	0.00	0.00	0.00	0.00	0.00	0.00/-23.26	0.00	0.00
603773	沃格光电	0	0	0.00	0.00	0.00	0.00	0.00	0.00/-23.26	0.00	0.00
603776	永安行	0	0	0.00	0.00	0.00	0.00	0.00	0.00/-23.26	0.00	0.00
603777	来伊份	0	0	0.00	0.00	0.00	0.00	0.00	0.00/-23.26	0.00	0.00
603778	国晟科技	0	0	0.00	0.00	0.00	0.00	0.00	0.00/-23.26	0.00	0.00
603779	威龙股份	0	0	0.00	0.00	0.00	0.00	0.00	0.00/-23.26	0.00	0.00
603786	科博达	0	0	0.00	0.00	0.00	0.00	0.00	0.00/-23.26	0.00	0.00
603787	新日股份	0	0	0.00	0.00	0.00	0.00	0.00	0.00/-23.26	0.00	0.00
603788	宁波高发	0	0	0.00	0.00	0.00	0.00	0.00	0.00/-23.26	0.00	0.00
603789	ST星农	0	0	0.00	0.00	0.00	0.00	0.00	0.00/-23.26	0.00	0.00
603790	雅运股份	0	0	0.00	0.00	0.00	0.00	0.00	0.00/-23.26	0.00	0.00
603797	联泰环保	0	0	0.00	0.00	0.00	0.00	0.00	0.00/-23.26	0.00	0.00
603798	康普顿	0	0	0.00	0.00	0.00	0.00	0.00	0.00/-23.26	0.00	0.00
603799	华友钴业	0	0	0.00	0.00	0.00	0.00	0.00	0.00/-23.26	0.00	0.00
603800	洪田股份	0	0	0.00	0.00	0.00	0.00	0.00	0.00/-23.26	0.00	0.00
603801	志邦家居	0	0	0.00	0.00	0.00	0.00	0.00	0.00/-23.26	0.00	0.00
603803	瑞斯康达	0	0	0.00	0.00	0.00	0.00	0.00	0.00/-23.26	0.00	0.00
603806	福斯特	0	0	0.00	0.00	0.00	0.00	0.00	0.00/-23.26	0.00	0.00
603808	歌力思	0	0	0.00	0.00	0.00	0.00	0.00	0.00/-23.26	0.00	0.00
603809	豪能股份	0	0	0.00	0.00	0.00	0.00	0.00	0.00/-23.26	0.00	0.00
603810	丰山集团	0	0	0.00	0.00	0.00	0.00	0.00	0.00/-23.26	0.00	0.00
603811	诚意药业	0	0	0.00	0.00	0.00	0.00	0.00	0.00/-23.26	0.00	0.00
603813	原尚股份	0	0	0.00	0.00	0.00	0.00	0.00	0.00/-23.26	0.00	0.00
603815	交建股份	0	0	0.00	0.00	0.00	0.00	0.00	0.00/-23.26	0.00	0.00
603816	顾家家居	0	0	0.00	0.00	0.00	0.00	0.00	0.00/-23.26	0.00	0.00
603817	海峡环保	0	0	0.00	0.00	0.00	0.00	0.00	0.00/-23.26	0.00	0.00
603818	曲美家居	0	0	0.00	0.00	0.00	0.00	0.00	0.00/-23.26	0.00	0.00
603819	神力股份	0	0	0.00	0.00	0.00	0.00	0.00	0.00/-23.26	0.00	0.00
603822	ST嘉澳	0	0	0.00	0.00	0.00	0.00	0.00	0.00/-23.26	0.00	0.00
603823	百合花	0	0	0.00	0.00	0.00	0.00	0.00	0.00/-23.26	0.00	0.00
603825	ST华扬	0	0	0.00	0.00	0.00	0.00	0.00	0.00/-23.26	0.00	0.00
603826	坤彩科技	0	0	0.00	0.00	0.00	0.00	0.00	0.00/-23.26	0.00	0.00
603828	*ST利达	0	0	0.00	0.00	0.00	0.00	0.00	0.00/-23.26	0.00	0.00
603829	洛凯股份	0	0	0.00	0.00	0.00	0.00	0.00	0.00/-23.26	0.00	0.00
603833	欧派家居	0	0	0.00	0.00	0.00	0.00	0.00	0.00/-23.26	0.00	0.00
603836	海程邦达	0	0	0.00	0.00	0.00	0.00	0.00	0.00/-23.26	0.00	0.00
603838	*ST四通	0	0	0.00	0.00	0.00	0.00	0.00	0.00/-23.26	0.00	0.00
603839	安正时尚	0	0	0.00	0.00	0.00	0.00	0.00	0.00/-23.26	0.00	0.00
603843	*ST正平	0	0	0.00	0.00	0.00	0.00	0.00	0.00/-23.26	0.00	0.00
603848	好太太	0	0	0.00	0.00	0.00	0.00	0.00	0.00/-23.26	0.00	0.00
603855	华荣股份	0	0	0.00	0.00	0.00	0.00	0.00	0.00/-23.26	0.00	0.00
603856	东宏股份	0	0	0.00	0.00	0.00	0.00	0.00	0.00/-23.26	0.00	0.00
603858	步长制药	0	0	0.00	0.00	0.00	0.00	0.00	0.00/-23.26	0.00	0.00
603859	能科科技	0	0	0.00	0.00	0.00	0.00	0.00	0.00/-23.26	0.00	0.00
603860	中公高科	0	0	0.00	0.00	0.00	0.00	0.00	0.00/-23.26	0.00	0.00
603861	白云电器	0	0	0.00	0.00	0.00	0.00	0.00	0.00/-23.26	0.00	0.00
603863	松炀资源	0	0	0.00	0.00	0.00	0.00	0.00	0.00/-23.26	0.00	0.00
603866	桃李面包	0	0	0.00	0.00	0.00	0.00	0.00	0.00/-23.26	0.00	0.00
603867	新化股份	0	0	0.00	0.00	0.00	0.00	0.00	0.00/-23.26	0.00	0.00
603868	飞科电器	0	0	0.00	0.00	0.00	0.00	0.00	0.00/-23.26	0.00	0.00
603869	ST智知	0	0	0.00	0.00	0.00	0.00	0.00	0.00/-23.26	0.00	0.00
603876	鼎胜新材	0	0	0.00	0.00	0.00	0.00	0.00	0.00/-23.26	0.00	0.00
603877	太平鸟	0	0	0.00	0.00	0.00	0.00	0.00	0.00/-23.26	0.00	0.00
603878	武进不锈	0	0	0.00	0.00	0.00	0.00	0.00	0.00/-23.26	0.00	0.00
603879	永悦科技	0	0	0.00	0.00	0.00	0.00	0.00	0.00/-23.26	0.00	0.00
603880	南卫股份	0	0	0.00	0.00	0.00	0.00	0.00	0.00/-23.26	0.00	0.00
603882	金域医学	0	0	0.00	0.00	0.00	0.00	0.00	0.00/-23.26	0.00	0.00
603883	老百姓	0	0	0.00	0.00	0.00	0.00	0.00	0.00/-23.26	0.00	0.00
603885	吉祥航空	0	0	0.00	0.00	0.00	0.00	0.00	0.00/-23.26	0.00	0.00
603886	元祖股份	0	0	0.00	0.00	0.00	0.00	0.00	0.00/-23.26	0.00	0.00
603887	城地香江	0	0	0.00	0.00	0.00	0.00	0.00	0.00/-23.26	0.00	0.00
603888	新华网	0	0	0.00	0.00	0.00	0.00	0.00	0.00/-23.26	0.00	0.00
603889	新澳股份	0	0	0.00	0.00	0.00	0.00	0.00	0.00/-23.26	0.00	0.00
603890	春秋电子	0	0	0.00	0.00	0.00	0.00	0.00	0.00/-23.26	0.00	0.00
603893	瑞芯微	0	0	0.00	0.00	0.00	0.00	0.00	0.00/-23.26	0.00	0.00
603895	天永智能	0	0	0.00	0.00	0.00	0.00	0.00	0.00/-23.26	0.00	0.00
603896	寿仙谷	0	0	0.00	0.00	0.00	0.00	0.00	0.00/-23.26	0.00	0.00
603897	长城科技	0	0	0.00	0.00	0.00	0.00	0.00	0.00/-23.26	0.00	0.00
603898	好莱客	0	0	0.00	0.00	0.00	0.00	0.00	0.00/-23.26	0.00	0.00
603899	晨光股份	0	0	0.00	0.00	0.00	0.00	0.00	0.00/-23.26	0.00	0.00
603900	莱绅通灵	0	0	0.00	0.00	0.00	0.00	0.00	0.00/-23.26	0.00	0.00
603901	永创智能	0	0	0.00	0.00	0.00	0.00	0.00	0.00/-23.26	0.00	0.00
603903	中持股份	0	0	0.00	0.00	0.00	0.00	0.00	0.00/-23.26	0.00	0.00
603906	龙蟠科技	0	0	0.00	0.00	0.00	0.00	0.00	0.00/-23.26	0.00	0.00
603908	牧高笛	0	0	0.00	0.00	0.00	0.00	0.00	0.00/-23.26	0.00	0.00
603909	建发合诚	0	0	0.00	0.00	0.00	0.00	0.00	0.00/-23.26	0.00	0.00
603912	佳力图	0	0	0.00	0.00	0.00	0.00	0.00	0.00/-23.26	0.00	0.00
603915	国茂股份	0	0	0.00	0.00	0.00	0.00	0.00	0.00/-23.26	0.00	0.00
603916	苏博特	0	0	0.00	0.00	0.00	0.00	0.00	0.00/-23.26	0.00	0.00
603917	合力科技	0	0	0.00	0.00	0.00	0.00	0.00	0.00/-23.26	0.00	0.00
603918	金桥信息	0	0	0.00	0.00	0.00	0.00	0.00	0.00/-23.26	0.00	0.00
603919	金徽酒	0	0	0.00	0.00	0.00	0.00	0.00	0.00/-23.26	0.00	0.00
603920	世运电路	0	0	0.00	0.00	0.00	0.00	0.00	0.00/-23.26	0.00	0.00
603922	ST金鸿顺	0	0	0.00	0.00	0.00	0.00	0.00	0.00/-23.26	0.00	0.00
603926	铁流股份	0	0	0.00	0.00	0.00	0.00	0.00	0.00/-23.26	0.00	0.00
603927	中科软	0	0	0.00	0.00	0.00	0.00	0.00	0.00/-23.26	0.00	0.00
603928	兴业股份	0	0	0.00	0.00	0.00	0.00	0.00	0.00/-23.26	0.00	0.00
603929	亚翔集成	0	0	0.00	0.00	0.00	0.00	0.00	0.00/-23.26	0.00	0.00
603931	格林达	0	0	0.00	0.00	0.00	0.00	0.00	0.00/-23.26	0.00	0.00
603933	睿能科技	0	0	0.00	0.00	0.00	0.00	0.00	0.00/-23.26	0.00	0.00
603936	博敏电子	0	0	0.00	0.00	0.00	0.00	0.00	0.00/-23.26	0.00	0.00
603937	丽岛新材	0	0	0.00	0.00	0.00	0.00	0.00	0.00/-23.26	0.00	0.00
603938	三孚股份	0	0	0.00	0.00	0.00	0.00	0.00	0.00/-23.26	0.00	0.00
603939	XD益丰药	0	0	0.00	0.00	0.00	0.00	0.00	0.00/-23.26	0.00	0.00
603948	建业股份	0	0	0.00	0.00	0.00	0.00	0.00	0.00/-23.26	0.00	0.00
603949	雪龙集团	0	0	0.00	0.00	0.00	0.00	0.00	0.00/-23.26	0.00	0.00
603950	长源东谷	0	0	0.00	0.00	0.00	0.00	0.00	0.00/-23.26	0.00	0.00
603955	大千生态	0	0	0.00	0.00	0.00	0.00	0.00	0.00/-23.26	0.00	0.00
603956	威派格	0	0	0.00	0.00	0.00	0.00	0.00	0.00/-23.26	0.00	0.00
603958	哈森股份	0	0	0.00	0.00	0.00	0.00	0.00	0.00/-23.26	0.00	0.00
603959	ST百利	0	0	0.00	0.00	0.00	0.00	0.00	0.00/-23.26	0.00	0.00
603960	克来机电	0	0	0.00	0.00	0.00	0.00	0.00	0.00/-23.26	0.00	0.00
603966	法兰泰克	0	0	0.00	0.00	0.00	0.00	0.00	0.00/-23.26	0.00	0.00
603967	中创物流	0	0	0.00	0.00	0.00	0.00	0.00	0.00/-23.26	0.00	0.00
603968	醋化股份	0	0	0.00	0.00	0.00	0.00	0.00	0.00/-23.26	0.00	0.00
603969	银龙股份	0	0	0.00	0.00	0.00	0.00	0.00	0.00/-23.26	0.00	0.00
603970	中农立华	0	0	0.00	0.00	0.00	0.00	0.00	0.00/-23.26	0.00	0.00
603976	正川股份	0	0	0.00	0.00	0.00	0.00	0.00	0.00/-23.26	0.00	0.00
603977	国泰集团	0	0	0.00	0.00	0.00	0.00	0.00	0.00/-23.26	0.00	0.00
603978	深圳新星	0	0	0.00	0.00	0.00	0.00	0.00	0.00/-23.26	0.00	0.00
603979	金诚信	0	0	0.00	0.00	0.00	0.00	0.00	0.00/-23.26	0.00	0.00
603980	吉华集团	0	0	0.00	0.00	0.00	0.00	0.00	0.00/-23.26	0.00	0.00
603982	泉峰汽车	0	0	0.00	0.00	0.00	0.00	0.00	0.00/-23.26	0.00	0.00
603983	丸美生物	0	0	0.00	0.00	0.00	0.00	0.00	0.00/-23.26	0.00	0.00
603985	恒润股份	0	0	0.00	0.00	0.00	0.00	0.00	0.00/-23.26	0.00	0.00
603986	兆易创新	0	0	0.00	0.00	0.00	0.00	0.00	0.00/-23.26	0.00	0.00
603987	康德莱	0	0	0.00	0.00	0.00	0.00	0.00	0.00/-23.26	0.00	0.00
603988	中电电机	0	0	0.00	0.00	0.00	0.00	0.00	0.00/-23.26	0.00	0.00
603989	艾华集团	0	0	0.00	0.00	0.00	0.00	0.00	0.00/-23.26	0.00	0.00
603990	麦迪科技	0	0	0.00	0.00	0.00	0.00	0.00	0.00/-23.26	0.00	0.00
603991	领先股份	0	0	0.00	0.00	0.00	0.00	0.00	0.00/-23.26	0.00	0.00
603992	松霖科技	0	0	0.00	0.00	0.00	0.00	0.00	0.00/-23.26	0.00	0.00
603993	洛阳钼业	0	0	0.00	0.00	0.00	0.00	0.00	0.00/-23.26	0.00	0.00
603995	甬金股份	0	0	0.00	0.00	0.00	0.00	0.00	0.00/-23.26	0.00	0.00
603997	继峰股份	0	0	0.00	0.00	0.00	0.00	0.00	0.00/-23.26	0.00	0.00
603998	方盛制药	0	0	0.00	0.00	0.00	0.00	0.00	0.00/-23.26	0.00	0.00
603999	XD读者传	0	0	0.00	0.00	0.00	0.00	0.00	0.00/-23.26	0.00	0.00
605001	威奥股份	0	0	0.00	0.00	0.00	0.00	0.00	0.00/-23.26	0.00	0.00
605003	众望布艺	0	0	0.00	0.00	0.00	0.00	0.00	0.00/-23.26	0.00	0.00
605005	合兴股份	0	0	0.00	0.00	0.00	0.00	0.00	0.00/-23.26	0.00	0.00
605006	山东玻纤	0	0	0.00	0.00	0.00	0.00	0.00	0.00/-23.26	0.00	0.00
605007	五洲特纸	0	0	0.00	0.00	0.00	0.00	0.00	0.00/-23.26	0.00	0.00
605008	长鸿高科	0	0	0.00	0.00	0.00	0.00	0.00	0.00/-23.26	0.00	0.00
605009	豪悦护理	0	0	0.00	0.00	0.00	0.00	0.00	0.00/-23.26	0.00	0.00
605011	杭州热电	0	0	0.00	0.00	0.00	0.00	0.00	0.00/-23.26	0.00	0.00
605016	百龙创园	0	0	0.00	0.00	0.00	0.00	0.00	0.00/-23.26	0.00	0.00
605018	长华集团	0	0	0.00	0.00	0.00	0.00	0.00	0.00/-23.26	0.00	0.00
605020	永和股份	0	0	0.00	0.00	0.00	0.00	0.00	0.00/-23.26	0.00	0.00
605028	世茂能源	0	0	0.00	0.00	0.00	0.00	0.00	0.00/-23.26	0.00	0.00
605033	美邦股份	0	0	0.00	0.00	0.00	0.00	0.00	0.00/-23.26	0.00	0.00
605050	福然德	0	0	0.00	0.00	0.00	0.00	0.00	0.00/-23.26	0.00	0.00
605055	迎丰股份	0	0	0.00	0.00	0.00	0.00	0.00	0.00/-23.26	0.00	0.00
605056	咸亨国际	0	0	0.00	0.00	0.00	0.00	0.00	0.00/-23.26	0.00	0.00
605060	联德股份	0	0	0.00	0.00	0.00	0.00	0.00	0.00/-23.26	0.00	0.00
605066	天正电气	0	0	0.00	0.00	0.00	0.00	0.00	0.00/-23.26	0.00	0.00
605068	明新旭腾	0	0	0.00	0.00	0.00	0.00	0.00	0.00/-23.26	0.00	0.00
605069	正和生态	0	0	0.00	0.00	0.00	0.00	0.00	0.00/-23.26	0.00	0.00
605077	华康股份	0	0	0.00	0.00	0.00	0.00	0.00	0.00/-23.26	0.00	0.00
605080	浙江自然	0	0	0.00	0.00	0.00	0.00	0.00	0.00/-23.26	0.00	0.00
605086	龙高股份	0	0	0.00	0.00	0.00	0.00	0.00	0.00/-23.26	0.00	0.00
605088	冠盛股份	0	0	0.00	0.00	0.00	0.00	0.00	0.00/-23.26	0.00	0.00
605089	味知香	0	0	0.00	0.00	0.00	0.00	0.00	0.00/-23.26	0.00	0.00
605090	九丰能源	0	0	0.00	0.00	0.00	0.00	0.00	0.00/-23.26	0.00	0.00
605098	行动教育	0	0	0.00	0.00	0.00	0.00	0.00	0.00/-23.26	0.00	0.00
605099	共创草坪	0	0	0.00	0.00	0.00	0.00	0.00	0.00/-23.26	0.00	0.00
605100	华丰股份	0	0	0.00	0.00	0.00	0.00	0.00	0.00/-23.26	0.00	0.00
605108	同庆楼	0	0	0.00	0.00	0.00	0.00	0.00	0.00/-23.26	0.00	0.00
605111	新洁能	0	0	0.00	0.00	0.00	0.00	0.00	0.00/-23.26	0.00	0.00
605116	奥锐特	0	0	0.00	0.00	0.00	0.00	0.00	0.00/-23.26	0.00	0.00
605117	德业股份	0	0	0.00	0.00	0.00	0.00	0.00	0.00/-23.26	0.00	0.00
605118	力鼎光电	0	0	0.00	0.00	0.00	0.00	0.00	0.00/-23.26	0.00	0.00
605122	四方新材	0	0	0.00	0.00	0.00	0.00	0.00	0.00/-23.26	0.00	0.00
605123	派克新材	0	0	0.00	0.00	0.00	0.00	0.00	0.00/-23.26	0.00	0.00
605128	上海沿浦	0	0	0.00	0.00	0.00	0.00	0.00	0.00/-23.26	0.00	0.00
605133	嵘泰股份	0	0	0.00	0.00	0.00	0.00	0.00	0.00/-23.26	0.00	0.00
605136	丽人丽妆	0	0	0.00	0.00	0.00	0.00	0.00	0.00/-23.26	0.00	0.00
605138	盛泰集团	0	0	0.00	0.00	0.00	0.00	0.00	0.00/-23.26	0.00	0.00
605151	西上海	0	0	0.00	0.00	0.00	0.00	0.00	0.00/-23.26	0.00	0.00
605155	西大门	0	0	0.00	0.00	0.00	0.00	0.00	0.00/-23.26	0.00	0.00
605158	华达新材	0	0	0.00	0.00	0.00	0.00	0.00	0.00/-23.26	0.00	0.00
605162	新中港	0	0	0.00	0.00	0.00	0.00	0.00	0.00/-23.26	0.00	0.00
605166	聚合顺	0	0	0.00	0.00	0.00	0.00	0.00	0.00/-23.26	0.00	0.00
605167	利柏特	0	0	0.00	0.00	0.00	0.00	0.00	0.00/-23.26	0.00	0.00
605168	三人行	0	0	0.00	0.00	0.00	0.00	0.00	0.00/-23.26	0.00	0.00
605169	洪通燃气	0	0	0.00	0.00	0.00	0.00	0.00	0.00/-23.26	0.00	0.00
605177	东亚药业	0	0	0.00	0.00	0.00	0.00	0.00	0.00/-23.26	0.00	0.00
605178	时空科技	0	0	0.00	0.00	0.00	0.00	0.00	0.00/-23.26	0.00	0.00
605179	一鸣食品	0	0	0.00	0.00	0.00	0.00	0.00	0.00/-23.26	0.00	0.00
605180	华生科技	0	0	0.00	0.00	0.00	0.00	0.00	0.00/-23.26	0.00	0.00
605183	XD确成股	0	0	0.00	0.00	0.00	0.00	0.00	0.00/-23.26	0.00	0.00
605186	健麾信息	0	0	0.00	0.00	0.00	0.00	0.00	0.00/-23.26	0.00	0.00
605188	国光连锁	0	0	0.00	0.00	0.00	0.00	0.00	0.00/-23.26	0.00	0.00
605189	富春染织	0	0	0.00	0.00	0.00	0.00	0.00	0.00/-23.26	0.00	0.00
605196	华通线缆	0	0	0.00	0.00	0.00	0.00	0.00	0.00/-23.26	0.00	0.00
605198	安德利	0	0	0.00	0.00	0.00	0.00	0.00	0.00/-23.26	0.00	0.00
605199	ST葫芦娃	0	0	0.00	0.00	0.00	0.00	0.00	0.00/-23.26	0.00	0.00
605208	永茂泰	0	0	0.00	0.00	0.00	0.00	0.00	0.00/-23.26	0.00	0.00
605218	伟时电子	0	0	0.00	0.00	0.00	0.00	0.00	0.00/-23.26	0.00	0.00
605222	起帆电缆	0	0	0.00	0.00	0.00	0.00	0.00	0.00/-23.26	0.00	0.00
605228	神通科技	0	0	0.00	0.00	0.00	0.00	0.00	0.00/-23.26	0.00	0.00
605255	天普股份	0	0	0.00	0.00	0.00	0.00	0.00	0.00/-23.26	0.00	0.00
605258	协和电子	0	0	0.00	0.00	0.00	0.00	0.00	0.00/-23.26	0.00	0.00
605259	绿田机械	0	0	0.00	0.00	0.00	0.00	0.00	0.00/-23.26	0.00	0.00
605266	健之佳	0	0	0.00	0.00	0.00	0.00	0.00	0.00/-23.26	0.00	0.00
605268	王力安防	0	0	0.00	0.00	0.00	0.00	0.00	0.00/-23.26	0.00	0.00
605277	新亚电子	0	0	0.00	0.00	0.00	0.00	0.00	0.00/-23.26	0.00	0.00
605286	同力天启	0	0	0.00	0.00	0.00	0.00	0.00	0.00/-23.26	0.00	0.00
605287	德才股份	0	0	0.00	0.00	0.00	0.00	0.00	0.00/-23.26	0.00	0.00
605288	凯迪股份	0	0	0.00	0.00	0.00	0.00	0.00	0.00/-23.26	0.00	0.00
605289	罗曼股份	0	0	0.00	0.00	0.00	0.00	0.00	0.00/-23.26	0.00	0.00
605296	神农集团	0	0	0.00	0.00	0.00	0.00	0.00	0.00/-23.26	0.00	0.00
605298	必得科技	0	0	0.00	0.00	0.00	0.00	0.00	0.00/-23.26	0.00	0.00
605300	佳禾食品	0	0	0.00	0.00	0.00	0.00	0.00	0.00/-23.26	0.00	0.00
605303	园林股份	0	0	0.00	0.00	0.00	0.00	0.00	0.00/-23.26	0.00	0.00
605318	法狮龙	0	0	0.00	0.00	0.00	0.00	0.00	0.00/-23.26	0.00	0.00
605319	XD无锡振	0	0	0.00	0.00	0.00	0.00	0.00	0.00/-23.26	0.00	0.00
605333	沪光股份	0	0	0.00	0.00	0.00	0.00	0.00	0.00/-23.26	0.00	0.00
605336	*ST帅电	0	0	0.00	0.00	0.00	0.00	0.00	0.00/-23.26	0.00	0.00
605337	李子园	0	0	0.00	0.00	0.00	0.00	0.00	0.00/-23.26	0.00	0.00
605338	巴比食品	0	0	0.00	0.00	0.00	0.00	0.00	0.00/-23.26	0.00	0.00
605339	南侨食品	0	0	0.00	0.00	0.00	0.00	0.00	0.00/-23.26	0.00	0.00
605358	立昂微	0	0	0.00	0.00	0.00	0.00	0.00	0.00/-23.26	0.00	0.00
605365	立达信	0	0	0.00	0.00	0.00	0.00	0.00	0.00/-23.26	0.00	0.00
605366	宏柏新材	0	0	0.00	0.00	0.00	0.00	0.00	0.00/-23.26	0.00	0.00
605368	蓝天燃气	0	0	0.00	0.00	0.00	0.00	0.00	0.00/-23.26	0.00	0.00
605369	拱东医疗	0	0	0.00	0.00	0.00	0.00	0.00	0.00/-23.26	0.00	0.00
605376	博迁新材	0	0	0.00	0.00	0.00	0.00	0.00	0.00/-23.26	0.00	0.00
605377	华旺科技	0	0	0.00	0.00	0.00	0.00	0.00	0.00/-23.26	0.00	0.00
605378	野马电池	0	0	0.00	0.00	0.00	0.00	0.00	0.00/-23.26	0.00	0.00
605388	均瑶健康	0	0	0.00	0.00	0.00	0.00	0.00	0.00/-23.26	0.00	0.00
605389	长龄液压	0	0	0.00	0.00	0.00	0.00	0.00	0.00/-23.26	0.00	0.00
605398	新炬网络	0	0	0.00	0.00	0.00	0.00	0.00	0.00/-23.26	0.00	0.00
605399	晨光新材	0	0	0.00	0.00	0.00	0.00	0.00	0.00/-23.26	0.00	0.00
605488	福莱新材	0	0	0.00	0.00	0.00	0.00	0.00	0.00/-23.26	0.00	0.00
605499	东鹏饮料	0	0	0.00	0.00	0.00	0.00	0.00	0.00/-23.26	0.00	0.00
605500	森林包装	0	0	0.00	0.00	0.00	0.00	0.00	0.00/-23.26	0.00	0.00
605507	国邦医药	0	0	0.00	0.00	0.00	0.00	0.00	0.00/-23.26	0.00	0.00
605555	德昌股份	0	0	0.00	0.00	0.00	0.00	0.00	0.00/-23.26	0.00	0.00
605566	福莱蒽特	0	0	0.00	0.00	0.00	0.00	0.00	0.00/-23.26	0.00	0.00
605567	春雪食品	0	0	0.00	0.00	0.00	0.00	0.00	0.00/-23.26	0.00	0.00
605577	龙版传媒	0	0	0.00	0.00	0.00	0.00	0.00	0.00/-23.26	0.00	0.00
605580	恒盛能源	0	0	0.00	0.00	0.00	0.00	0.00	0.00/-23.26	0.00	0.00
605588	冠石科技	0	0	0.00	0.00	0.00	0.00	0.00	0.00/-23.26	0.00	0.00
605589	圣泉集团	0	0	0.00	0.00	0.00	0.00	0.00	0.00/-23.26	0.00	0.00
605598	上海港湾	0	0	0.00	0.00	0.00	0.00	0.00	0.00/-23.26	0.00	0.00
605599	菜百股份	0	0	0.00	0.00	0.00	0.00	0.00	0.00/-23.26	0.00	0.00
688001	华兴源创	0	0	0.00	0.00	0.00	0.00	0.00	0.00/-23.26	0.00	0.00
688003	天准科技	0	0	0.00	0.00	0.00	0.00	0.00	0.00/-23.26	0.00	0.00
688004	博汇科技	0	0	0.00	0.00	0.00	0.00	0.00	0.00/-23.26	0.00	0.00
688006	杭可科技	0	0	0.00	0.00	0.00	0.00	0.00	0.00/-23.26	0.00	0.00
688007	光峰科技	0	0	0.00	0.00	0.00	0.00	0.00	0.00/-23.26	0.00	0.00
688008	澜起科技	0	0	0.00	0.00	0.00	0.00	0.00	0.00/-23.26	0.00	0.00
688009	中国通号	0	0	0.00	0.00	0.00	0.00	0.00	0.00/-23.26	0.00	0.00
688010	福光股份	0	0	0.00	0.00	0.00	0.00	0.00	0.00/-23.26	0.00	0.00
688011	新光光电	0	0	0.00	0.00	0.00	0.00	0.00	0.00/-23.26	0.00	0.00
688012	中微公司	0	0	0.00	0.00	0.00	0.00	0.00	0.00/-23.26	0.00	0.00
688013	天臣医疗	0	0	0.00	0.00	0.00	0.00	0.00	0.00/-23.26	0.00	0.00
688015	交控科技	0	0	0.00	0.00	0.00	0.00	0.00	0.00/-23.26	0.00	0.00
688016	心脉医疗	0	0	0.00	0.00	0.00	0.00	0.00	0.00/-23.26	0.00	0.00
688017	绿的谐波	0	0	0.00	0.00	0.00	0.00	0.00	0.00/-23.26	0.00	0.00
688018	乐鑫科技	0	0	0.00	0.00	0.00	0.00	0.00	0.00/-23.26	0.00	0.00
688020	方邦股份	0	0	0.00	0.00	0.00	0.00	0.00	0.00/-23.26	0.00	0.00
688021	奥福科技	0	0	0.00	0.00	0.00	0.00	0.00	0.00/-23.26	0.00	0.00
688022	ST瀚川	0	0	0.00	0.00	0.00	0.00	0.00	0.00/-23.26	0.00	0.00
688023	安恒信息	0	0	0.00	0.00	0.00	0.00	0.00	0.00/-23.26	0.00	0.00
688025	杰普特	0	0	0.00	0.00	0.00	0.00	0.00	0.00/-23.26	0.00	0.00
688026	洁特生物	0	0	0.00	0.00	0.00	0.00	0.00	0.00/-23.26	0.00	0.00
688027	国盾量子	0	0	0.00	0.00	0.00	0.00	0.00	0.00/-23.26	0.00	0.00
688028	沃尔德	0	0	0.00	0.00	0.00	0.00	0.00	0.00/-23.26	0.00	0.00
688029	南微医学	0	0	0.00	0.00	0.00	0.00	0.00	0.00/-23.26	0.00	0.00
688030	山石网科	0	0	0.00	0.00	0.00	0.00	0.00	0.00/-23.26	0.00	0.00
688031	星环科技-U	0	0	0.00	0.00	0.00	0.00	0.00	0.00/-23.26	0.00	0.00
688032	禾迈股份	0	0	0.00	0.00	0.00	0.00	0.00	0.00/-23.26	0.00	0.00
688033	*ST天宜	0	0	0.00	0.00	0.00	0.00	0.00	0.00/-23.26	0.00	0.00
688035	德邦科技	0	0	0.00	0.00	0.00	0.00	0.00	0.00/-23.26	0.00	0.00
688036	传音控股	0	0	0.00	0.00	0.00	0.00	0.00	0.00/-23.26	0.00	0.00
688037	芯源微	0	0	0.00	0.00	0.00	0.00	0.00	0.00/-23.26	0.00	0.00
688038	中科通达	0	0	0.00	0.00	0.00	0.00	0.00	0.00/-23.26	0.00	0.00
688039	当虹科技	0	0	0.00	0.00	0.00	0.00	0.00	0.00/-23.26	0.00	0.00
688041	海光信息	0	0	0.00	0.00	0.00	0.00	0.00	0.00/-23.26	0.00	0.00
688045	必易微	0	0	0.00	0.00	0.00	0.00	0.00	0.00/-23.26	0.00	0.00
688046	药康生物	0	0	0.00	0.00	0.00	0.00	0.00	0.00/-23.26	0.00	0.00
688047	龙芯中科	0	0	0.00	0.00	0.00	0.00	0.00	0.00/-23.26	0.00	0.00
688048	长光华芯	0	0	0.00	0.00	0.00	0.00	0.00	0.00/-23.26	0.00	0.00
688049	炬芯科技	0	0	0.00	0.00	0.00	0.00	0.00	0.00/-23.26	0.00	0.00
688050	爱博医疗	0	0	0.00	0.00	0.00	0.00	0.00	0.00/-23.26	0.00	0.00
688051	佳华科技	0	0	0.00	0.00	0.00	0.00	0.00	0.00/-23.26	0.00	0.00
688052	纳芯微	0	0	0.00	0.00	0.00	0.00	0.00	0.00/-23.26	0.00	0.00
688053	ST思科瑞	0	0	0.00	0.00	0.00	0.00	0.00	0.00/-23.26	0.00	0.00
688055	龙腾光电	0	0	0.00	0.00	0.00	0.00	0.00	0.00/-23.26	0.00	0.00
688056	莱伯泰科	0	0	0.00	0.00	0.00	0.00	0.00	0.00/-23.26	0.00	0.00
688057	金达莱	0	0	0.00	0.00	0.00	0.00	0.00	0.00/-23.26	0.00	0.00
688058	宝兰德	0	0	0.00	0.00	0.00	0.00	0.00	0.00/-23.26	0.00	0.00
688059	华锐精密	0	0	0.00	0.00	0.00	0.00	0.00	0.00/-23.26	0.00	0.00
688060	云涌科技	0	0	0.00	0.00	0.00	0.00	0.00	0.00/-23.26	0.00	0.00
688061	灿瑞科技	0	0	0.00	0.00	0.00	0.00	0.00	0.00/-23.26	0.00	0.00
688062	迈威生物-U	0	0	0.00	0.00	0.00	0.00	0.00	0.00/-23.26	0.00	0.00
688063	派能科技	0	0	0.00	0.00	0.00	0.00	0.00	0.00/-23.26	0.00	0.00
688065	凯赛生物	0	0	0.00	0.00	0.00	0.00	0.00	0.00/-23.26	0.00	0.00
688066	*ST航图	0	0	0.00	0.00	0.00	0.00	0.00	0.00/-23.26	0.00	0.00
688067	爱威科技	0	0	0.00	0.00	0.00	0.00	0.00	0.00/-23.26	0.00	0.00
688068	热景生物	0	0	0.00	0.00	0.00	0.00	0.00	0.00/-23.26	0.00	0.00
688069	德林海	0	0	0.00	0.00	0.00	0.00	0.00	0.00/-23.26	0.00	0.00
688070	纵横股份	0	0	0.00	0.00	0.00	0.00	0.00	0.00/-23.26	0.00	0.00
688071	华依科技	0	0	0.00	0.00	0.00	0.00	0.00	0.00/-23.26	0.00	0.00
688072	拓荆科技	0	0	0.00	0.00	0.00	0.00	0.00	0.00/-23.26	0.00	0.00
688073	毕得医药	0	0	0.00	0.00	0.00	0.00	0.00	0.00/-23.26	0.00	0.00
688075	安旭生物	0	0	0.00	0.00	0.00	0.00	0.00	0.00/-23.26	0.00	0.00
688076	ST诺泰	0	0	0.00	0.00	0.00	0.00	0.00	0.00/-23.26	0.00	0.00
688077	大地熊	0	0	0.00	0.00	0.00	0.00	0.00	0.00/-23.26	0.00	0.00
688078	龙软科技	0	0	0.00	0.00	0.00	0.00	0.00	0.00/-23.26	0.00	0.00
688079	美迪凯	0	0	0.00	0.00	0.00	0.00	0.00	0.00/-23.26	0.00	0.00
688080	映翰通	0	0	0.00	0.00	0.00	0.00	0.00	0.00/-23.26	0.00	0.00
688081	兴图新科	0	0	0.00	0.00	0.00	0.00	0.00	0.00/-23.26	0.00	0.00
688082	盛美上海	0	0	0.00	0.00	0.00	0.00	0.00	0.00/-23.26	0.00	0.00
688083	中望软件	0	0	0.00	0.00	0.00	0.00	0.00	0.00/-23.26	0.00	0.00
688084	晶品特装	0	0	0.00	0.00	0.00	0.00	0.00	0.00/-23.26	0.00	0.00
688085	三友医疗	0	0	0.00	0.00	0.00	0.00	0.00	0.00/-23.26	0.00	0.00
688087	英科再生	0	0	0.00	0.00	0.00	0.00	0.00	0.00/-23.26	0.00	0.00
688089	ST嘉必优	0	0	0.00	0.00	0.00	0.00	0.00	0.00/-23.26	0.00	0.00
688090	瑞松科技	0	0	0.00	0.00	0.00	0.00	0.00	0.00/-23.26	0.00	0.00
688091	上海谊众	0	0	0.00	0.00	0.00	0.00	0.00	0.00/-23.26	0.00	0.00
688092	爱科科技	0	0	0.00	0.00	0.00	0.00	0.00	0.00/-23.26	0.00	0.00
688093	世华科技	0	0	0.00	0.00	0.00	0.00	0.00	0.00/-23.26	0.00	0.00
688095	福昕软件	0	0	0.00	0.00	0.00	0.00	0.00	0.00/-23.26	0.00	0.00
688096	京源环保	0	0	0.00	0.00	0.00	0.00	0.00	0.00/-23.26	0.00	0.00
688097	博众精工	0	0	0.00	0.00	0.00	0.00	0.00	0.00/-23.26	0.00	0.00
688098	申联生物	0	0	0.00	0.00	0.00	0.00	0.00	0.00/-23.26	0.00	0.00
688099	晶晨股份	0	0	0.00	0.00	0.00	0.00	0.00	0.00/-23.26	0.00	0.00
688100	威胜信息	0	0	0.00	0.00	0.00	0.00	0.00	0.00/-23.26	0.00	0.00
688101	三达膜	0	0	0.00	0.00	0.00	0.00	0.00	0.00/-23.26	0.00	0.00
688103	国力电子	0	0	0.00	0.00	0.00	0.00	0.00	0.00/-23.26	0.00	0.00
688105	诺唯赞	0	0	0.00	0.00	0.00	0.00	0.00	0.00/-23.26	0.00	0.00
688106	金宏气体	0	0	0.00	0.00	0.00	0.00	0.00	0.00/-23.26	0.00	0.00
688107	安路科技	0	0	0.00	0.00	0.00	0.00	0.00	0.00/-23.26	0.00	0.00
688108	赛诺医疗	0	0	0.00	0.00	0.00	0.00	0.00	0.00/-23.26	0.00	0.00
688109	品茗科技	0	0	0.00	0.00	0.00	0.00	0.00	0.00/-23.26	0.00	0.00
688111	金山办公	0	0	0.00	0.00	0.00	0.00	0.00	0.00/-23.26	0.00	0.00
688112	鼎阳科技	0	0	0.00	0.00	0.00	0.00	0.00	0.00/-23.26	0.00	0.00
688113	联测科技	0	0	0.00	0.00	0.00	0.00	0.00	0.00/-23.26	0.00	0.00
688114	华大智造	0	0	0.00	0.00	0.00	0.00	0.00	0.00/-23.26	0.00	0.00
688115	思林杰	0	0	0.00	0.00	0.00	0.00	0.00	0.00/-23.26	0.00	0.00
688116	天奈科技	0	0	0.00	0.00	0.00	0.00	0.00	0.00/-23.26	0.00	0.00
688117	圣诺生物	0	0	0.00	0.00	0.00	0.00	0.00	0.00/-23.26	0.00	0.00
688118	普元信息	0	0	0.00	0.00	0.00	0.00	0.00	0.00/-23.26	0.00	0.00
688119	中钢洛耐	0	0	0.00	0.00	0.00	0.00	0.00	0.00/-23.26	0.00	0.00
688120	华海清科	0	0	0.00	0.00	0.00	0.00	0.00	0.00/-23.26	0.00	0.00
688121	*ST卓然	0	0	0.00	0.00	0.00	0.00	0.00	0.00/-23.26	0.00	0.00
688122	西部超导	0	0	0.00	0.00	0.00	0.00	0.00	0.00/-23.26	0.00	0.00
688123	聚辰股份	0	0	0.00	0.00	0.00	0.00	0.00	0.00/-23.26	0.00	0.00
688125	安达智能	0	0	0.00	0.00	0.00	0.00	0.00	0.00/-23.26	0.00	0.00
688126	沪硅产业	0	0	0.00	0.00	0.00	0.00	0.00	0.00/-23.26	0.00	0.00
688127	蓝特光学	0	0	0.00	0.00	0.00	0.00	0.00	0.00/-23.26	0.00	0.00
688128	中国电研	0	0	0.00	0.00	0.00	0.00	0.00	0.00/-23.26	0.00	0.00
688129	东来技术	0	0	0.00	0.00	0.00	0.00	0.00	0.00/-23.26	0.00	0.00
688130	晶华微	0	0	0.00	0.00	0.00	0.00	0.00	0.00/-23.26	0.00	0.00
688131	皓元医药	0	0	0.00	0.00	0.00	0.00	0.00	0.00/-23.26	0.00	0.00
688132	邦彦技术	0	0	0.00	0.00	0.00	0.00	0.00	0.00/-23.26	0.00	0.00
688133	泰坦科技	0	0	0.00	0.00	0.00	0.00	0.00	0.00/-23.26	0.00	0.00
688135	利扬芯片	0	0	0.00	0.00	0.00	0.00	0.00	0.00/-23.26	0.00	0.00
688136	科兴制药	0	0	0.00	0.00	0.00	0.00	0.00	0.00/-23.26	0.00	0.00
688137	近岸蛋白	0	0	0.00	0.00	0.00	0.00	0.00	0.00/-23.26	0.00	0.00
688138	清溢光电	0	0	0.00	0.00	0.00	0.00	0.00	0.00/-23.26	0.00	0.00
688139	海尔生物	0	0	0.00	0.00	0.00	0.00	0.00	0.00/-23.26	0.00	0.00
688141	杰华特	0	0	0.00	0.00	0.00	0.00	0.00	0.00/-23.26	0.00	0.00
688143	长盈通	0	0	0.00	0.00	0.00	0.00	0.00	0.00/-23.26	0.00	0.00
688146	中船特气	0	0	0.00	0.00	0.00	0.00	0.00	0.00/-23.26	0.00	0.00
688147	微导纳米	0	0	0.00	0.00	0.00	0.00	0.00	0.00/-23.26	0.00	0.00
688148	芳源股份	0	0	0.00	0.00	0.00	0.00	0.00	0.00/-23.26	0.00	0.00
688150	莱特光电	0	0	0.00	0.00	0.00	0.00	0.00	0.00/-23.26	0.00	0.00
688151	华强科技	0	0	0.00	0.00	0.00	0.00	0.00	0.00/-23.26	0.00	0.00
688152	麒麟信安	0	0	0.00	0.00	0.00	0.00	0.00	0.00/-23.26	0.00	0.00
688153	唯捷创芯	0	0	0.00	0.00	0.00	0.00	0.00	0.00/-23.26	0.00	0.00
688155	先惠技术	0	0	0.00	0.00	0.00	0.00	0.00	0.00/-23.26	0.00	0.00
688156	路德科技	0	0	0.00	0.00	0.00	0.00	0.00	0.00/-23.26	0.00	0.00
688157	松井股份	0	0	0.00	0.00	0.00	0.00	0.00	0.00/-23.26	0.00	0.00
688158	优刻得-W	0	0	0.00	0.00	0.00	0.00	0.00	0.00/-23.26	0.00	0.00
688159	有方科技	0	0	0.00	0.00	0.00	0.00	0.00	0.00/-23.26	0.00	0.00
688160	步科股份	0	0	0.00	0.00	0.00	0.00	0.00	0.00/-23.26	0.00	0.00
688161	威高骨科	0	0	0.00	0.00	0.00	0.00	0.00	0.00/-23.26	0.00	0.00
688162	巨一科技	0	0	0.00	0.00	0.00	0.00	0.00	0.00/-23.26	0.00	0.00
688163	赛伦生物	0	0	0.00	0.00	0.00	0.00	0.00	0.00/-23.26	0.00	0.00
688165	埃夫特-U	0	0	0.00	0.00	0.00	0.00	0.00	0.00/-23.26	0.00	0.00
688166	博瑞医药	0	0	0.00	0.00	0.00	0.00	0.00	0.00/-23.26	0.00	0.00
688167	炬光科技	0	0	0.00	0.00	0.00	0.00	0.00	0.00/-23.26	0.00	0.00
688168	安博通	0	0	0.00	0.00	0.00	0.00	0.00	0.00/-23.26	0.00	0.00
688169	石头科技	0	0	0.00	0.00	0.00	0.00	0.00	0.00/-23.26	0.00	0.00
688170	德龙激光	0	0	0.00	0.00	0.00	0.00	0.00	0.00/-23.26	0.00	0.00
688171	纬德信息	0	0	0.00	0.00	0.00	0.00	0.00	0.00/-23.26	0.00	0.00
688172	燕东微	0	0	0.00	0.00	0.00	0.00	0.00	0.00/-23.26	0.00	0.00
688175	高凌信息	0	0	0.00	0.00	0.00	0.00	0.00	0.00/-23.26	0.00	0.00
688176	亚虹医药-U	0	0	0.00	0.00	0.00	0.00	0.00	0.00/-23.26	0.00	0.00
688177	百奥泰	0	0	0.00	0.00	0.00	0.00	0.00	0.00/-23.26	0.00	0.00
688178	万德斯	0	0	0.00	0.00	0.00	0.00	0.00	0.00/-23.26	0.00	0.00
688179	阿拉丁	0	0	0.00	0.00	0.00	0.00	0.00	0.00/-23.26	0.00	0.00
688180	君实生物-U	0	0	0.00	0.00	0.00	0.00	0.00	0.00/-23.26	0.00	0.00
688181	八亿时空	0	0	0.00	0.00	0.00	0.00	0.00	0.00/-23.26	0.00	0.00
688182	灿勤科技	0	0	0.00	0.00	0.00	0.00	0.00	0.00/-23.26	0.00	0.00
688183	生益电子	0	0	0.00	0.00	0.00	0.00	0.00	0.00/-23.26	0.00	0.00
688184	ST帕瓦	0	0	0.00	0.00	0.00	0.00	0.00	0.00/-23.26	0.00	0.00
688185	康希诺	0	0	0.00	0.00	0.00	0.00	0.00	0.00/-23.26	0.00	0.00
688186	广大特材	0	0	0.00	0.00	0.00	0.00	0.00	0.00/-23.26	0.00	0.00
688187	时代电气	0	0	0.00	0.00	0.00	0.00	0.00	0.00/-23.26	0.00	0.00
688189	ST南新	0	0	0.00	0.00	0.00	0.00	0.00	0.00/-23.26	0.00	0.00
688190	云路股份	0	0	0.00	0.00	0.00	0.00	0.00	0.00/-23.26	0.00	0.00
688192	迪哲医药-U	0	0	0.00	0.00	0.00	0.00	0.00	0.00/-23.26	0.00	0.00
688193	仁度生物	0	0	0.00	0.00	0.00	0.00	0.00	0.00/-23.26	0.00	0.00
688195	腾景科技	0	0	0.00	0.00	0.00	0.00	0.00	0.00/-23.26	0.00	0.00
688196	卓越新能	0	0	0.00	0.00	0.00	0.00	0.00	0.00/-23.26	0.00	0.00
688197	首药控股-U	0	0	0.00	0.00	0.00	0.00	0.00	0.00/-23.26	0.00	0.00
688198	佰仁医疗	0	0	0.00	0.00	0.00	0.00	0.00	0.00/-23.26	0.00	0.00
688199	久日新材	0	0	0.00	0.00	0.00	0.00	0.00	0.00/-23.26	0.00	0.00
688200	华峰测控	0	0	0.00	0.00	0.00	0.00	0.00	0.00/-23.26	0.00	0.00
688201	ST信安	0	0	0.00	0.00	0.00	0.00	0.00	0.00/-23.26	0.00	0.00
688202	美迪西	0	0	0.00	0.00	0.00	0.00	0.00	0.00/-23.26	0.00	0.00
688203	海正生材	0	0	0.00	0.00	0.00	0.00	0.00	0.00/-23.26	0.00	0.00
688205	德科立	0	0	0.00	0.00	0.00	0.00	0.00	0.00/-23.26	0.00	0.00
688206	概伦电子	0	0	0.00	0.00	0.00	0.00	0.00	0.00/-23.26	0.00	0.00
688207	格灵深瞳	0	0	0.00	0.00	0.00	0.00	0.00	0.00/-23.26	0.00	0.00
688208	XD道通科	0	0	0.00	0.00	0.00	0.00	0.00	0.00/-23.26	0.00	0.00
688210	统联精密	0	0	0.00	0.00	0.00	0.00	0.00	0.00/-23.26	0.00	0.00
688211	中科微至	0	0	0.00	0.00	0.00	0.00	0.00	0.00/-23.26	0.00	0.00
688212	澳华内镜	0	0	0.00	0.00	0.00	0.00	0.00	0.00/-23.26	0.00	0.00
688215	瑞晟智能	0	0	0.00	0.00	0.00	0.00	0.00	0.00/-23.26	0.00	0.00
688216	气派科技	0	0	0.00	0.00	0.00	0.00	0.00	0.00/-23.26	0.00	0.00
688217	睿昂基因	0	0	0.00	0.00	0.00	0.00	0.00	0.00/-23.26	0.00	0.00
688218	江苏北人	0	0	0.00	0.00	0.00	0.00	0.00	0.00/-23.26	0.00	0.00
688219	会通股份	0	0	0.00	0.00	0.00	0.00	0.00	0.00/-23.26	0.00	0.00
688220	翱捷科技-U	0	0	0.00	0.00	0.00	0.00	0.00	0.00/-23.26	0.00	0.00
688221	前沿生物-U	0	0	0.00	0.00	0.00	0.00	0.00	0.00/-23.26	0.00	0.00
688222	成都先导	0	0	0.00	0.00	0.00	0.00	0.00	0.00/-23.26	0.00	0.00
688223	晶科能源	0	0	0.00	0.00	0.00	0.00	0.00	0.00/-23.26	0.00	0.00
688225	亚信安全	0	0	0.00	0.00	0.00	0.00	0.00	0.00/-23.26	0.00	0.00
688226	威腾电气	0	0	0.00	0.00	0.00	0.00	0.00	0.00/-23.26	0.00	0.00
688227	品高股份	0	0	0.00	0.00	0.00	0.00	0.00	0.00/-23.26	0.00	0.00
688228	开普云	0	0	0.00	0.00	0.00	0.00	0.00	0.00/-23.26	0.00	0.00
688229	博睿数据	0	0	0.00	0.00	0.00	0.00	0.00	0.00/-23.26	0.00	0.00
688230	芯导科技	0	0	0.00	0.00	0.00	0.00	0.00	0.00/-23.26	0.00	0.00
688231	隆达股份	0	0	0.00	0.00	0.00	0.00	0.00	0.00/-23.26	0.00	0.00
688232	新点软件	0	0	0.00	0.00	0.00	0.00	0.00	0.00/-23.26	0.00	0.00
688233	神工股份	0	0	0.00	0.00	0.00	0.00	0.00	0.00/-23.26	0.00	0.00
688234	天岳先进	0	0	0.00	0.00	0.00	0.00	0.00	0.00/-23.26	0.00	0.00
688235	百济神州	0	0	0.00	0.00	0.00	0.00	0.00	0.00/-23.26	0.00	0.00
688236	春立医疗	0	0	0.00	0.00	0.00	0.00	0.00	0.00/-23.26	0.00	0.00
688237	超卓航科	0	0	0.00	0.00	0.00	0.00	0.00	0.00/-23.26	0.00	0.00
688238	和元生物	0	0	0.00	0.00	0.00	0.00	0.00	0.00/-23.26	0.00	0.00
688244	永信至诚	0	0	0.00	0.00	0.00	0.00	0.00	0.00/-23.26	0.00	0.00
688246	嘉和美康	0	0	0.00	0.00	0.00	0.00	0.00	0.00/-23.26	0.00	0.00
688247	宣泰医药	0	0	0.00	0.00	0.00	0.00	0.00	0.00/-23.26	0.00	0.00
688248	南网科技	0	0	0.00	0.00	0.00	0.00	0.00	0.00/-23.26	0.00	0.00
688249	晶合集成	0	0	0.00	0.00	0.00	0.00	0.00	0.00/-23.26	0.00	0.00
688251	井松智能	0	0	0.00	0.00	0.00	0.00	0.00	0.00/-23.26	0.00	0.00
688252	天德钰	0	0	0.00	0.00	0.00	0.00	0.00	0.00/-23.26	0.00	0.00
688253	英诺特	0	0	0.00	0.00	0.00	0.00	0.00	0.00/-23.26	0.00	0.00
688255	凯尔达	0	0	0.00	0.00	0.00	0.00	0.00	0.00/-23.26	0.00	0.00
688256	寒武纪	0	0	0.00	0.00	0.00	0.00	0.00	0.00/-23.26	0.00	0.00
688257	新锐股份	0	0	0.00	0.00	0.00	0.00	0.00	0.00/-23.26	0.00	0.00
688258	卓易信息	0	0	0.00	0.00	0.00	0.00	0.00	0.00/-23.26	0.00	0.00
688259	创耀科技	0	0	0.00	0.00	0.00	0.00	0.00	0.00/-23.26	0.00	0.00
688260	昀冢科技	0	0	0.00	0.00	0.00	0.00	0.00	0.00/-23.26	0.00	0.00
688261	东微半导	0	0	0.00	0.00	0.00	0.00	0.00	0.00/-23.26	0.00	0.00
688262	国芯科技	0	0	0.00	0.00	0.00	0.00	0.00	0.00/-23.26	0.00	0.00
688265	南模生物	0	0	0.00	0.00	0.00	0.00	0.00	0.00/-23.26	0.00	0.00
688266	泽璟制药-U	0	0	0.00	0.00	0.00	0.00	0.00	0.00/-23.26	0.00	0.00
688267	中触媒	0	0	0.00	0.00	0.00	0.00	0.00	0.00/-23.26	0.00	0.00
688268	华特气体	0	0	0.00	0.00	0.00	0.00	0.00	0.00/-23.26	0.00	0.00
688269	凯立新材	0	0	0.00	0.00	0.00	0.00	0.00	0.00/-23.26	0.00	0.00
688270	ST臻镭	0	0	0.00	0.00	0.00	0.00	0.00	0.00/-23.26	0.00	0.00
688271	联影医疗	0	0	0.00	0.00	0.00	0.00	0.00	0.00/-23.26	0.00	0.00
688272	富吉瑞	0	0	0.00	0.00	0.00	0.00	0.00	0.00/-23.26	0.00	0.00
688273	麦澜德	0	0	0.00	0.00	0.00	0.00	0.00	0.00/-23.26	0.00	0.00
688275	万润新能	0	0	0.00	0.00	0.00	0.00	0.00	0.00/-23.26	0.00	0.00
688276	百克生物	0	0	0.00	0.00	0.00	0.00	0.00	0.00/-23.26	0.00	0.00
688277	天智航-U	0	0	0.00	0.00	0.00	0.00	0.00	0.00/-23.26	0.00	0.00
688278	特宝生物	0	0	0.00	0.00	0.00	0.00	0.00	0.00/-23.26	0.00	0.00
688279	峰岹科技	0	0	0.00	0.00	0.00	0.00	0.00	0.00/-23.26	0.00	0.00
688280	精进电动-W	0	0	0.00	0.00	0.00	0.00	0.00	0.00/-23.26	0.00	0.00
688281	华秦科技	0	0	0.00	0.00	0.00	0.00	0.00	0.00/-23.26	0.00	0.00
688282	理工导航	0	0	0.00	0.00	0.00	0.00	0.00	0.00/-23.26	0.00	0.00
688283	坤恒顺维	0	0	0.00	0.00	0.00	0.00	0.00	0.00/-23.26	0.00	0.00
688285	高铁电气	0	0	0.00	0.00	0.00	0.00	0.00	0.00/-23.26	0.00	0.00
688286	敏芯股份	0	0	0.00	0.00	0.00	0.00	0.00	0.00/-23.26	0.00	0.00
688288	鸿泉技术	0	0	0.00	0.00	0.00	0.00	0.00	0.00/-23.26	0.00	0.00
688289	圣湘生物	0	0	0.00	0.00	0.00	0.00	0.00	0.00/-23.26	0.00	0.00
688290	景业智能	0	0	0.00	0.00	0.00	0.00	0.00	0.00/-23.26	0.00	0.00
688291	金橙子	0	0	0.00	0.00	0.00	0.00	0.00	0.00/-23.26	0.00	0.00
688292	浩瀚深度	0	0	0.00	0.00	0.00	0.00	0.00	0.00/-23.26	0.00	0.00
688293	奥浦迈	0	0	0.00	0.00	0.00	0.00	0.00	0.00/-23.26	0.00	0.00
688295	中复神鹰	0	0	0.00	0.00	0.00	0.00	0.00	0.00/-23.26	0.00	0.00
688296	和达科技	0	0	0.00	0.00	0.00	0.00	0.00	0.00/-23.26	0.00	0.00
688297	中无人机	0	0	0.00	0.00	0.00	0.00	0.00	0.00/-23.26	0.00	0.00
688298	东方生物	0	0	0.00	0.00	0.00	0.00	0.00	0.00/-23.26	0.00	0.00
688299	长阳科技	0	0	0.00	0.00	0.00	0.00	0.00	0.00/-23.26	0.00	0.00
688300	联瑞新材	0	0	0.00	0.00	0.00	0.00	0.00	0.00/-23.26	0.00	0.00
688301	奕瑞科技	0	0	0.00	0.00	0.00	0.00	0.00	0.00/-23.26	0.00	0.00
688302	海创药业-U	0	0	0.00	0.00	0.00	0.00	0.00	0.00/-23.26	0.00	0.00
688303	大全能源	0	0	0.00	0.00	0.00	0.00	0.00	0.00/-23.26	0.00	0.00
688305	科德数控	0	0	0.00	0.00	0.00	0.00	0.00	0.00/-23.26	0.00	0.00
688306	均普智能	0	0	0.00	0.00	0.00	0.00	0.00	0.00/-23.26	0.00	0.00
688307	中润光学	0	0	0.00	0.00	0.00	0.00	0.00	0.00/-23.26	0.00	0.00
688308	欧科亿	0	0	0.00	0.00	0.00	0.00	0.00	0.00/-23.26	0.00	0.00
688309	恒誉科技	0	0	0.00	0.00	0.00	0.00	0.00	0.00/-23.26	0.00	0.00
688310	迈得医疗	0	0	0.00	0.00	0.00	0.00	0.00	0.00/-23.26	0.00	0.00
688311	盟升电子	0	0	0.00	0.00	0.00	0.00	0.00	0.00/-23.26	0.00	0.00
688312	燕麦科技	0	0	0.00	0.00	0.00	0.00	0.00	0.00/-23.26	0.00	0.00
688313	仕佳光子	0	0	0.00	0.00	0.00	0.00	0.00	0.00/-23.26	0.00	0.00
688314	康拓医疗	0	0	0.00	0.00	0.00	0.00	0.00	0.00/-23.26	0.00	0.00
688315	诺禾致源	0	0	0.00	0.00	0.00	0.00	0.00	0.00/-23.26	0.00	0.00
688316	青云科技-U	0	0	0.00	0.00	0.00	0.00	0.00	0.00/-23.26	0.00	0.00
688317	之江生物	0	0	0.00	0.00	0.00	0.00	0.00	0.00/-23.26	0.00	0.00
688318	财富趋势	0	0	0.00	0.00	0.00	0.00	0.00	0.00/-23.26	0.00	0.00
688319	欧林生物	0	0	0.00	0.00	0.00	0.00	0.00	0.00/-23.26	0.00	0.00
688320	禾川科技	0	0	0.00	0.00	0.00	0.00	0.00	0.00/-23.26	0.00	0.00
688321	微芯生物	0	0	0.00	0.00	0.00	0.00	0.00	0.00/-23.26	0.00	0.00
688322	奥比中光-W	0	0	0.00	0.00	0.00	0.00	0.00	0.00/-23.26	0.00	0.00
688323	瑞华泰	0	0	0.00	0.00	0.00	0.00	0.00	0.00/-23.26	0.00	0.00
688325	赛微微电	0	0	0.00	0.00	0.00	0.00	0.00	0.00/-23.26	0.00	0.00
688326	经纬恒润-W	0	0	0.00	0.00	0.00	0.00	0.00	0.00/-23.26	0.00	0.00
688327	云从科技-UW	0	0	0.00	0.00	0.00	0.00	0.00	0.00/-23.26	0.00	0.00
688328	深科达	0	0	0.00	0.00	0.00	0.00	0.00	0.00/-23.26	0.00	0.00
688329	艾隆科技	0	0	0.00	0.00	0.00	0.00	0.00	0.00/-23.26	0.00	0.00
688330	宏力达	0	0	0.00	0.00	0.00	0.00	0.00	0.00/-23.26	0.00	0.00
688331	荣昌生物	0	0	0.00	0.00	0.00	0.00	0.00	0.00/-23.26	0.00	0.00
688332	中科蓝讯	0	0	0.00	0.00	0.00	0.00	0.00	0.00/-23.26	0.00	0.00
688333	铂力特	0	0	0.00	0.00	0.00	0.00	0.00	0.00/-23.26	0.00	0.00
688334	西高院	0	0	0.00	0.00	0.00	0.00	0.00	0.00/-23.26	0.00	0.00
688335	复洁科技	0	0	0.00	0.00	0.00	0.00	0.00	0.00/-23.26	0.00	0.00
688336	三生国健	0	0	0.00	0.00	0.00	0.00	0.00	0.00/-23.26	0.00	0.00
688337	普源精电	0	0	0.00	0.00	0.00	0.00	0.00	0.00/-23.26	0.00	0.00
688338	赛科希德	0	0	0.00	0.00	0.00	0.00	0.00	0.00/-23.26	0.00	0.00
688339	亿华通-U	0	0	0.00	0.00	0.00	0.00	0.00	0.00/-23.26	0.00	0.00
688343	云天励飞-U	0	0	0.00	0.00	0.00	0.00	0.00	0.00/-23.26	0.00	0.00
688345	博力威	0	0	0.00	0.00	0.00	0.00	0.00	0.00/-23.26	0.00	0.00
688347	华虹宏力	0	0	0.00	0.00	0.00	0.00	0.00	0.00/-23.26	0.00	0.00
688348	昱能科技	0	0	0.00	0.00	0.00	0.00	0.00	0.00/-23.26	0.00	0.00
688349	三一重能	0	0	0.00	0.00	0.00	0.00	0.00	0.00/-23.26	0.00	0.00
688350	富淼科技	0	0	0.00	0.00	0.00	0.00	0.00	0.00/-23.26	0.00	0.00
688352	颀中科技	0	0	0.00	0.00	0.00	0.00	0.00	0.00/-23.26	0.00	0.00
688353	华盛锂电	0	0	0.00	0.00	0.00	0.00	0.00	0.00/-23.26	0.00	0.00
688355	明志科技	0	0	0.00	0.00	0.00	0.00	0.00	0.00/-23.26	0.00	0.00
688356	键凯科技	0	0	0.00	0.00	0.00	0.00	0.00	0.00/-23.26	0.00	0.00
688357	建龙微纳	0	0	0.00	0.00	0.00	0.00	0.00	0.00/-23.26	0.00	0.00
688358	祥生医疗	0	0	0.00	0.00	0.00	0.00	0.00	0.00/-23.26	0.00	0.00
688359	三孚新科	0	0	0.00	0.00	0.00	0.00	0.00	0.00/-23.26	0.00	0.00
688360	德马科技	0	0	0.00	0.00	0.00	0.00	0.00	0.00/-23.26	0.00	0.00
688361	中科飞测	0	0	0.00	0.00	0.00	0.00	0.00	0.00/-23.26	0.00	0.00
688362	甬矽电子	0	0	0.00	0.00	0.00	0.00	0.00	0.00/-23.26	0.00	0.00
688363	华熙生物	0	0	0.00	0.00	0.00	0.00	0.00	0.00/-23.26	0.00	0.00
688365	光云科技	0	0	0.00	0.00	0.00	0.00	0.00	0.00/-23.26	0.00	0.00
688366	昊海生科	0	0	0.00	0.00	0.00	0.00	0.00	0.00/-23.26	0.00	0.00
688367	工大高科	0	0	0.00	0.00	0.00	0.00	0.00	0.00/-23.26	0.00	0.00
688368	晶丰明源	0	0	0.00	0.00	0.00	0.00	0.00	0.00/-23.26	0.00	0.00
688369	致远互联	0	0	0.00	0.00	0.00	0.00	0.00	0.00/-23.26	0.00	0.00
688370	丛麟科技	0	0	0.00	0.00	0.00	0.00	0.00	0.00/-23.26	0.00	0.00
688371	菲沃泰	0	0	0.00	0.00	0.00	0.00	0.00	0.00/-23.26	0.00	0.00
688372	伟测科技	0	0	0.00	0.00	0.00	0.00	0.00	0.00/-23.26	0.00	0.00
688373	盟科药业-U	0	0	0.00	0.00	0.00	0.00	0.00	0.00/-23.26	0.00	0.00
688375	国博电子	0	0	0.00	0.00	0.00	0.00	0.00	0.00/-23.26	0.00	0.00
688376	美埃科技	0	0	0.00	0.00	0.00	0.00	0.00	0.00/-23.26	0.00	0.00
688377	迪威尔	0	0	0.00	0.00	0.00	0.00	0.00	0.00/-23.26	0.00	0.00
688378	奥来德	0	0	0.00	0.00	0.00	0.00	0.00	0.00/-23.26	0.00	0.00
688379	华光新材	0	0	0.00	0.00	0.00	0.00	0.00	0.00/-23.26	0.00	0.00
688380	中微半导	0	0	0.00	0.00	0.00	0.00	0.00	0.00/-23.26	0.00	0.00
688381	帝奥微	0	0	0.00	0.00	0.00	0.00	0.00	0.00/-23.26	0.00	0.00
688382	益方生物-U	0	0	0.00	0.00	0.00	0.00	0.00	0.00/-23.26	0.00	0.00
688383	新益昌	0	0	0.00	0.00	0.00	0.00	0.00	0.00/-23.26	0.00	0.00
688385	复旦微电	0	0	0.00	0.00	0.00	0.00	0.00	0.00/-23.26	0.00	0.00
688386	泛亚微透	0	0	0.00	0.00	0.00	0.00	0.00	0.00/-23.26	0.00	0.00
688387	信科移动-U	0	0	0.00	0.00	0.00	0.00	0.00	0.00/-23.26	0.00	0.00
688388	嘉元科技	0	0	0.00	0.00	0.00	0.00	0.00	0.00/-23.26	0.00	0.00
688389	普门科技	0	0	0.00	0.00	0.00	0.00	0.00	0.00/-23.26	0.00	0.00
688390	固德威	0	0	0.00	0.00	0.00	0.00	0.00	0.00/-23.26	0.00	0.00
688391	钜泉科技	0	0	0.00	0.00	0.00	0.00	0.00	0.00/-23.26	0.00	0.00
688392	骄成超声	0	0	0.00	0.00	0.00	0.00	0.00	0.00/-23.26	0.00	0.00
688393	安必平	0	0	0.00	0.00	0.00	0.00	0.00	0.00/-23.26	0.00	0.00
688395	正弦电气	0	0	0.00	0.00	0.00	0.00	0.00	0.00/-23.26	0.00	0.00
688396	华润微	0	0	0.00	0.00	0.00	0.00	0.00	0.00/-23.26	0.00	0.00
688398	赛特新材	0	0	0.00	0.00	0.00	0.00	0.00	0.00/-23.26	0.00	0.00
688399	硕世生物	0	0	0.00	0.00	0.00	0.00	0.00	0.00/-23.26	0.00	0.00
688400	凌云光	0	0	0.00	0.00	0.00	0.00	0.00	0.00/-23.26	0.00	0.00
688401	路维光电	0	0	0.00	0.00	0.00	0.00	0.00	0.00/-23.26	0.00	0.00
688403	汇成股份	0	0	0.00	0.00	0.00	0.00	0.00	0.00/-23.26	0.00	0.00
688408	中信博	0	0	0.00	0.00	0.00	0.00	0.00	0.00/-23.26	0.00	0.00
688409	富创精密	0	0	0.00	0.00	0.00	0.00	0.00	0.00/-23.26	0.00	0.00
688410	XD山外山	0	0	0.00	0.00	0.00	0.00	0.00	0.00/-23.26	0.00	0.00
688411	海博思创	0	0	0.00	0.00	0.00	0.00	0.00	0.00/-23.26	0.00	0.00
688416	恒烁股份	0	0	0.00	0.00	0.00	0.00	0.00	0.00/-23.26	0.00	0.00
688418	震有科技	0	0	0.00	0.00	0.00	0.00	0.00	0.00/-23.26	0.00	0.00
688419	耐科装备	0	0	0.00	0.00	0.00	0.00	0.00	0.00/-23.26	0.00	0.00
688420	美腾科技	0	0	0.00	0.00	0.00	0.00	0.00	0.00/-23.26	0.00	0.00
688425	铁建重工	0	0	0.00	0.00	0.00	0.00	0.00	0.00/-23.26	0.00	0.00
688426	康为世纪	0	0	0.00	0.00	0.00	0.00	0.00	0.00/-23.26	0.00	0.00
688428	诺诚健华	0	0	0.00	0.00	0.00	0.00	0.00	0.00/-23.26	0.00	0.00
688429	时创能源	0	0	0.00	0.00	0.00	0.00	0.00	0.00/-23.26	0.00	0.00
688433	华曙高科	0	0	0.00	0.00	0.00	0.00	0.00	0.00/-23.26	0.00	0.00
688435	英方软件	0	0	0.00	0.00	0.00	0.00	0.00	0.00/-23.26	0.00	0.00
688439	振华风光	0	0	0.00	0.00	0.00	0.00	0.00	0.00/-23.26	0.00	0.00
688443	智翔金泰-U	0	0	0.00	0.00	0.00	0.00	0.00	0.00/-23.26	0.00	0.00
688448	磁谷科技	0	0	0.00	0.00	0.00	0.00	0.00	0.00/-23.26	0.00	0.00
688449	联芸科技	0	0	0.00	0.00	0.00	0.00	0.00	0.00/-23.26	0.00	0.00
688450	光格科技	0	0	0.00	0.00	0.00	0.00	0.00	0.00/-23.26	0.00	0.00
688455	科捷智能	0	0	0.00	0.00	0.00	0.00	0.00	0.00/-23.26	0.00	0.00
688456	有研粉材	0	0	0.00	0.00	0.00	0.00	0.00	0.00/-23.26	0.00	0.00
688458	美芯晟	0	0	0.00	0.00	0.00	0.00	0.00	0.00/-23.26	0.00	0.00
688459	哈铁科技	0	0	0.00	0.00	0.00	0.00	0.00	0.00/-23.26	0.00	0.00
688466	金科环境	0	0	0.00	0.00	0.00	0.00	0.00	0.00/-23.26	0.00	0.00
688468	科美诊断	0	0	0.00	0.00	0.00	0.00	0.00	0.00/-23.26	0.00	0.00
688469	芯联集成-U	0	0	0.00	0.00	0.00	0.00	0.00	0.00/-23.26	0.00	0.00
688472	阿特斯	0	0	0.00	0.00	0.00	0.00	0.00	0.00/-23.26	0.00	0.00
688475	萤石网络	0	0	0.00	0.00	0.00	0.00	0.00	0.00/-23.26	0.00	0.00
688478	晶升股份	0	0	0.00	0.00	0.00	0.00	0.00	0.00/-23.26	0.00	0.00
688479	友车科技	0	0	0.00	0.00	0.00	0.00	0.00	0.00/-23.26	0.00	0.00
688480	赛恩斯	0	0	0.00	0.00	0.00	0.00	0.00	0.00/-23.26	0.00	0.00
688484	南芯科技	0	0	0.00	0.00	0.00	0.00	0.00	0.00/-23.26	0.00	0.00
688485	九州一轨	0	0	0.00	0.00	0.00	0.00	0.00	0.00/-23.26	0.00	0.00
688486	龙迅股份	0	0	0.00	0.00	0.00	0.00	0.00	0.00/-23.26	0.00	0.00
688488	艾迪药业	0	0	0.00	0.00	0.00	0.00	0.00	0.00/-23.26	0.00	0.00
688489	三未信安	0	0	0.00	0.00	0.00	0.00	0.00	0.00/-23.26	0.00	0.00
688496	*ST清越	0	0	0.00	0.00	0.00	0.00	0.00	0.00/-23.26	0.00	0.00
688498	源杰科技	0	0	0.00	0.00	0.00	0.00	0.00	0.00/-23.26	0.00	0.00
688499	利元亨	0	0	0.00	0.00	0.00	0.00	0.00	0.00/-23.26	0.00	0.00
688500	慧辰股份	0	0	0.00	0.00	0.00	0.00	0.00	0.00/-23.26	0.00	0.00
688501	青达环保	0	0	0.00	0.00	0.00	0.00	0.00	0.00/-23.26	0.00	0.00
688502	茂莱光学	0	0	0.00	0.00	0.00	0.00	0.00	0.00/-23.26	0.00	0.00
688503	聚和材料	0	0	0.00	0.00	0.00	0.00	0.00	0.00/-23.26	0.00	0.00
688505	复旦张江	0	0	0.00	0.00	0.00	0.00	0.00	0.00/-23.26	0.00	0.00
688506	百利天恒	0	0	0.00	0.00	0.00	0.00	0.00	0.00/-23.26	0.00	0.00
688507	索辰科技	0	0	0.00	0.00	0.00	0.00	0.00	0.00/-23.26	0.00	0.00
688508	芯朋微	0	0	0.00	0.00	0.00	0.00	0.00	0.00/-23.26	0.00	0.00
688509	正元地信	0	0	0.00	0.00	0.00	0.00	0.00	0.00/-23.26	0.00	0.00
688510	航亚科技	0	0	0.00	0.00	0.00	0.00	0.00	0.00/-23.26	0.00	0.00
688511	天微电子	0	0	0.00	0.00	0.00	0.00	0.00	0.00/-23.26	0.00	0.00
688512	慧智微-U	0	0	0.00	0.00	0.00	0.00	0.00	0.00/-23.26	0.00	0.00
688513	苑东生物	0	0	0.00	0.00	0.00	0.00	0.00	0.00/-23.26	0.00	0.00
688515	裕太微-U	0	0	0.00	0.00	0.00	0.00	0.00	0.00/-23.26	0.00	0.00
688516	奥特维	0	0	0.00	0.00	0.00	0.00	0.00	0.00/-23.26	0.00	0.00
688517	金冠电气	0	0	0.00	0.00	0.00	0.00	0.00	0.00/-23.26	0.00	0.00
688518	联赢激光	0	0	0.00	0.00	0.00	0.00	0.00	0.00/-23.26	0.00	0.00
688519	南亚新材	0	0	0.00	0.00	0.00	0.00	0.00	0.00/-23.26	0.00	0.00
688520	神州细胞	0	0	0.00	0.00	0.00	0.00	0.00	0.00/-23.26	0.00	0.00
688521	芯原股份	0	0	0.00	0.00	0.00	0.00	0.00	0.00/-23.26	0.00	0.00
688522	纳睿雷达	0	0	0.00	0.00	0.00	0.00	0.00	0.00/-23.26	0.00	0.00
688523	航天环宇	0	0	0.00	0.00	0.00	0.00	0.00	0.00/-23.26	0.00	0.00
688525	佰维存储	0	0	0.00	0.00	0.00	0.00	0.00	0.00/-23.26	0.00	0.00
688526	科前生物	0	0	0.00	0.00	0.00	0.00	0.00	0.00/-23.26	0.00	0.00
688528	秦川物联	0	0	0.00	0.00	0.00	0.00	0.00	0.00/-23.26	0.00	0.00
688529	豪森智能	0	0	0.00	0.00	0.00	0.00	0.00	0.00/-23.26	0.00	0.00
688530	欧莱新材	0	0	0.00	0.00	0.00	0.00	0.00	0.00/-23.26	0.00	0.00
688531	日联科技	0	0	0.00	0.00	0.00	0.00	0.00	0.00/-23.26	0.00	0.00
688533	上声电子	0	0	0.00	0.00	0.00	0.00	0.00	0.00/-23.26	0.00	0.00
688535	华海诚科	0	0	0.00	0.00	0.00	0.00	0.00	0.00/-23.26	0.00	0.00
688536	思瑞浦	0	0	0.00	0.00	0.00	0.00	0.00	0.00/-23.26	0.00	0.00
688538	和辉光电-U	0	0	0.00	0.00	0.00	0.00	0.00	0.00/-23.26	0.00	0.00
688539	高华科技	0	0	0.00	0.00	0.00	0.00	0.00	0.00/-23.26	0.00	0.00
688543	国科军工	0	0	0.00	0.00	0.00	0.00	0.00	0.00/-23.26	0.00	0.00
688545	兴福电子	0	0	0.00	0.00	0.00	0.00	0.00	0.00/-23.26	0.00	0.00
688548	广钢气体	0	0	0.00	0.00	0.00	0.00	0.00	0.00/-23.26	0.00	0.00
688549	中巨芯-U	0	0	0.00	0.00	0.00	0.00	0.00	0.00/-23.26	0.00	0.00
688550	瑞联新材	0	0	0.00	0.00	0.00	0.00	0.00	0.00/-23.26	0.00	0.00
688551	科威尔	0	0	0.00	0.00	0.00	0.00	0.00	0.00/-23.26	0.00	0.00
688552	航天南湖	0	0	0.00	0.00	0.00	0.00	0.00	0.00/-23.26	0.00	0.00
688553	汇宇制药-W	0	0	0.00	0.00	0.00	0.00	0.00	0.00/-23.26	0.00	0.00
688556	高测股份	0	0	0.00	0.00	0.00	0.00	0.00	0.00/-23.26	0.00	0.00
688557	兰剑智能	0	0	0.00	0.00	0.00	0.00	0.00	0.00/-23.26	0.00	0.00
688558	国盛智科	0	0	0.00	0.00	0.00	0.00	0.00	0.00/-23.26	0.00	0.00
688559	海目星	0	0	0.00	0.00	0.00	0.00	0.00	0.00/-23.26	0.00	0.00
688560	明冠新材	0	0	0.00	0.00	0.00	0.00	0.00	0.00/-23.26	0.00	0.00
688561	奇安信-U	0	0	0.00	0.00	0.00	0.00	0.00	0.00/-23.26	0.00	0.00
688562	航天软件	0	0	0.00	0.00	0.00	0.00	0.00	0.00/-23.26	0.00	0.00
688563	航材股份	0	0	0.00	0.00	0.00	0.00	0.00	0.00/-23.26	0.00	0.00
688565	力源科技	0	0	0.00	0.00	0.00	0.00	0.00	0.00/-23.26	0.00	0.00
688566	吉贝尔	0	0	0.00	0.00	0.00	0.00	0.00	0.00/-23.26	0.00	0.00
688567	孚能科技	0	0	0.00	0.00	0.00	0.00	0.00	0.00/-23.26	0.00	0.00
688568	中科星图	0	0	0.00	0.00	0.00	0.00	0.00	0.00/-23.26	0.00	0.00
688569	铁科轨道	0	0	0.00	0.00	0.00	0.00	0.00	0.00/-23.26	0.00	0.00
688570	天玛智控	0	0	0.00	0.00	0.00	0.00	0.00	0.00/-23.26	0.00	0.00
688571	杭华股份	0	0	0.00	0.00	0.00	0.00	0.00	0.00/-23.26	0.00	0.00
688573	信宇人	0	0	0.00	0.00	0.00	0.00	0.00	0.00/-23.26	0.00	0.00
688575	亚辉龙	0	0	0.00	0.00	0.00	0.00	0.00	0.00/-23.26	0.00	0.00
688576	西山科技	0	0	0.00	0.00	0.00	0.00	0.00	0.00/-23.26	0.00	0.00
688577	浙海德曼	0	0	0.00	0.00	0.00	0.00	0.00	0.00/-23.26	0.00	0.00
688578	艾力斯	0	0	0.00	0.00	0.00	0.00	0.00	0.00/-23.26	0.00	0.00
688579	地纬智能	0	0	0.00	0.00	0.00	0.00	0.00	0.00/-23.26	0.00	0.00
688580	伟思医疗	0	0	0.00	0.00	0.00	0.00	0.00	0.00/-23.26	0.00	0.00
688581	安杰思	0	0	0.00	0.00	0.00	0.00	0.00	0.00/-23.26	0.00	0.00
688582	芯动联科	0	0	0.00	0.00	0.00	0.00	0.00	0.00/-23.26	0.00	0.00
688583	思看科技	0	0	0.00	0.00	0.00	0.00	0.00	0.00/-23.26	0.00	0.00
688584	上海合晶	0	0	0.00	0.00	0.00	0.00	0.00	0.00/-23.26	0.00	0.00
688585	上纬新材	0	0	0.00	0.00	0.00	0.00	0.00	0.00/-23.26	0.00	0.00
688586	江航装备	0	0	0.00	0.00	0.00	0.00	0.00	0.00/-23.26	0.00	0.00
688588	凌志软件	0	0	0.00	0.00	0.00	0.00	0.00	0.00/-23.26	0.00	0.00
688589	力合微	0	0	0.00	0.00	0.00	0.00	0.00	0.00/-23.26	0.00	0.00
688590	新致软件	0	0	0.00	0.00	0.00	0.00	0.00	0.00/-23.26	0.00	0.00
688591	泰凌微	0	0	0.00	0.00	0.00	0.00	0.00	0.00/-23.26	0.00	0.00
688592	司南导航	0	0	0.00	0.00	0.00	0.00	0.00	0.00/-23.26	0.00	0.00
688593	新相微	0	0	0.00	0.00	0.00	0.00	0.00	0.00/-23.26	0.00	0.00
688595	芯海科技	0	0	0.00	0.00	0.00	0.00	0.00	0.00/-23.26	0.00	0.00
688596	正帆科技	0	0	0.00	0.00	0.00	0.00	0.00	0.00/-23.26	0.00	0.00
688597	煜邦电力	0	0	0.00	0.00	0.00	0.00	0.00	0.00/-23.26	0.00	0.00
688598	金博股份	0	0	0.00	0.00	0.00	0.00	0.00	0.00/-23.26	0.00	0.00
688599	天合光能	0	0	0.00	0.00	0.00	0.00	0.00	0.00/-23.26	0.00	0.00
688600	皖仪科技	0	0	0.00	0.00	0.00	0.00	0.00	0.00/-23.26	0.00	0.00
688602	康鹏科技	0	0	0.00	0.00	0.00	0.00	0.00	0.00/-23.26	0.00	0.00
688603	天承科技	0	0	0.00	0.00	0.00	0.00	0.00	0.00/-23.26	0.00	0.00
688605	先锋精科	0	0	0.00	0.00	0.00	0.00	0.00	0.00/-23.26	0.00	0.00
688606	奥泰生物	0	0	0.00	0.00	0.00	0.00	0.00	0.00/-23.26	0.00	0.00
688607	康众科技	0	0	0.00	0.00	0.00	0.00	0.00	0.00/-23.26	0.00	0.00
688608	恒玄科技	0	0	0.00	0.00	0.00	0.00	0.00	0.00/-23.26	0.00	0.00
688609	九联科技	0	0	0.00	0.00	0.00	0.00	0.00	0.00/-23.26	0.00	0.00
688610	埃科光电	0	0	0.00	0.00	0.00	0.00	0.00	0.00/-23.26	0.00	0.00
688611	杭州柯林	0	0	0.00	0.00	0.00	0.00	0.00	0.00/-23.26	0.00	0.00
688612	威迈斯	0	0	0.00	0.00	0.00	0.00	0.00	0.00/-23.26	0.00	0.00
688613	奥精医疗	0	0	0.00	0.00	0.00	0.00	0.00	0.00/-23.26	0.00	0.00
688615	合合信息	0	0	0.00	0.00	0.00	0.00	0.00	0.00/-23.26	0.00	0.00
688616	西力科技	0	0	0.00	0.00	0.00	0.00	0.00	0.00/-23.26	0.00	0.00
688617	惠泰医疗	0	0	0.00	0.00	0.00	0.00	0.00	0.00/-23.26	0.00	0.00
688618	三旺通信	0	0	0.00	0.00	0.00	0.00	0.00	0.00/-23.26	0.00	0.00
688619	罗普特	0	0	0.00	0.00	0.00	0.00	0.00	0.00/-23.26	0.00	0.00
688620	安凯微	0	0	0.00	0.00	0.00	0.00	0.00	0.00/-23.26	0.00	0.00
688621	阳光诺和	0	0	0.00	0.00	0.00	0.00	0.00	0.00/-23.26	0.00	0.00
688622	*ST禾信	0	0	0.00	0.00	0.00	0.00	0.00	0.00/-23.26	0.00	0.00
688623	双元科技	0	0	0.00	0.00	0.00	0.00	0.00	0.00/-23.26	0.00	0.00
688625	呈和科技	0	0	0.00	0.00	0.00	0.00	0.00	0.00/-23.26	0.00	0.00
688626	翔宇医疗	0	0	0.00	0.00	0.00	0.00	0.00	0.00/-23.26	0.00	0.00
688627	精智达	0	0	0.00	0.00	0.00	0.00	0.00	0.00/-23.26	0.00	0.00
688628	优利德	0	0	0.00	0.00	0.00	0.00	0.00	0.00/-23.26	0.00	0.00
688629	XD华丰科	0	0	0.00	0.00	0.00	0.00	0.00	0.00/-23.26	0.00	0.00
688630	芯碁微装	0	0	0.00	0.00	0.00	0.00	0.00	0.00/-23.26	0.00	0.00
688631	莱斯信息	0	0	0.00	0.00	0.00	0.00	0.00	0.00/-23.26	0.00	0.00
688633	星球石墨	0	0	0.00	0.00	0.00	0.00	0.00	0.00/-23.26	0.00	0.00
688635	长进光子	0	0	0.00	0.00	0.00	0.00	0.00	0.00/-23.26	0.00	0.00
688636	智明达	0	0	0.00	0.00	0.00	0.00	0.00	0.00/-23.26	0.00	0.00
688638	誉辰智能	0	0	0.00	0.00	0.00	0.00	0.00	0.00/-23.26	0.00	0.00
688646	逸飞激光	0	0	0.00	0.00	0.00	0.00	0.00	0.00/-23.26	0.00	0.00
688648	中邮科技	0	0	0.00	0.00	0.00	0.00	0.00	0.00/-23.26	0.00	0.00
688651	盛邦安全	0	0	0.00	0.00	0.00	0.00	0.00	0.00/-23.26	0.00	0.00
688652	京仪装备	0	0	0.00	0.00	0.00	0.00	0.00	0.00/-23.26	0.00	0.00
688653	康希通信	0	0	0.00	0.00	0.00	0.00	0.00	0.00/-23.26	0.00	0.00
688655	迅捷兴	0	0	0.00	0.00	0.00	0.00	0.00	0.00/-23.26	0.00	0.00
688656	浩欧博	0	0	0.00	0.00	0.00	0.00	0.00	0.00/-23.26	0.00	0.00
688657	浩辰软件	0	0	0.00	0.00	0.00	0.00	0.00	0.00/-23.26	0.00	0.00
688658	悦康药业	0	0	0.00	0.00	0.00	0.00	0.00	0.00/-23.26	0.00	0.00
688659	元琛科技	0	0	0.00	0.00	0.00	0.00	0.00	0.00/-23.26	0.00	0.00
688660	电气风电	0	0	0.00	0.00	0.00	0.00	0.00	0.00/-23.26	0.00	0.00
688661	和林微纳	0	0	0.00	0.00	0.00	0.00	0.00	0.00/-23.26	0.00	0.00
688662	富信科技	0	0	0.00	0.00	0.00	0.00	0.00	0.00/-23.26	0.00	0.00
688663	新风光	0	0	0.00	0.00	0.00	0.00	0.00	0.00/-23.26	0.00	0.00
688665	四方光电	0	0	0.00	0.00	0.00	0.00	0.00	0.00/-23.26	0.00	0.00
688667	菱电电控	0	0	0.00	0.00	0.00	0.00	0.00	0.00/-23.26	0.00	0.00
688668	XD鼎通科	0	0	0.00	0.00	0.00	0.00	0.00	0.00/-23.26	0.00	0.00
688669	聚石化学	0	0	0.00	0.00	0.00	0.00	0.00	0.00/-23.26	0.00	0.00
688670	金迪克	0	0	0.00	0.00	0.00	0.00	0.00	0.00/-23.26	0.00	0.00
688671	碧兴物联	0	0	0.00	0.00	0.00	0.00	0.00	0.00/-23.26	0.00	0.00
688676	金盘科技	0	0	0.00	0.00	0.00	0.00	0.00	0.00/-23.26	0.00	0.00
688677	海泰新光	0	0	0.00	0.00	0.00	0.00	0.00	0.00/-23.26	0.00	0.00
688678	福立旺	0	0	0.00	0.00	0.00	0.00	0.00	0.00/-23.26	0.00	0.00
688679	通源环境	0	0	0.00	0.00	0.00	0.00	0.00	0.00/-23.26	0.00	0.00
688680	海优新材	0	0	0.00	0.00	0.00	0.00	0.00	0.00/-23.26	0.00	0.00
688681	科汇股份	0	0	0.00	0.00	0.00	0.00	0.00	0.00/-23.26	0.00	0.00
688682	霍莱沃	0	0	0.00	0.00	0.00	0.00	0.00	0.00/-23.26	0.00	0.00
688683	莱尔科技	0	0	0.00	0.00	0.00	0.00	0.00	0.00/-23.26	0.00	0.00
688685	迈信林	0	0	0.00	0.00	0.00	0.00	0.00	0.00/-23.26	0.00	0.00
688686	奥普特	0	0	0.00	0.00	0.00	0.00	0.00	0.00/-23.26	0.00	0.00
688687	凯因科技	0	0	0.00	0.00	0.00	0.00	0.00	0.00/-23.26	0.00	0.00
688689	银河微电	0	0	0.00	0.00	0.00	0.00	0.00	0.00/-23.26	0.00	0.00
688690	纳微科技	0	0	0.00	0.00	0.00	0.00	0.00	0.00/-23.26	0.00	0.00
688691	灿芯股份	0	0	0.00	0.00	0.00	0.00	0.00	0.00/-23.26	0.00	0.00
688692	达梦数据	0	0	0.00	0.00	0.00	0.00	0.00	0.00/-23.26	0.00	0.00
688693	锴威特	0	0	0.00	0.00	0.00	0.00	0.00	0.00/-23.26	0.00	0.00
688695	中创股份	0	0	0.00	0.00	0.00	0.00	0.00	0.00/-23.26	0.00	0.00
688696	极米科技	0	0	0.00	0.00	0.00	0.00	0.00	0.00/-23.26	0.00	0.00
688697	纽威数控	0	0	0.00	0.00	0.00	0.00	0.00	0.00/-23.26	0.00	0.00
688698	伟创电气	0	0	0.00	0.00	0.00	0.00	0.00	0.00/-23.26	0.00	0.00
688699	XD明微电	0	0	0.00	0.00	0.00	0.00	0.00	0.00/-23.26	0.00	0.00
688700	东威科技	0	0	0.00	0.00	0.00	0.00	0.00	0.00/-23.26	0.00	0.00
688701	卓锦股份	0	0	0.00	0.00	0.00	0.00	0.00	0.00/-23.26	0.00	0.00
688702	盛科通信-U	0	0	0.00	0.00	0.00	0.00	0.00	0.00/-23.26	0.00	0.00
688707	振华新材	0	0	0.00	0.00	0.00	0.00	0.00	0.00/-23.26	0.00	0.00
688708	佳驰科技	0	0	0.00	0.00	0.00	0.00	0.00	0.00/-23.26	0.00	0.00
688710	益诺思	0	0	0.00	0.00	0.00	0.00	0.00	0.00/-23.26	0.00	0.00
688711	宏微科技	0	0	0.00	0.00	0.00	0.00	0.00	0.00/-23.26	0.00	0.00
688712	北芯生命	0	0	0.00	0.00	0.00	0.00	0.00	0.00/-23.26	0.00	0.00
688716	中研股份	0	0	0.00	0.00	0.00	0.00	0.00	0.00/-23.26	0.00	0.00
688717	艾罗能源	0	0	0.00	0.00	0.00	0.00	0.00	0.00/-23.26	0.00	0.00
688718	唯赛勃	0	0	0.00	0.00	0.00	0.00	0.00	0.00/-23.26	0.00	0.00
688719	爱科赛博	0	0	0.00	0.00	0.00	0.00	0.00	0.00/-23.26	0.00	0.00
688720	艾森股份	0	0	0.00	0.00	0.00	0.00	0.00	0.00/-23.26	0.00	0.00
688721	龙图光罩	0	0	0.00	0.00	0.00	0.00	0.00	0.00/-23.26	0.00	0.00
688722	同益中	0	0	0.00	0.00	0.00	0.00	0.00	0.00/-23.26	0.00	0.00
688726	拉普拉斯	0	0	0.00	0.00	0.00	0.00	0.00	0.00/-23.26	0.00	0.00
688727	恒坤新材	0	0	0.00	0.00	0.00	0.00	0.00	0.00/-23.26	0.00	0.00
688728	格科微	0	0	0.00	0.00	0.00	0.00	0.00	0.00/-23.26	0.00	0.00
688729	屹唐股份	0	0	0.00	0.00	0.00	0.00	0.00	0.00/-23.26	0.00	0.00
688733	壹石通	0	0	0.00	0.00	0.00	0.00	0.00	0.00/-23.26	0.00	0.00
688737	中自科技	0	0	0.00	0.00	0.00	0.00	0.00	0.00/-23.26	0.00	0.00
688739	成大生物	0	0	0.00	0.00	0.00	0.00	0.00	0.00/-23.26	0.00	0.00
688750	金天钛业	0	0	0.00	0.00	0.00	0.00	0.00	0.00/-23.26	0.00	0.00
688755	汉邦科技	0	0	0.00	0.00	0.00	0.00	0.00	0.00/-23.26	0.00	0.00
688757	胜科纳米	0	0	0.00	0.00	0.00	0.00	0.00	0.00/-23.26	0.00	0.00
688758	赛分科技	0	0	0.00	0.00	0.00	0.00	0.00	0.00/-23.26	0.00	0.00
688759	必贝特-U	0	0	0.00	0.00	0.00	0.00	0.00	0.00/-23.26	0.00	0.00
688765	禾元生物-U	0	0	0.00	0.00	0.00	0.00	0.00	0.00/-23.26	0.00	0.00
688766	普冉股份	0	0	0.00	0.00	0.00	0.00	0.00	0.00/-23.26	0.00	0.00
688767	博拓生物	0	0	0.00	0.00	0.00	0.00	0.00	0.00/-23.26	0.00	0.00
688768	容知日新	0	0	0.00	0.00	0.00	0.00	0.00	0.00/-23.26	0.00	0.00
688772	珠海冠宇	0	0	0.00	0.00	0.00	0.00	0.00	0.00/-23.26	0.00	0.00
688775	影石创新	0	0	0.00	0.00	0.00	0.00	0.00	0.00/-23.26	0.00	0.00
688776	国光电气	0	0	0.00	0.00	0.00	0.00	0.00	0.00/-23.26	0.00	0.00
688777	中控技术	0	0	0.00	0.00	0.00	0.00	0.00	0.00/-23.26	0.00	0.00
688778	厦钨新能	0	0	0.00	0.00	0.00	0.00	0.00	0.00/-23.26	0.00	0.00
688779	五矿新能	0	0	0.00	0.00	0.00	0.00	0.00	0.00/-23.26	0.00	0.00
688781	视涯科技-UW	0	0	0.00	0.00	0.00	0.00	0.00	0.00/-23.26	0.00	0.00
688783	西安奕材-U	0	0	0.00	0.00	0.00	0.00	0.00	0.00/-23.26	0.00	0.00
688785	恒运昌	0	0	0.00	0.00	0.00	0.00	0.00	0.00/-23.26	0.00	0.00
688786	悦安新材	0	0	0.00	0.00	0.00	0.00	0.00	0.00/-23.26	0.00	0.00
688787	海天瑞声	0	0	0.00	0.00	0.00	0.00	0.00	0.00/-23.26	0.00	0.00
688788	科思科技	0	0	0.00	0.00	0.00	0.00	0.00	0.00/-23.26	0.00	0.00
688789	宏华数科	0	0	0.00	0.00	0.00	0.00	0.00	0.00/-23.26	0.00	0.00
688790	昂瑞微-UW	0	0	0.00	0.00	0.00	0.00	0.00	0.00/-23.26	0.00	0.00
688793	倍轻松	0	0	0.00	0.00	0.00	0.00	0.00	0.00/-23.26	0.00	0.00
688795	摩尔线程-U	0	0	0.00	0.00	0.00	0.00	0.00	0.00/-23.26	0.00	0.00
688796	百奥赛图	0	0	0.00	0.00	0.00	0.00	0.00	0.00/-23.26	0.00	0.00
688797	臻宝科技	0	0	0.00	0.00	0.00	0.00	0.00	0.00/-23.26	0.00	0.00
688798	艾为电子	0	0	0.00	0.00	0.00	0.00	0.00	0.00/-23.26	0.00	0.00
688799	华纳药厂	0	0	0.00	0.00	0.00	0.00	0.00	0.00/-23.26	0.00	0.00
688800	瑞可达	0	0	0.00	0.00	0.00	0.00	0.00	0.00/-23.26	0.00	0.00
688801	燧原科技-U	0	0	0.00	0.00	0.00	0.00	0.00	0.00/-23.26	0.00	0.00
688802	沐曦股份-U	0	0	0.00	0.00	0.00	0.00	0.00	0.00/-23.26	0.00	0.00
688805	健信超导	0	0	0.00	0.00	0.00	0.00	0.00	0.00/-23.26	0.00	0.00
688806	泰诺麦博-U	0	0	0.00	0.00	0.00	0.00	0.00	0.00/-23.26	0.00	0.00
688807	优迅股份	0	0	0.00	0.00	0.00	0.00	0.00	0.00/-23.26	0.00	0.00
688808	联讯仪器	0	0	0.00	0.00	0.00	0.00	0.00	0.00/-23.26	0.00	0.00
688809	强一股份	0	0	0.00	0.00	0.00	0.00	0.00	0.00/-23.26	0.00	0.00
688811	有研复材	0	0	0.00	0.00	0.00	0.00	0.00	0.00/-23.26	0.00	0.00
688813	泰金新能	0	0	0.00	0.00	0.00	0.00	0.00	0.00/-23.26	0.00	0.00
688816	易思维	0	0	0.00	0.00	0.00	0.00	0.00	0.00/-23.26	0.00	0.00
688818	电科蓝天	0	0	0.00	0.00	0.00	0.00	0.00	0.00/-23.26	0.00	0.00
688819	天能股份	0	0	0.00	0.00	0.00	0.00	0.00	0.00/-23.26	0.00	0.00
688820	盛合晶微	0	0	0.00	0.00	0.00	0.00	0.00	0.00/-23.26	0.00	0.00
688825	长鑫科技	0	0	0.00	0.00	0.00	0.00	0.00	0.00/-23.26	0.00	0.00
688826	频准激光	0	0	0.00	0.00	0.00	0.00	0.00	0.00/-23.26	0.00	0.00
688828	国仪公司-U	0	0	0.00	0.00	0.00	0.00	0.00	0.00/-23.26	0.00	0.00
688835	高凯技术	0	0	0.00	0.00	0.00	0.00	0.00	0.00/-23.26	0.00	0.00
688836	宇树科技-W	0	0	0.00	0.00	0.00	0.00	0.00	0.00/-23.26	0.00	0.00
688837	信诺维	0	0	0.00	0.00	0.00	0.00	0.00	0.00/-23.26	0.00	0.00
688981	中芯国际	0	0	0.00	0.00	0.00	0.00	0.00	0.00/-23.26	0.00	0.00
689009	九号公司-WD	0	0	0.00	0.00	0.00	0.00	0.00	0.00/-23.26	0.00	0.00
600728	佳都科技	0	1	0.00	799.07	-2540.31	-0.25	-0.02	-3.00/-23.52	2540.31	0.25
600712	南宁百货	0	1	0.00	797.88	-6525.63	-0.65	-0.04	-6.23/-23.92	6525.63	0.65
300684	中石科技	0	1	0.00	797.59	-7460.84	-0.75	-0.09	-2.92/-24.01	7460.88	0.75
688639	华恒生物	0	1	0.00	797.53	-7647.03	-0.76	-0.14	0.42/-24.03	7647.06	0.76
002767	先锋电子	0	1	0.00	797.30	-8468.38	-0.85	-0.07	-5.35/-24.11	8468.38	0.85
600460	士兰微	0	1	0.00	797.11	-9084.84	-0.91	-0.05	-1.08/-24.17	9084.88	0.91
300383	光环新网	0	1	0.00	796.94	-9664.93	-0.97	-0.08	-3.07/-24.23	9664.94	0.97
301199	迈赫股份	0	1	0.00	796.20	-12121.95	-1.21	-0.25	-10.87/-24.47	12121.94	1.21
601083	锦江航运	0	1	0.00	795.69	-13821.29	-1.38	-0.49	-10.45/-24.64	13821.31	1.38
300739	明阳电路	0	1	0.00	795.59	-14143.59	-1.41	-0.16	-2.66/-24.68	14143.63	1.41
002909	集泰股份	0	1	0.00	795.14	-15652.53	-1.57	-0.18	-1.74/-24.83	15652.50	1.57
603392	万泰生物	0	1	0.00	795.11	-15710.72	-1.57	-0.24	-10.26/-24.83	15710.75	1.57
002171	楚江新材	0	1	0.00	794.92	-16395.78	-1.64	-0.10	-9.08/-24.90	16395.81	1.64
001332	锡装股份	0	1	0.00	794.50	-17691.04	-1.77	-0.44	-0.81/-25.03	17691.06	1.77
300467	迅游科技	1	2	50.00	1597.55	-17830.38	-1.78	-0.16	-4.63/-25.05	21862.13	2.18
000893	亚钾国际	0	1	0.00	794.35	-18290.97	-1.83	-0.11	-2.87/-25.09	18291.00	1.83
600790	轻纺城	0	1	0.00	794.16	-18911.93	-1.89	-0.11	-17.50/-25.15	18911.94	1.89
600108	亚盛集团	0	1	0.00	794.16	-18916.18	-1.89	-0.11	-4.00/-25.15	18916.19	1.89
002346	柘中股份	0	1	0.00	793.52	-21073.22	-2.11	-0.13	-0.27/-25.37	21073.19	2.11
601888	中国中免	1	2	50.00	1549.03	-21280.64	-2.13	-0.13	0.78/-25.39	55300.94	5.53
002371	北方华创	0	1	0.00	792.87	-22845.24	-2.28	-0.14	-2.59/-25.55	22845.25	2.28
002523	天桥起重	0	1	0.00	792.85	-23281.58	-2.33	-0.15	-3.57/-25.59	23281.63	2.33
688209	英集芯	0	1	0.00	792.60	-24095.23	-2.41	-0.54	-0.73/-25.67	24095.25	2.41
002583	海能达	0	1	0.00	792.54	-24287.54	-2.43	-0.16	-2.23/-25.69	24287.56	2.43
300144	宋城演艺	0	1	0.00	792.22	-25369.78	-2.54	-0.16	-2.38/-25.80	25369.81	2.54
600545	卓郎智能	0	1	0.00	792.04	-25989.53	-2.60	-0.16	-0.98/-25.86	25989.56	2.60
600372	中航机载	0	1	0.00	791.40	-28118.63	-2.81	-0.18	-10.04/-26.07	28118.63	2.81
300136	信维通信	1	2	50.00	1607.90	-28380.11	-2.84	-0.18	-5.55/-26.10	49348.50	4.83
002373	千方科技	0	1	0.00	791.22	-28714.75	-2.87	-0.17	-6.95/-26.13	28714.81	2.87
300171	东富龙	0	1	0.00	791.02	-29364.37	-2.94	-0.19	-2.00/-26.20	29364.38	2.94
002079	苏州固锝	0	1	0.00	790.99	-29493.77	-2.95	-0.18	-3.32/-26.21	29493.81	2.95
002017	东信和平	0	1	0.00	790.86	-29910.51	-2.99	-0.18	-4.90/-26.25	29910.50	2.99
002167	东方锆业	0	1	0.00	790.47	-31235.83	-3.12	-0.19	-3.56/-26.39	31235.81	3.12
600872	中炬高新	0	1	0.00	790.25	-31924.85	-3.19	-0.19	1.24/-26.46	31924.88	3.19
605058	澳弘电子	0	1	0.00	790.25	-31936.87	-3.19	-0.54	-5.74/-26.46	31936.88	3.19
002540	亚太科技	0	1	0.00	790.08	-32520.21	-3.25	-0.21	-0.68/-26.51	32520.19	3.25
600088	中视传媒	0	1	0.00	789.92	-33054.91	-3.31	-0.20	5.72/-26.57	33054.94	3.31
603508	思维列控	0	1	0.00	789.73	-33674.05	-3.37	-0.31	-4.65/-26.63	33674.06	3.37
002172	澳洋健康	0	1	0.00	789.72	-33714.33	-3.37	-0.20	-5.81/-26.63	33714.38	3.37
300109	新开源	0	1	0.00	789.44	-34622.76	-3.46	-0.21	-2.33/-26.72	34622.75	3.46
002522	浙江众成	0	1	0.00	789.34	-34992.82	-3.50	-0.22	-4.65/-26.76	34992.81	3.50
601615	明阳智能	0	1	0.00	789.33	-34998.95	-3.50	-0.45	-12.31/-26.76	34998.94	3.50
603026	石大胜华	0	1	0.00	788.83	-36600.42	-3.66	-0.32	-2.38/-26.92	36600.44	3.66
603078	江化微	0	1	0.00	788.62	-37361.70	-3.74	-0.39	-7.20/-27.00	37361.69	3.74
600998	九州通	0	1	0.00	788.55	-37620.91	-3.76	-0.24	-10.01/-27.02	37620.94	3.76
300021	大禹节水	0	1	0.00	788.38	-38191.62	-3.82	-0.23	-5.86/-27.08	38191.63	3.82
300003	乐普医疗	0	1	0.00	788.22	-38674.75	-3.87	-0.23	-5.96/-27.13	38674.75	3.87
000858	五 粮 液	0	1	0.00	787.89	-39202.65	-3.92	-0.23	-2.60/-27.18	39202.63	3.92
001286	陕西能源	0	1	0.00	787.90	-39772.54	-3.98	-1.14	0.18/-27.24	39772.50	3.98
600848	上海临港	0	1	0.00	787.72	-40371.85	-4.04	-0.24	-2.87/-27.30	40371.88	4.04
600643	爱建集团	0	1	0.00	787.70	-40408.36	-4.04	-0.24	-4.57/-27.30	40408.38	4.04
600216	浙江医药	0	1	0.00	787.71	-40430.35	-4.04	-0.24	-5.37/-27.31	40430.31	4.04
002773	康弘药业	0	1	0.00	787.64	-40607.78	-4.06	-0.36	-0.82/-27.32	40607.75	4.06
000938	紫光股份	0	1	0.00	787.27	-41826.94	-4.18	-0.25	-8.27/-27.45	41826.94	4.18
002204	大连重工	0	1	0.00	787.24	-41987.89	-4.20	-0.25	-8.50/-27.46	41987.88	4.20
688601	力芯微	0	1	0.00	786.60	-44103.90	-4.41	-0.84	-5.43/-27.67	44103.94	4.41
688213	思特威-W	0	1	0.00	786.10	-45777.29	-4.58	-1.05	-6.37/-27.84	45777.31	4.58
000957	中通客车	0	1	0.00	785.95	-46291.58	-4.63	-0.28	-1.68/-27.89	46291.56	4.63
600770	综艺股份	0	1	0.00	785.79	-46815.23	-4.68	-0.28	-6.47/-27.94	46815.25	4.68
600737	中粮糖业	0	1	0.00	785.40	-48107.39	-4.81	-0.29	-1.01/-28.07	48107.38	4.81
600408	安泰集团	0	1	0.00	785.32	-48380.58	-4.84	-0.29	-9.46/-28.10	48380.56	4.84
603466	风语筑	0	1	0.00	785.30	-48466.19	-4.85	-0.54	-5.39/-28.11	48466.19	4.85
603871	嘉友国际	0	1	0.00	785.18	-48837.68	-4.88	-0.56	-3.32/-28.15	48837.69	4.88
600151	航天机电	1	2	50.00	1613.85	-48900.26	-4.89	-0.29	-9.13/-28.15	84971.31	8.20
300248	新开普	0	1	0.00	785.03	-49360.33	-4.94	-0.33	-1.57/-28.20	49360.31	4.94
003043	华亚智能	0	1	0.00	785.00	-49413.65	-4.94	-0.90	-6.57/-28.20	49413.63	4.94
600288	大恒科技	0	1	0.00	784.42	-51351.94	-5.14	-0.31	-4.31/-28.40	51351.94	5.14
603565	中谷物流	0	2	0.00	1548.84	-51949.66	-5.19	-0.86	-9.22/-28.46	51949.69	5.19
002277	友阿股份	0	1	0.00	784.09	-52482.32	-5.25	-0.31	-5.40/-28.51	52482.31	5.25
301155	海力风电	0	1	0.00	783.93	-52923.36	-5.29	-1.09	-4.35/-28.56	52923.38	5.29
002311	海大集团	0	1	0.00	783.81	-53287.22	-5.33	-0.32	-3.33/-28.59	53287.19	5.33
002669	康达新材	0	1	0.00	783.24	-55300.87	-5.53	-0.38	-4.73/-28.79	55300.88	5.53
002097	山河智能	0	1	0.00	783.12	-55700.56	-5.57	-0.33	-18.29/-28.83	55700.56	5.57
002296	辉煌科技	0	1	0.00	783.12	-55718.35	-5.57	-0.33	-10.62/-28.83	55718.38	5.57
600478	科力远	0	1	0.00	783.11	-55755.39	-5.58	-0.33	-7.37/-28.84	55755.44	5.58
300571	平治信息	0	1	0.00	782.97	-56166.26	-5.62	-0.57	-8.11/-28.88	56166.31	5.62
600961	株冶集团	0	1	0.00	782.98	-56170.83	-5.62	-0.34	-5.30/-28.88	56170.88	5.62
300225	金力泰	0	1	0.00	782.91	-56411.83	-5.64	-0.37	-4.13/-28.90	56411.88	5.64
001316	润贝航科	0	1	0.00	782.91	-56417.76	-5.64	-1.32	-4.97/-28.90	56417.81	5.64
301158	德石股份	0	1	0.00	782.87	-56533.96	-5.65	-1.20	-11.97/-28.92	56534.00	5.65
000905	厦门港务	0	1	0.00	782.79	-56818.67	-5.68	-0.34	-5.77/-28.94	56818.69	5.68
600651	飞乐音响	0	1	0.00	782.50	-57771.33	-5.78	-0.34	-8.07/-29.04	57771.31	5.78
002421	达实智能	0	1	0.00	782.16	-58892.41	-5.89	-0.36	-6.45/-29.15	58892.44	5.89
688351	微电生理	0	1	0.00	782.09	-59101.40	-5.91	-1.45	-4.74/-29.17	59101.44	5.91
688173	希荻微	0	1	0.00	781.77	-60184.59	-6.02	-1.28	-6.14/-29.28	60184.56	6.02
600252	中恒集团	0	1	0.00	781.74	-60300.18	-6.03	-0.36	-10.57/-29.29	60300.19	6.03
600982	宁波能源	0	1	0.00	781.50	-61096.07	-6.11	-0.36	-9.36/-29.37	61096.06	6.11
300357	我武生物	0	1	0.00	781.43	-61296.37	-6.13	-0.48	-7.50/-29.39	61296.38	6.13
300989	蕾奥规划	0	1	0.00	780.64	-63963.51	-6.40	-1.18	-6.23/-29.66	63963.50	6.40
600138	中青旅	0	1	0.00	780.56	-64252.27	-6.43	-0.38	-4.75/-29.69	64252.25	6.43
600645	中源协和	0	1	0.00	780.48	-64461.71	-6.45	-0.38	-4.92/-29.71	64461.75	6.45
000039	中集集团	1	2	50.00	1584.49	-65417.42	-6.54	-0.39	-8.62/-29.80	70973.94	7.06
300440	运达科技	0	1	0.00	780.03	-66010.21	-6.60	-0.58	-7.65/-29.86	66010.19	6.60
002162	悦心健康	0	1	0.00	779.88	-66506.63	-6.65	-0.40	-6.17/-29.91	66506.63	6.65
000795	英洛华	0	1	0.00	779.74	-66982.41	-6.70	-0.40	-7.10/-29.96	66982.44	6.70
600486	XD扬农化	0	1	0.00	779.68	-67000.08	-6.70	-0.40	-6.34/-29.96	67000.00	6.70
300308	中际旭创	0	1	0.00	779.49	-67823.30	-6.78	-0.47	-3.41/-30.05	67823.31	6.78
600800	渤海化学	0	1	0.00	779.28	-68512.20	-6.85	-0.41	-6.17/-30.11	68512.19	6.85
002108	沧州明珠	0	1	0.00	778.92	-69709.86	-6.97	-0.42	-6.29/-30.23	69709.88	6.97
600105	永鼎股份	0	1	0.00	778.90	-69762.52	-6.98	-0.42	-7.22/-30.24	69762.50	6.98
000969	安泰科技	0	1	0.00	778.54	-70955.73	-7.10	-0.42	-5.25/-30.36	70955.75	7.10
000823	超声电子	0	1	0.00	778.29	-71808.68	-7.18	-0.43	-4.56/-30.44	71808.69	7.18
002465	海格通信	0	1	0.00	777.92	-73030.53	-7.30	-0.45	-2.95/-30.57	73030.56	7.30
300285	国瓷材料	1	2	50.00	1508.32	-73514.76	-7.35	-0.50	-15.35/-30.61	86589.56	8.66
600435	北方导航	0	1	0.00	777.60	-74112.74	-7.41	-0.44	-7.30/-30.67	74112.75	7.41
600348	华阳股份	0	1	0.00	777.56	-74241.46	-7.42	-0.44	-8.81/-30.69	74241.44	7.42
002041	登海种业	0	1	0.00	777.41	-74734.48	-7.47	-0.45	-0.70/-30.74	74734.50	7.47
600668	尖峰集团	0	1	0.00	777.40	-74759.40	-7.48	-0.45	-5.89/-30.74	74759.38	7.48
603083	剑桥科技	0	1	0.00	777.33	-74919.08	-7.49	-0.84	-5.43/-30.75	74919.13	7.49
000705	浙江震元	0	1	0.00	777.33	-74979.33	-7.50	-0.45	-20.87/-30.76	74979.31	7.50
603298	杭叉集团	0	1	0.00	777.16	-75520.06	-7.55	-0.77	-6.13/-30.81	75520.06	7.55
603881	数据港	0	1	0.00	776.93	-76246.95	-7.62	-0.79	-8.97/-30.89	76246.94	7.62
002271	东方雨虹	0	1	0.00	776.73	-76991.00	-7.70	-0.46	3.55/-30.96	76991.00	7.70
688191	智洋创新	0	1	0.00	776.57	-77495.01	-7.75	-1.41	-7.31/-31.01	77495.00	7.75
000701	厦门信达	0	1	0.00	776.40	-78089.30	-7.81	-0.47	-1.92/-31.07	78089.25	7.81
688188	柏楚电子	0	1	0.00	775.87	-79782.26	-7.98	-1.12	-7.04/-31.24	79782.25	7.98
300988	津荣天宇	0	1	0.00	774.89	-83124.64	-8.31	-1.54	-8.16/-31.58	83124.63	8.31
600609	金杯汽车	0	1	0.00	774.73	-83682.40	-8.37	-0.50	-8.38/-31.63	83682.44	8.37
000571	新大洲A	0	1	0.00	773.95	-86245.68	-8.62	-0.51	-8.63/-31.89	86245.69	8.62
600973	宝胜股份	0	2	0.00	1535.14	-86346.36	-8.63	-0.52	-17.82/-31.90	86346.38	8.63
600653	申华控股	0	1	0.00	773.67	-87216.85	-8.72	-0.52	-8.73/-31.98	87216.88	8.72
002090	金智科技	0	1	0.00	772.88	-89818.58	-8.98	-0.54	-11.14/-32.24	89818.56	8.98
600153	建发股份	0	2	0.00	1545.83	-92007.13	-9.20	-0.55	-12.29/-32.46	92007.19	9.20
600783	鲁信创投	0	1	0.00	771.98	-92811.65	-9.28	-0.55	-4.48/-32.54	92811.69	9.28
002916	深南电路	0	1	0.00	771.77	-93379.16	-9.34	-1.06	-10.18/-32.60	93379.19	9.34
000862	银星能源	0	1	0.00	771.80	-93440.59	-9.34	-0.56	-1.85/-32.61	93440.63	9.34
600330	天通股份	0	1	0.00	771.75	-93588.63	-9.36	-0.56	-9.54/-32.62	93588.63	9.36
300632	光莆股份	0	1	0.00	771.59	-94090.61	-9.41	-0.99	-6.44/-32.67	94090.63	9.41
600522	中天科技	0	2	0.00	1528.93	-94754.39	-9.48	-0.57	-8.15/-32.74	94754.31	9.48
002170	芭田股份	0	1	0.00	771.34	-94954.20	-9.50	-0.57	-5.92/-32.76	94954.19	9.50
300627	华测导航	0	1	0.00	770.85	-96608.54	-9.66	-1.01	-5.12/-32.92	96608.56	9.66
000988	华工科技	0	1	0.00	770.66	-97203.81	-9.72	-0.58	1.03/-32.98	97203.81	9.72
300304	云意电气	0	1	0.00	769.03	-102665.06	-10.27	-0.71	-9.43/-33.53	102665.00	10.27
600838	上海九百	0	1	0.00	767.85	-106596.94	-10.66	-0.64	-9.58/-33.92	106597.00	10.66
000935	四川双马	0	1	0.00	767.42	-107982.88	-10.80	-0.64	-6.58/-34.06	107982.88	10.80
300796	贝斯美	0	1	0.00	765.22	-115364.93	-11.54	-1.68	-12.75/-34.80	115364.94	11.54
688005	容百科技	0	1	0.00	763.67	-120456.72	-12.05	-1.67	-10.56/-35.31	120456.75	12.05
300012	华测检测	0	2	0.00	1500.20	-120652.46	-12.07	-0.72	-5.07/-35.33	120652.50	12.07
